Accel-Sim [build accelsim-commit-3baec10_modified_6.0_25-06-09-03-35-29]

        *** GPGPU-Sim Simulator Version 4.2.0  [build gpgpu-sim_git-commit-3baec10_modified_6.0.] ***


GPGPU-Sim: Configuration options:

-save_embedded_ptx                      0 # saves ptx files embedded in binary as <n>.ptx
-keep                                   0 # keep intermediate files created by GPGPU-Sim when interfacing with external programs
-gpgpu_ptx_save_converted_ptxplus                    0 # Saved converted ptxplus to a file
-gpgpu_occupancy_sm_number                   70 # The SM number to pass to ptxas when getting register usage for computing GPU occupancy. This parameter is required in the config.
-ptx_opcode_latency_int      4,13,4,5,145,21 # Opcode latencies for integers <ADD,MAX,MUL,MAD,DIV,SHFL>Default 1,1,19,25,145,32
-ptx_opcode_latency_fp          4,13,4,5,39 # Opcode latencies for single precision floating points <ADD,MAX,MUL,MAD,DIV>Default 1,1,1,1,30
-ptx_opcode_latency_dp         8,19,8,8,330 # Opcode latencies for double precision floating points <ADD,MAX,MUL,MAD,DIV>Default 8,8,8,8,335
-ptx_opcode_latency_sfu                  100 # Opcode latencies for SFU instructionsDefault 8
-ptx_opcode_latency_tesnor                   64 # Opcode latencies for Tensor instructionsDefault 64
-ptx_opcode_initiation_int          2,2,2,2,8,4 # Opcode initiation intervals for integers <ADD,MAX,MUL,MAD,DIV,SHFL>Default 1,1,4,4,32,4
-ptx_opcode_initiation_fp            2,2,2,2,4 # Opcode initiation intervals for single precision floating points <ADD,MAX,MUL,MAD,DIV>Default 1,1,1,1,5
-ptx_opcode_initiation_dp          4,4,4,4,130 # Opcode initiation intervals for double precision floating points <ADD,MAX,MUL,MAD,DIV>Default 8,8,8,8,130
-ptx_opcode_initiation_sfu                    8 # Opcode initiation intervals for sfu instructionsDefault 8
-ptx_opcode_initiation_tensor                   64 # Opcode initiation intervals for tensor instructionsDefault 64
-cdp_latency         7200,8000,100,12000,1600 # CDP API latency <cudaStreamCreateWithFlags, cudaGetParameterBufferV2_init_perWarp, cudaGetParameterBufferV2_perKernel, cudaLaunchDeviceV2_init_perWarp, cudaLaunchDevicV2_perKernel>Default 7200,8000,100,12000,1600
-network_mode                           2 # Interconnection network mode
-inter_config_file                   mesh # Interconnection network config file
-icnt_in_buffer_limit                  512 # in_buffer_limit
-icnt_out_buffer_limit                  512 # out_buffer_limit
-icnt_subnets                           2 # subnets
-icnt_arbiter_algo                      1 # arbiter_algo
-icnt_verbose                           0 # inct_verbose
-icnt_grant_cycles                      1 # grant_cycles
-gpgpu_ptx_use_cuobjdump                    1 # Use cuobjdump to extract ptx and sass from binaries
-gpgpu_experimental_lib_support                    0 # Try to extract code from cuda libraries [Broken because of unknown cudaGetExportTable]
-checkpoint_option                      0 #  checkpointing flag (0 = no checkpoint)
-checkpoint_kernel                      1 #  checkpointing during execution of which kernel (1- 1st kernel)
-checkpoint_CTA                         0 #  checkpointing after # of CTA (< less than total CTA)
-resume_option                          0 #  resume flag (0 = no resume)
-resume_kernel                          0 #  Resume from which kernel (1= 1st kernel)
-resume_CTA                             0 #  resume from which CTA 
-checkpoint_CTA_t                       0 #  resume from which CTA 
-checkpoint_insn_Y                      0 #  resume from which CTA 
-gpgpu_ptx_convert_to_ptxplus                    0 # Convert SASS (native ISA) to ptxplus and run ptxplus
-gpgpu_ptx_force_max_capability                   70 # Force maximum compute capability
-gpgpu_ptx_inst_debug_to_file                    0 # Dump executed instructions' debug information to file
-gpgpu_ptx_inst_debug_file       inst_debug.txt # Executed instructions' debug output file
-gpgpu_ptx_inst_debug_thread_uid                    1 # Thread UID for executed instructions' debug output
-gpgpu_simd_model                       1 # 1 = post-dominator
-gpgpu_shader_core_pipeline              2048:32 # shader core pipeline config, i.e., {<nthread>:<warpsize>}
-gpgpu_tex_cache:l1  N:4:128:256,L:R:m:N:L,T:512:8,128:2 # per-shader L1 texture cache  (READ-ONLY) config  {<nsets>:<bsize>:<assoc>,<rep>:<wr>:<alloc>:<wr_alloc>,<mshr>:<N>:<merge>,<mq>:<rf>}
-gpgpu_const_cache:l1 N:128:64:8,L:R:f:N:L,S:2:64,4 # per-shader L1 constant memory cache  (READ-ONLY) config  {<nsets>:<bsize>:<assoc>,<rep>:<wr>:<alloc>:<wr_alloc>,<mshr>:<N>:<merge>,<mq>} 
-gpgpu_cache:il1     N:64:128:16,L:R:f:N:L,S:2:48,4 # shader L1 instruction cache config  {<sector?>:<nsets>:<bsize>:<assoc>,<rep>:<wr>:<alloc>:<wr_alloc>:<set_index_fn>,<mshr>:<N>:<merge>,<mq>} 
-gpgpu_cache:dl1     S:4:128:64,L:T:m:L:L,A:512:8,16:0,32 # per-shader L1 data cache config  {<sector?>:<nsets>:<bsize>:<assoc>,<rep>:<wr>:<alloc>:<wr_alloc>:<set_index_fn>,<mshr>:<N>:<merge>,<mq>:<fifo_entry>,<data_port_width> | none}
-gpgpu_l1_cache_write_ratio                   25 # L1D write ratio
-gpgpu_l1_banks                         4 # The number of L1 cache banks
-gpgpu_l1_banks_byte_interleaving                   32 # l1 banks byte interleaving granularity
-gpgpu_l1_banks_hashing_function                    0 # l1 banks hashing function
-gpgpu_l1_latency                      20 # L1 Hit Latency
-gpgpu_smem_latency                    20 # smem Latency
-gpgpu_cache:dl1PrefL1                 none # per-shader L1 data cache config  {<sector?>:<nsets>:<bsize>:<assoc>,<rep>:<wr>:<alloc>:<wr_alloc>:<set_index_fn>,<mshr>:<N>:<merge>,<mq>:<fifo_entry>,<data_port_width> | none}
-gpgpu_cache:dl1PrefShared                 none # per-shader L1 data cache config  {<sector?>:<nsets>:<bsize>:<assoc>,<rep>:<wr>:<alloc>:<wr_alloc>:<set_index_fn>,<mshr>:<N>:<merge>,<mq>:<fifo_entry>,<data_port_width> | none}
-gpgpu_gmem_skip_L1D                    0 # global memory access skip L1D cache (implements -Xptxas -dlcm=cg, default=no skip)
-gpgpu_perfect_mem                      0 # enable perfect memory mode (no cache miss)
-n_regfile_gating_group                    4 # group of lanes that should be read/written together)
-gpgpu_clock_gated_reg_file                    0 # enable clock gated reg file for power calculations
-gpgpu_clock_gated_lanes                    1 # enable clock gated lanes for power calculations
-gpgpu_shader_registers                65536 # Number of registers per shader core. Limits number of concurrent CTAs. (default 8192)
-gpgpu_registers_per_block                65536 # Maximum number of registers per CTA. (default 8192)
-gpgpu_ignore_resources_limitation                    0 # gpgpu_ignore_resources_limitation (default 0)
-gpgpu_shader_cta                      32 # Maximum number of concurrent CTAs in shader (default 32)
-gpgpu_num_cta_barriers                   16 # Maximum number of named barriers per CTA (default 16)
-gpgpu_n_clusters                      80 # number of processing clusters
-gpgpu_n_cores_per_cluster                    1 # number of simd cores per cluster
-gpgpu_n_cluster_ejection_buffer_size                   32 # number of packets in ejection buffer
-gpgpu_n_ldst_response_buffer_size                    2 # number of response packets in ld/st unit ejection buffer
-gpgpu_shmem_per_block                65536 # Size of shared memory per thread block or CTA (default 48kB)
-gpgpu_shmem_size                   98304 # Size of shared memory per shader core (default 16kB)
-gpgpu_shmem_option       0,8,16,32,64,96 # Option list of shared memory sizes
-gpgpu_unified_l1d_size                  128 # Size of unified data cache(L1D + shared memory) in KB
-gpgpu_adaptive_cache_config                    1 # adaptive_cache_config
-gpgpu_shmem_sizeDefault                98304 # Size of shared memory per shader core (default 16kB)
-gpgpu_shmem_size_PrefL1                16384 # Size of shared memory per shader core (default 16kB)
-gpgpu_shmem_size_PrefShared                16384 # Size of shared memory per shader core (default 16kB)
-gpgpu_shmem_num_banks                   32 # Number of banks in the shared memory in each shader core (default 16)
-gpgpu_shmem_limited_broadcast                    0 # Limit shared memory to do one broadcast per cycle (default on)
-gpgpu_shmem_warp_parts                    1 # Number of portions a warp is divided into for shared memory bank conflict check 
-gpgpu_mem_unit_ports                    1 # The number of memory transactions allowed per core cycle
-gpgpu_shmem_warp_parts                    1 # Number of portions a warp is divided into for shared memory bank conflict check 
-gpgpu_warpdistro_shader                   -1 # Specify which shader core to collect the warp size distribution from
-gpgpu_warp_issue_shader                    0 # Specify which shader core to collect the warp issue distribution from
-gpgpu_local_mem_map                    1 # Mapping from local memory space address to simulated GPU physical address space (default = enabled)
-gpgpu_num_reg_banks                   16 # Number of register banks (default = 8)
-gpgpu_reg_bank_use_warp_id                    0 # Use warp ID in mapping registers to banks (default = off)
-gpgpu_sub_core_model                    1 # Sub Core Volta/Pascal model (default = off)
-gpgpu_enable_specialized_operand_collector                    0 # enable_specialized_operand_collector
-gpgpu_operand_collector_num_units_sp                    4 # number of collector units (default = 4)
-gpgpu_operand_collector_num_units_dp                    0 # number of collector units (default = 0)
-gpgpu_operand_collector_num_units_sfu                    4 # number of collector units (default = 4)
-gpgpu_operand_collector_num_units_int                    0 # number of collector units (default = 0)
-gpgpu_operand_collector_num_units_tensor_core                    4 # number of collector units (default = 4)
-gpgpu_operand_collector_num_units_mem                    2 # number of collector units (default = 2)
-gpgpu_operand_collector_num_units_gen                    8 # number of collector units (default = 0)
-gpgpu_operand_collector_num_in_ports_sp                    1 # number of collector unit in ports (default = 1)
-gpgpu_operand_collector_num_in_ports_dp                    0 # number of collector unit in ports (default = 0)
-gpgpu_operand_collector_num_in_ports_sfu                    1 # number of collector unit in ports (default = 1)
-gpgpu_operand_collector_num_in_ports_int                    0 # number of collector unit in ports (default = 0)
-gpgpu_operand_collector_num_in_ports_tensor_core                    1 # number of collector unit in ports (default = 1)
-gpgpu_operand_collector_num_in_ports_mem                    1 # number of collector unit in ports (default = 1)
-gpgpu_operand_collector_num_in_ports_gen                    8 # number of collector unit in ports (default = 0)
-gpgpu_operand_collector_num_out_ports_sp                    1 # number of collector unit in ports (default = 1)
-gpgpu_operand_collector_num_out_ports_dp                    0 # number of collector unit in ports (default = 0)
-gpgpu_operand_collector_num_out_ports_sfu                    1 # number of collector unit in ports (default = 1)
-gpgpu_operand_collector_num_out_ports_int                    0 # number of collector unit in ports (default = 0)
-gpgpu_operand_collector_num_out_ports_tensor_core                    1 # number of collector unit in ports (default = 1)
-gpgpu_operand_collector_num_out_ports_mem                    1 # number of collector unit in ports (default = 1)
-gpgpu_operand_collector_num_out_ports_gen                    8 # number of collector unit in ports (default = 0)
-gpgpu_coalesce_arch                   70 # Coalescing arch (GT200 = 13, Fermi = 20)
-gpgpu_num_sched_per_core                    4 # Number of warp schedulers per core
-gpgpu_max_insn_issue_per_warp                    1 # Max number of instructions that can be issued per warp in one cycle by scheduler (either 1 or 2)
-gpgpu_dual_issue_diff_exec_units                    1 # should dual issue use two different execution unit resources (Default = 1)
-gpgpu_simt_core_sim_order                    1 # Select the simulation order of cores in a cluster (0=Fix, 1=Round-Robin)
-gpgpu_pipeline_widths 4,4,4,4,4,4,4,4,4,4,8,4,4 # Pipeline widths ID_OC_SP,ID_OC_DP,ID_OC_INT,ID_OC_SFU,ID_OC_MEM,OC_EX_SP,OC_EX_DP,OC_EX_INT,OC_EX_SFU,OC_EX_MEM,EX_WB,ID_OC_TENSOR_CORE,OC_EX_TENSOR_CORE
-gpgpu_tensor_core_avail                    1 # Tensor Core Available (default=0)
-gpgpu_num_sp_units                     4 # Number of SP units (default=1)
-gpgpu_num_dp_units                     4 # Number of DP units (default=0)
-gpgpu_num_int_units                    4 # Number of INT units (default=0)
-gpgpu_num_sfu_units                    4 # Number of SF units (default=1)
-gpgpu_num_tensor_core_units                    4 # Number of tensor_core units (default=1)
-gpgpu_num_mem_units                    1 # Number if ldst units (default=1) WARNING: not hooked up to anything
-gpgpu_scheduler                      lrr # Scheduler configuration: < lrr | gto | two_level_active > If two_level_active:<num_active_warps>:<inner_prioritization>:<outer_prioritization>For complete list of prioritization values see shader.h enum scheduler_prioritization_typeDefault: gto
-gpgpu_concurrent_kernel_sm                    0 # Support concurrent kernels on a SM (default = disabled)
-gpgpu_perfect_inst_const_cache                    0 # perfect inst and const cache mode, so all inst and const hits in the cache(default = disabled)
-gpgpu_inst_fetch_throughput                    4 # the number of fetched intruction per warp each cycle
-gpgpu_reg_file_port_throughput                    2 # the number ports of the register file
-specialized_unit_1         1,4,4,4,4,BRA # specialized unit config {<enabled>,<num_units>:<latency>:<initiation>,<ID_OC_SPEC>:<OC_EX_SPEC>,<NAME>}
-specialized_unit_2       1,4,200,4,4,TEX # specialized unit config {<enabled>,<num_units>:<latency>:<initiation>,<ID_OC_SPEC>:<OC_EX_SPEC>,<NAME>}
-specialized_unit_3      1,4,8,4,4,TENSOR # specialized unit config {<enabled>,<num_units>:<latency>:<initiation>,<ID_OC_SPEC>:<OC_EX_SPEC>,<NAME>}
-specialized_unit_4         0,4,4,4,4,BRA # specialized unit config {<enabled>,<num_units>:<latency>:<initiation>,<ID_OC_SPEC>:<OC_EX_SPEC>,<NAME>}
-specialized_unit_5         0,4,4,4,4,BRA # specialized unit config {<enabled>,<num_units>:<latency>:<initiation>,<ID_OC_SPEC>:<OC_EX_SPEC>,<NAME>}
-specialized_unit_6         0,4,4,4,4,BRA # specialized unit config {<enabled>,<num_units>:<latency>:<initiation>,<ID_OC_SPEC>:<OC_EX_SPEC>,<NAME>}
-specialized_unit_7         0,4,4,4,4,BRA # specialized unit config {<enabled>,<num_units>:<latency>:<initiation>,<ID_OC_SPEC>:<OC_EX_SPEC>,<NAME>}
-specialized_unit_8         0,4,4,4,4,BRA # specialized unit config {<enabled>,<num_units>:<latency>:<initiation>,<ID_OC_SPEC>:<OC_EX_SPEC>,<NAME>}
-gpgpu_perf_sim_memcpy                    1 # Fill the L2 cache on memcpy
-gpgpu_simple_dram_model                    0 # simple_dram_model with fixed latency and BW
-gpgpu_dram_scheduler                    1 # 0 = fifo, 1 = FR-FCFS (defaul)
-gpgpu_dram_partition_queues          64:64:64:64 # i2$:$2d:d2$:$2i
-l2_ideal                               0 # Use a ideal L2 cache that always hit
-gpgpu_cache:dl2     S:32:128:24,L:B:m:L:P,A:192:4,32:0,32 # unified banked L2 data cache config  {<sector?>:<nsets>:<bsize>:<assoc>,<rep>:<wr>:<alloc>:<wr_alloc>:<set_index_fn>,<mshr>:<N>:<merge>,<mq>:<fifo_entry>,<data_port_width>
-gpgpu_cache:dl2_texture_only                    0 # L2 cache used for texture only
-gpgpu_n_mem                           32 # number of memory modules (e.g. memory controllers) in gpu
-gpgpu_n_sub_partition_per_mchannel                    2 # number of memory subpartition in each memory module
-gpgpu_n_mem_per_ctrlr                    1 # number of memory chips per memory controller
-gpgpu_memlatency_stat                   14 # track and display latency statistics 0x2 enables MC, 0x4 enables queue logs
-gpgpu_frfcfs_dram_sched_queue_size                   64 # 0 = unlimited (default); # entries per chip
-gpgpu_dram_return_queue_size                  192 # 0 = unlimited (default); # entries per chip
-gpgpu_dram_buswidth                   16 # default = 4 bytes (8 bytes per cycle at DDR)
-gpgpu_dram_burst_length                    2 # Burst length of each DRAM request (default = 4 data bus cycle)
-dram_data_command_freq_ratio                    2 # Frequency ratio between DRAM data bus and command bus (default = 2 times, i.e. DDR)
-gpgpu_dram_timing_opt nbk=16:CCD=1:RRD=3:RCD=12:RAS=28:RP=12:RC=40: CL=12:WL=2:CDLR=3:WR=10:nbkgrp=4:CCDL=2:RTPL=3 # DRAM timing parameters = {nbk:tCCD:tRRD:tRCD:tRAS:tRP:tRC:CL:WL:tCDLR:tWR:nbkgrp:tCCDL:tRTPL}
-gpgpu_l2_rop_latency                  160 # ROP queue latency (default 85)
-l2_instr_verif_lat                   200 # L2 instruction verification latency (default 0)
-dram_latency                         100 # DRAM latency (default 30)
-dram_instr_verif_lat                    0 # DRAM instruction verification latency (default 0)
-dram_dual_bus_interface                    1 # dual_bus_interface (default = 0) 
-dram_bnk_indexing_policy                    0 # dram_bnk_indexing_policy (0 = normal indexing, 1 = Xoring with the higher bits) (Default = 0)
-dram_bnkgrp_indexing_policy                    1 # dram_bnkgrp_indexing_policy (0 = take higher bits, 1 = take lower bits) (Default = 0)
-dram_seperate_write_queue_enable                    0 # Seperate_Write_Queue_Enable
-dram_write_queue_size             32:28:16 # Write_Queue_Size
-dram_elimnate_rw_turnaround                    0 # elimnate_rw_turnaround i.e set tWTR and tRTW = 0
-icnt_flit_size                        40 # icnt_flit_size
-SST_mode                               0 # SST mode
-gpgpu_mem_addr_mapping dramid@8;00000000.00000000.00000000.00000000.0000RRRR.RRRRRRRR.RBBBCCCB.CCCSSSSS # mapping memory address to dram model {dramid@<start bit>;<memory address map>}
-gpgpu_mem_addr_test                    0 # run sweep test to check address mapping for aliased address
-gpgpu_mem_address_mask                    1 # 0 = old addressing mask, 1 = new addressing mask, 2 = new add. mask + flipped bank sel and chip sel bits
-gpgpu_memory_partition_indexing                    2 # 0 = no indexing, 1 = bitwise xoring, 2 = IPoly, 3 = custom indexing
-accelwattch_xml_file accelwattch_sass_sim.xml # AccelWattch XML file
-power_simulation_enabled                    0 # Turn on power simulator (1=On, 0=Off)
-power_per_cycle_dump                    0 # Dump detailed power output each cycle
-hw_perf_file_name            hw_perf.csv # Hardware Performance Statistics file
-hw_perf_bench_name                       # Kernel Name in Hardware Performance Statistics file
-power_simulation_mode                    0 # Switch performance counter input for power simulation (0=Sim, 1=HW, 2=HW-Sim Hybrid)
-dvfs_enabled                           0 # Turn on DVFS for power model
-aggregate_power_stats                    0 # Accumulate power across all kernels
-accelwattch_hybrid_perfsim_L1_RH                    0 # Get L1 Read Hits for Accelwattch-Hybrid from Accel-Sim
-accelwattch_hybrid_perfsim_L1_RM                    0 # Get L1 Read Misses for Accelwattch-Hybrid from Accel-Sim
-accelwattch_hybrid_perfsim_L1_WH                    0 # Get L1 Write Hits for Accelwattch-Hybrid from Accel-Sim
-accelwattch_hybrid_perfsim_L1_WM                    0 # Get L1 Write Misses for Accelwattch-Hybrid from Accel-Sim
-accelwattch_hybrid_perfsim_L2_RH                    0 # Get L2 Read Hits for Accelwattch-Hybrid from Accel-Sim
-accelwattch_hybrid_perfsim_L2_RM                    0 # Get L2 Read Misses for Accelwattch-Hybrid from Accel-Sim
-accelwattch_hybrid_perfsim_L2_WH                    0 # Get L2 Write Hits for Accelwattch-Hybrid from Accel-Sim
-accelwattch_hybrid_perfsim_L2_WM                    0 # Get L2 Write Misses for Accelwattch-Hybrid from Accel-Sim
-accelwattch_hybrid_perfsim_CC_ACC                    0 # Get Constant Cache Acesses for Accelwattch-Hybrid from Accel-Sim
-accelwattch_hybrid_perfsim_SHARED_ACC                    0 # Get Shared Memory Acesses for Accelwattch-Hybrid from Accel-Sim
-accelwattch_hybrid_perfsim_DRAM_RD                    0 # Get DRAM Reads for Accelwattch-Hybrid from Accel-Sim
-accelwattch_hybrid_perfsim_DRAM_WR                    0 # Get DRAM Writes for Accelwattch-Hybrid from Accel-Sim
-accelwattch_hybrid_perfsim_NOC                    0 # Get Interconnect Acesses for Accelwattch-Hybrid from Accel-Sim
-accelwattch_hybrid_perfsim_PIPE_DUTY                    0 # Get Pipeline Duty Cycle Acesses for Accelwattch-Hybrid from Accel-Sim
-accelwattch_hybrid_perfsim_NUM_SM_IDLE                    0 # Get Number of Idle SMs for Accelwattch-Hybrid from Accel-Sim
-accelwattch_hybrid_perfsim_CYCLES                    0 # Get Executed Cycles for Accelwattch-Hybrid from Accel-Sim
-accelwattch_hybrid_perfsim_VOLTAGE                    0 # Get Chip Voltage for Accelwattch-Hybrid from Accel-Sim
-power_trace_enabled                    0 # produce a file for the power trace (1=On, 0=Off)
-power_trace_zlevel                     6 # Compression level of the power trace output log (0=no comp, 9=highest)
-steady_power_levels_enabled                    0 # produce a file for the steady power levels (1=On, 0=Off)
-steady_state_definition                  8:4 # allowed deviation:number of samples
-gpgpu_max_cycle                        0 # terminates gpu simulation early (0 = no limit)
-gpgpu_max_insn                         0 # terminates gpu simulation early (0 = no limit)
-gpgpu_max_cta                          0 # terminates gpu simulation early (0 = no limit)
-gpgpu_max_completed_cta                    0 # terminates gpu simulation early (0 = no limit)
-gpgpu_runtime_stat                   500 # display runtime statistics such as dram utilization {<freq>:<flag>}
-liveness_message_freq                    1 # Minimum number of seconds between simulation liveness messages (0 = always print)
-gpgpu_compute_capability_major                    7 # Major compute capability version number
-gpgpu_compute_capability_minor                    0 # Minor compute capability version number
-gpgpu_flush_l1_cache                    1 # Flush L1 cache at the end of each kernel call
-gpgpu_flush_l2_cache                    0 # Flush L2 cache at the end of each kernel call
-gpgpu_deadlock_detect                    0 # Stop the simulation at deadlock (1=on (default), 0=off)
-gpgpu_ptx_instruction_classification                    0 # if enabled will classify ptx instruction types per kernel (Max 255 kernels now)
-gpgpu_ptx_sim_mode                     0 # Select between Performance (default) or Functional simulation (1)
-gpgpu_clock_domains 1132.0:1132.0:1132.0:850.0 # Clock Domain Frequencies in MhZ {<Core Clock>:<ICNT Clock>:<L2 Clock>:<DRAM Clock>}
-gpgpu_max_concurrent_kernel                  128 # maximum kernels that can run concurrently on GPU, set this value according to max resident grids for your compute capability
-gpgpu_cflog_interval                    0 # Interval between each snapshot in control flow logger
-visualizer_enabled                     0 # Turn on visualizer output (1=On, 0=Off)
-visualizer_outputfile                 NULL # Specifies the output log file for visualizer
-visualizer_zlevel                      6 # Compression level of the visualizer output log (0=no comp, 9=highest)
-gpgpu_stack_size_limit                 1024 # GPU thread stack size
-gpgpu_heap_size_limit              8388608 # GPU malloc heap size 
-gpgpu_runtime_sync_depth_limit                    2 # GPU device runtime synchronize depth
-gpgpu_runtime_pending_launch_count_limit                 2048 # GPU device runtime pending launch count
-trace_enabled                          0 # Turn on traces
-trace_components                    none # comma seperated list of traces to enable. Complete list found in trace_streams.tup. Default none
-trace_sampling_core                    0 # The core which is printed using CORE_DPRINTF. Default 0
-trace_sampling_memory_partition                   -1 # The memory partition which is printed using MEMPART_DPRINTF. Default -1 (i.e. all)
-enable_ptx_file_line_stats                    1 # Turn on PTX source line statistic profiling. (1 = On)
-ptx_line_stats_filename gpgpu_inst_stats.txt # Output file for PTX source line statistics.
-gpgpu_kernel_launch_latency                 5000 # Kernel launch latency in cycles. Default: 0
-gpgpu_cdp_enabled                      0 # Turn on CDP
-gpgpu_TB_launch_latency                    0 # thread block launch latency in cycles. Default: 0
-trace               ./hw_run/ubench/11.0/l1_bw_32f_unroll_large/NO_ARGS/traces/kernelslist.g # traces kernel filetraces kernel file directory
-trace_opcode_latency_initiation_int                  2,2 # Opcode latencies and initiation for integers in trace driven mode <latency,initiation>
-trace_opcode_latency_initiation_sp                  2,2 # Opcode latencies and initiation for sp in trace driven mode <latency,initiation>
-trace_opcode_latency_initiation_dp                  8,4 # Opcode latencies and initiation for dp in trace driven mode <latency,initiation>
-trace_opcode_latency_initiation_sfu                 20,8 # Opcode latencies and initiation for sfu in trace driven mode <latency,initiation>
-trace_opcode_latency_initiation_tensor                  2,2 # Opcode latencies and initiation for tensor in trace driven mode <latency,initiation>
-trace_opcode_latency_initiation_spec_op_1                  4,4 # specialized unit config <latency,initiation>
-trace_opcode_latency_initiation_spec_op_2                200,4 # specialized unit config <latency,initiation>
-trace_opcode_latency_initiation_spec_op_3                  2,2 # specialized unit config <latency,initiation>
-trace_opcode_latency_initiation_spec_op_4                  4,4 # specialized unit config <latency,initiation>
-trace_opcode_latency_initiation_spec_op_5                  4,4 # specialized unit config <latency,initiation>
-trace_opcode_latency_initiation_spec_op_6                  4,4 # specialized unit config <latency,initiation>
-trace_opcode_latency_initiation_spec_op_7                  4,4 # specialized unit config <latency,initiation>
-trace_opcode_latency_initiation_spec_op_8                  4,4 # specialized unit config <latency,initiation>
DRAM Timing Options:
nbk                                    16 # number of banks
CCD                                     1 # column to column delay
RRD                                     3 # minimal delay between activation of rows in different banks
RCD                                    12 # row to column delay
RAS                                    28 # time needed to activate row
RP                                     12 # time needed to precharge (deactivate) row
RC                                     40 # row cycle time
CDLR                                    3 # switching from write to read (changes tWTR)
WR                                     10 # last data-in to row precharge
CL                                     12 # CAS latency
WL                                      2 # Write latency
nbkgrp                                  4 # number of bank groups
CCDL                                    2 # column to column delay between accesses to different bank groups
RTPL                                    3 # read to precharge delay between accesses to different bank groups
Total number of memory sub partition = 64
addr_dec_mask[CHIP]  = 0000000000001f00 	high:13 low:8
addr_dec_mask[BK]    = 00000000000e2000 	high:20 low:13
addr_dec_mask[ROW]   = 00000001fff00000 	high:33 low:20
addr_dec_mask[COL]   = 000000000001c0ff 	high:17 low:0
addr_dec_mask[BURST] = 000000000000001f 	high:5 low:0
sub_partition_id_mask = 0000000000002000
GPGPU-Sim uArch: clock freqs: 1132000000.000000:1132000000.000000:1132000000.000000:850000000.000000
GPGPU-Sim uArch: clock periods: 0.00000000088339222615:0.00000000088339222615:0.00000000088339222615:0.00000000117647058824
*** Initializing Memory Statistics ***
GPGPU-Sim uArch: performance model initialization complete.
launching memcpy command : MemcpyHtoD,0x00007f51a5702000,528384
Processing kernel ./hw_run/ubench/11.0/l1_bw_32f_unroll_large/NO_ARGS/traces/kernel-1.traceg
-kernel name = _Z5l1_bwPjS_PfS0_
-kernel id = 1
-grid dim = (1,1,1)
-block dim = (1024,1,1)
-shmem = 0
-nregs = 31
-binary version = 70
-cuda stream id = 0
-shmem base_addr = 0x00007f51db000000
-local mem base_addr = 0x00007f51dd000000
-nvbit version = 1.4
-accelsim tracer version = 3
Header info loaded for kernel command : ./hw_run/ubench/11.0/l1_bw_32f_unroll_large/NO_ARGS/traces/kernel-1.traceg
launching kernel name: _Z5l1_bwPjS_PfS0_ uid: 1 cuda_stream_id: 0
GPGPU-Sim uArch: Shader 0 bind to kernel 1 '_Z5l1_bwPjS_PfS0_'
GPGPU-Sim uArch: CTA/core = 2, limited by: threads regs
GPGPU-Sim: Reconfigure L1 cache to 128KB
thread block = 0,0,0
Destroy streams for kernel 1: size 0
kernel_name = _Z5l1_bwPjS_PfS0_ 
kernel_launch_uid = 1 
kernel_stream_id = 0
gpu_sim_cycle = 176585
gpu_sim_insn = 9262080
gpu_ipc =      52.4511
gpu_tot_sim_cycle = 176585
gpu_tot_sim_insn = 9262080
gpu_tot_ipc =      52.4511
gpu_tot_issued_cta = 1
gpu_occupancy = 49.9877% 
gpu_tot_occupancy = 49.9877% 
max_total_param_size = 0
gpu_stall_dramfull = 0
gpu_stall_icnt2sh    = 0
partiton_level_parallism =       0.1894
partiton_level_parallism_total  =       0.1894
partiton_level_parallism_util =       1.0000
partiton_level_parallism_util_total  =       1.0000
L2_BW  =       6.8893 GB/Sec
L2_BW_total  =       6.8893 GB/Sec
gpu_total_sim_rate=330788

========= Core cache stats =========
L1I_cache:
	L1I_total_cache_accesses = 146443
	L1I_total_cache_misses = 1402
	L1I_total_cache_miss_rate = 0.0096
	L1I_total_cache_pending_hits = 0
	L1I_total_cache_reservation_fails = 0
L1D_cache:
	L1D_cache_core[0]: Access = 541184, Miss = 33404, Miss_rate = 0.062, Pending_hits = 14646, Reservation_fails = 26354
	L1D_cache_core[1]: Access = 0, Miss = 0, Miss_rate = -nan, Pending_hits = 0, Reservation_fails = 0
	L1D_cache_core[2]: Access = 0, Miss = 0, Miss_rate = -nan, Pending_hits = 0, Reservation_fails = 0
	L1D_cache_core[3]: Access = 0, Miss = 0, Miss_rate = -nan, Pending_hits = 0, Reservation_fails = 0
	L1D_cache_core[4]: Access = 0, Miss = 0, Miss_rate = -nan, Pending_hits = 0, Reservation_fails = 0
	L1D_cache_core[5]: Access = 0, Miss = 0, Miss_rate = -nan, Pending_hits = 0, Reservation_fails = 0
	L1D_cache_core[6]: Access = 0, Miss = 0, Miss_rate = -nan, Pending_hits = 0, Reservation_fails = 0
	L1D_cache_core[7]: Access = 0, Miss = 0, Miss_rate = -nan, Pending_hits = 0, Reservation_fails = 0
	L1D_cache_core[8]: Access = 0, Miss = 0, Miss_rate = -nan, Pending_hits = 0, Reservation_fails = 0
	L1D_cache_core[9]: Access = 0, Miss = 0, Miss_rate = -nan, Pending_hits = 0, Reservation_fails = 0
	L1D_cache_core[10]: Access = 0, Miss = 0, Miss_rate = -nan, Pending_hits = 0, Reservation_fails = 0
	L1D_cache_core[11]: Access = 0, Miss = 0, Miss_rate = -nan, Pending_hits = 0, Reservation_fails = 0
	L1D_cache_core[12]: Access = 0, Miss = 0, Miss_rate = -nan, Pending_hits = 0, Reservation_fails = 0
	L1D_cache_core[13]: Access = 0, Miss = 0, Miss_rate = -nan, Pending_hits = 0, Reservation_fails = 0
	L1D_cache_core[14]: Access = 0, Miss = 0, Miss_rate = -nan, Pending_hits = 0, Reservation_fails = 0
	L1D_cache_core[15]: Access = 0, Miss = 0, Miss_rate = -nan, Pending_hits = 0, Reservation_fails = 0
	L1D_cache_core[16]: Access = 0, Miss = 0, Miss_rate = -nan, Pending_hits = 0, Reservation_fails = 0
	L1D_cache_core[17]: Access = 0, Miss = 0, Miss_rate = -nan, Pending_hits = 0, Reservation_fails = 0
	L1D_cache_core[18]: Access = 0, Miss = 0, Miss_rate = -nan, Pending_hits = 0, Reservation_fails = 0
	L1D_cache_core[19]: Access = 0, Miss = 0, Miss_rate = -nan, Pending_hits = 0, Reservation_fails = 0
	L1D_cache_core[20]: Access = 0, Miss = 0, Miss_rate = -nan, Pending_hits = 0, Reservation_fails = 0
	L1D_cache_core[21]: Access = 0, Miss = 0, Miss_rate = -nan, Pending_hits = 0, Reservation_fails = 0
	L1D_cache_core[22]: Access = 0, Miss = 0, Miss_rate = -nan, Pending_hits = 0, Reservation_fails = 0
	L1D_cache_core[23]: Access = 0, Miss = 0, Miss_rate = -nan, Pending_hits = 0, Reservation_fails = 0
	L1D_cache_core[24]: Access = 0, Miss = 0, Miss_rate = -nan, Pending_hits = 0, Reservation_fails = 0
	L1D_cache_core[25]: Access = 0, Miss = 0, Miss_rate = -nan, Pending_hits = 0, Reservation_fails = 0
	L1D_cache_core[26]: Access = 0, Miss = 0, Miss_rate = -nan, Pending_hits = 0, Reservation_fails = 0
	L1D_cache_core[27]: Access = 0, Miss = 0, Miss_rate = -nan, Pending_hits = 0, Reservation_fails = 0
	L1D_cache_core[28]: Access = 0, Miss = 0, Miss_rate = -nan, Pending_hits = 0, Reservation_fails = 0
	L1D_cache_core[29]: Access = 0, Miss = 0, Miss_rate = -nan, Pending_hits = 0, Reservation_fails = 0
	L1D_cache_core[30]: Access = 0, Miss = 0, Miss_rate = -nan, Pending_hits = 0, Reservation_fails = 0
	L1D_cache_core[31]: Access = 0, Miss = 0, Miss_rate = -nan, Pending_hits = 0, Reservation_fails = 0
	L1D_cache_core[32]: Access = 0, Miss = 0, Miss_rate = -nan, Pending_hits = 0, Reservation_fails = 0
	L1D_cache_core[33]: Access = 0, Miss = 0, Miss_rate = -nan, Pending_hits = 0, Reservation_fails = 0
	L1D_cache_core[34]: Access = 0, Miss = 0, Miss_rate = -nan, Pending_hits = 0, Reservation_fails = 0
	L1D_cache_core[35]: Access = 0, Miss = 0, Miss_rate = -nan, Pending_hits = 0, Reservation_fails = 0
	L1D_cache_core[36]: Access = 0, Miss = 0, Miss_rate = -nan, Pending_hits = 0, Reservation_fails = 0
	L1D_cache_core[37]: Access = 0, Miss = 0, Miss_rate = -nan, Pending_hits = 0, Reservation_fails = 0
	L1D_cache_core[38]: Access = 0, Miss = 0, Miss_rate = -nan, Pending_hits = 0, Reservation_fails = 0
	L1D_cache_core[39]: Access = 0, Miss = 0, Miss_rate = -nan, Pending_hits = 0, Reservation_fails = 0
	L1D_cache_core[40]: Access = 0, Miss = 0, Miss_rate = -nan, Pending_hits = 0, Reservation_fails = 0
	L1D_cache_core[41]: Access = 0, Miss = 0, Miss_rate = -nan, Pending_hits = 0, Reservation_fails = 0
	L1D_cache_core[42]: Access = 0, Miss = 0, Miss_rate = -nan, Pending_hits = 0, Reservation_fails = 0
	L1D_cache_core[43]: Access = 0, Miss = 0, Miss_rate = -nan, Pending_hits = 0, Reservation_fails = 0
	L1D_cache_core[44]: Access = 0, Miss = 0, Miss_rate = -nan, Pending_hits = 0, Reservation_fails = 0
	L1D_cache_core[45]: Access = 0, Miss = 0, Miss_rate = -nan, Pending_hits = 0, Reservation_fails = 0
	L1D_cache_core[46]: Access = 0, Miss = 0, Miss_rate = -nan, Pending_hits = 0, Reservation_fails = 0
	L1D_cache_core[47]: Access = 0, Miss = 0, Miss_rate = -nan, Pending_hits = 0, Reservation_fails = 0
	L1D_cache_core[48]: Access = 0, Miss = 0, Miss_rate = -nan, Pending_hits = 0, Reservation_fails = 0
	L1D_cache_core[49]: Access = 0, Miss = 0, Miss_rate = -nan, Pending_hits = 0, Reservation_fails = 0
	L1D_cache_core[50]: Access = 0, Miss = 0, Miss_rate = -nan, Pending_hits = 0, Reservation_fails = 0
	L1D_cache_core[51]: Access = 0, Miss = 0, Miss_rate = -nan, Pending_hits = 0, Reservation_fails = 0
	L1D_cache_core[52]: Access = 0, Miss = 0, Miss_rate = -nan, Pending_hits = 0, Reservation_fails = 0
	L1D_cache_core[53]: Access = 0, Miss = 0, Miss_rate = -nan, Pending_hits = 0, Reservation_fails = 0
	L1D_cache_core[54]: Access = 0, Miss = 0, Miss_rate = -nan, Pending_hits = 0, Reservation_fails = 0
	L1D_cache_core[55]: Access = 0, Miss = 0, Miss_rate = -nan, Pending_hits = 0, Reservation_fails = 0
	L1D_cache_core[56]: Access = 0, Miss = 0, Miss_rate = -nan, Pending_hits = 0, Reservation_fails = 0
	L1D_cache_core[57]: Access = 0, Miss = 0, Miss_rate = -nan, Pending_hits = 0, Reservation_fails = 0
	L1D_cache_core[58]: Access = 0, Miss = 0, Miss_rate = -nan, Pending_hits = 0, Reservation_fails = 0
	L1D_cache_core[59]: Access = 0, Miss = 0, Miss_rate = -nan, Pending_hits = 0, Reservation_fails = 0
	L1D_cache_core[60]: Access = 0, Miss = 0, Miss_rate = -nan, Pending_hits = 0, Reservation_fails = 0
	L1D_cache_core[61]: Access = 0, Miss = 0, Miss_rate = -nan, Pending_hits = 0, Reservation_fails = 0
	L1D_cache_core[62]: Access = 0, Miss = 0, Miss_rate = -nan, Pending_hits = 0, Reservation_fails = 0
	L1D_cache_core[63]: Access = 0, Miss = 0, Miss_rate = -nan, Pending_hits = 0, Reservation_fails = 0
	L1D_cache_core[64]: Access = 0, Miss = 0, Miss_rate = -nan, Pending_hits = 0, Reservation_fails = 0
	L1D_cache_core[65]: Access = 0, Miss = 0, Miss_rate = -nan, Pending_hits = 0, Reservation_fails = 0
	L1D_cache_core[66]: Access = 0, Miss = 0, Miss_rate = -nan, Pending_hits = 0, Reservation_fails = 0
	L1D_cache_core[67]: Access = 0, Miss = 0, Miss_rate = -nan, Pending_hits = 0, Reservation_fails = 0
	L1D_cache_core[68]: Access = 0, Miss = 0, Miss_rate = -nan, Pending_hits = 0, Reservation_fails = 0
	L1D_cache_core[69]: Access = 0, Miss = 0, Miss_rate = -nan, Pending_hits = 0, Reservation_fails = 0
	L1D_cache_core[70]: Access = 0, Miss = 0, Miss_rate = -nan, Pending_hits = 0, Reservation_fails = 0
	L1D_cache_core[71]: Access = 0, Miss = 0, Miss_rate = -nan, Pending_hits = 0, Reservation_fails = 0
	L1D_cache_core[72]: Access = 0, Miss = 0, Miss_rate = -nan, Pending_hits = 0, Reservation_fails = 0
	L1D_cache_core[73]: Access = 0, Miss = 0, Miss_rate = -nan, Pending_hits = 0, Reservation_fails = 0
	L1D_cache_core[74]: Access = 0, Miss = 0, Miss_rate = -nan, Pending_hits = 0, Reservation_fails = 0
	L1D_cache_core[75]: Access = 0, Miss = 0, Miss_rate = -nan, Pending_hits = 0, Reservation_fails = 0
	L1D_cache_core[76]: Access = 0, Miss = 0, Miss_rate = -nan, Pending_hits = 0, Reservation_fails = 0
	L1D_cache_core[77]: Access = 0, Miss = 0, Miss_rate = -nan, Pending_hits = 0, Reservation_fails = 0
	L1D_cache_core[78]: Access = 0, Miss = 0, Miss_rate = -nan, Pending_hits = 0, Reservation_fails = 0
	L1D_cache_core[79]: Access = 0, Miss = 0, Miss_rate = -nan, Pending_hits = 0, Reservation_fails = 0
	L1D_total_cache_accesses = 541184
	L1D_total_cache_misses = 33404
	L1D_total_cache_miss_rate = 0.0617
	L1D_total_cache_pending_hits = 14646
	L1D_total_cache_reservation_fails = 26354
	L1D_cache_data_port_util = 0.823
	L1D_cache_fill_port_util = 0.192
L1C_cache:
	L1C_total_cache_accesses = 0
	L1C_total_cache_misses = 0
	L1C_total_cache_pending_hits = 0
	L1C_total_cache_reservation_fails = 0
L1T_cache:
	L1T_total_cache_accesses = 0
	L1T_total_cache_misses = 0
	L1T_total_cache_pending_hits = 0
	L1T_total_cache_reservation_fails = 0

Total_core_cache_stats:
	Total_core_cache_stats_breakdown[GLOBAL_ACC_R][HIT] = 493134
	Total_core_cache_stats_breakdown[GLOBAL_ACC_R][HIT_RESERVED] = 14646
	Total_core_cache_stats_breakdown[GLOBAL_ACC_R][MISS] = 8255
	Total_core_cache_stats_breakdown[GLOBAL_ACC_R][RESERVATION_FAIL] = 25808
	Total_core_cache_stats_breakdown[GLOBAL_ACC_R][SECTOR_MISS] = 24765
	Total_core_cache_stats_breakdown[GLOBAL_ACC_R][MSHR_HIT] = 14646
	Total_core_cache_stats_breakdown[LOCAL_ACC_R][HIT] = 0
	Total_core_cache_stats_breakdown[LOCAL_ACC_R][HIT_RESERVED] = 0
	Total_core_cache_stats_breakdown[LOCAL_ACC_R][MISS] = 0
	Total_core_cache_stats_breakdown[LOCAL_ACC_R][RESERVATION_FAIL] = 0
	Total_core_cache_stats_breakdown[LOCAL_ACC_R][SECTOR_MISS] = 0
	Total_core_cache_stats_breakdown[LOCAL_ACC_R][MSHR_HIT] = 0
	Total_core_cache_stats_breakdown[CONST_ACC_R][HIT] = 0
	Total_core_cache_stats_breakdown[CONST_ACC_R][HIT_RESERVED] = 0
	Total_core_cache_stats_breakdown[CONST_ACC_R][MISS] = 0
	Total_core_cache_stats_breakdown[CONST_ACC_R][RESERVATION_FAIL] = 0
	Total_core_cache_stats_breakdown[CONST_ACC_R][SECTOR_MISS] = 0
	Total_core_cache_stats_breakdown[CONST_ACC_R][MSHR_HIT] = 0
	Total_core_cache_stats_breakdown[TEXTURE_ACC_R][HIT] = 0
	Total_core_cache_stats_breakdown[TEXTURE_ACC_R][HIT_RESERVED] = 0
	Total_core_cache_stats_breakdown[TEXTURE_ACC_R][MISS] = 0
	Total_core_cache_stats_breakdown[TEXTURE_ACC_R][RESERVATION_FAIL] = 0
	Total_core_cache_stats_breakdown[TEXTURE_ACC_R][SECTOR_MISS] = 0
	Total_core_cache_stats_breakdown[TEXTURE_ACC_R][MSHR_HIT] = 0
	Total_core_cache_stats_breakdown[GLOBAL_ACC_W][HIT] = 0
	Total_core_cache_stats_breakdown[GLOBAL_ACC_W][HIT_RESERVED] = 0
	Total_core_cache_stats_breakdown[GLOBAL_ACC_W][MISS] = 96
	Total_core_cache_stats_breakdown[GLOBAL_ACC_W][RESERVATION_FAIL] = 546
	Total_core_cache_stats_breakdown[GLOBAL_ACC_W][SECTOR_MISS] = 288
	Total_core_cache_stats_breakdown[GLOBAL_ACC_W][MSHR_HIT] = 0
	Total_core_cache_stats_breakdown[LOCAL_ACC_W][HIT] = 0
	Total_core_cache_stats_breakdown[LOCAL_ACC_W][HIT_RESERVED] = 0
	Total_core_cache_stats_breakdown[LOCAL_ACC_W][MISS] = 0
	Total_core_cache_stats_breakdown[LOCAL_ACC_W][RESERVATION_FAIL] = 0
	Total_core_cache_stats_breakdown[LOCAL_ACC_W][SECTOR_MISS] = 0
	Total_core_cache_stats_breakdown[LOCAL_ACC_W][MSHR_HIT] = 0
	Total_core_cache_stats_breakdown[L1_WRBK_ACC][HIT] = 0
	Total_core_cache_stats_breakdown[L1_WRBK_ACC][HIT_RESERVED] = 0
	Total_core_cache_stats_breakdown[L1_WRBK_ACC][MISS] = 0
	Total_core_cache_stats_breakdown[L1_WRBK_ACC][RESERVATION_FAIL] = 0
	Total_core_cache_stats_breakdown[L1_WRBK_ACC][SECTOR_MISS] = 0
	Total_core_cache_stats_breakdown[L1_WRBK_ACC][MSHR_HIT] = 0
	Total_core_cache_stats_breakdown[L2_WRBK_ACC][HIT] = 0
	Total_core_cache_stats_breakdown[L2_WRBK_ACC][HIT_RESERVED] = 0
	Total_core_cache_stats_breakdown[L2_WRBK_ACC][MISS] = 0
	Total_core_cache_stats_breakdown[L2_WRBK_ACC][RESERVATION_FAIL] = 0
	Total_core_cache_stats_breakdown[L2_WRBK_ACC][SECTOR_MISS] = 0
	Total_core_cache_stats_breakdown[L2_WRBK_ACC][MSHR_HIT] = 0
	Total_core_cache_stats_breakdown[INST_ACC_R][HIT] = 145041
	Total_core_cache_stats_breakdown[INST_ACC_R][HIT_RESERVED] = 0
	Total_core_cache_stats_breakdown[INST_ACC_R][MISS] = 1402
	Total_core_cache_stats_breakdown[INST_ACC_R][RESERVATION_FAIL] = 0
	Total_core_cache_stats_breakdown[INST_ACC_R][SECTOR_MISS] = 0
	Total_core_cache_stats_breakdown[INST_ACC_R][MSHR_HIT] = 1357
	Total_core_cache_stats_breakdown[L1_WR_ALLOC_R][HIT] = 0
	Total_core_cache_stats_breakdown[L1_WR_ALLOC_R][HIT_RESERVED] = 0
	Total_core_cache_stats_breakdown[L1_WR_ALLOC_R][MISS] = 0
	Total_core_cache_stats_breakdown[L1_WR_ALLOC_R][RESERVATION_FAIL] = 0
	Total_core_cache_stats_breakdown[L1_WR_ALLOC_R][SECTOR_MISS] = 0
	Total_core_cache_stats_breakdown[L1_WR_ALLOC_R][MSHR_HIT] = 0
	Total_core_cache_stats_breakdown[L2_WR_ALLOC_R][HIT] = 0
	Total_core_cache_stats_breakdown[L2_WR_ALLOC_R][HIT_RESERVED] = 0
	Total_core_cache_stats_breakdown[L2_WR_ALLOC_R][MISS] = 0
	Total_core_cache_stats_breakdown[L2_WR_ALLOC_R][RESERVATION_FAIL] = 0
	Total_core_cache_stats_breakdown[L2_WR_ALLOC_R][SECTOR_MISS] = 0
	Total_core_cache_stats_breakdown[L2_WR_ALLOC_R][MSHR_HIT] = 0
	Total_core_cache_stats_breakdown[GLOBAL_ACC_R][TOTAL_ACCESS] = 540800
	Total_core_cache_stats_breakdown[GLOBAL_ACC_W][TOTAL_ACCESS] = 384
	Total_core_cache_stats_breakdown[INST_ACC_R][TOTAL_ACCESS] = 146443

Total_core_cache_fail_stats:
	Total_core_cache_fail_stats_breakdown[GLOBAL_ACC_R][MISS_QUEUE_FULL] = 10821
	Total_core_cache_fail_stats_breakdown[GLOBAL_ACC_R][MSHR_ENRTY_FAIL] = 14987
	Total_core_cache_fail_stats_breakdown[GLOBAL_ACC_W][MISS_QUEUE_FULL] = 546
ctas_completed 1, Shader 0 warp_id issue ditsribution:
warp_id:
0, 1, 2, 3, 4, 5, 6, 7, 8, 9, 10, 11, 12, 13, 14, 15, 16, 17, 18, 19, 20, 21, 22, 23, 24, 25, 26, 27, 28, 29, 30, 31, 
distro:
9052, 9052, 9052, 9052, 9052, 9052, 9052, 9052, 9052, 9052, 9052, 9052, 9052, 9052, 9052, 9052, 9052, 9052, 9052, 9052, 9052, 9052, 9052, 9052, 9052, 9052, 9052, 9052, 9052, 9052, 9052, 9052, 
gpgpu_n_tot_thrd_icount = 9262080
gpgpu_n_tot_w_icount = 289664
gpgpu_n_stall_shd_mem = 11965
gpgpu_n_mem_read_local = 0
gpgpu_n_mem_write_local = 0
gpgpu_n_mem_read_global = 33020
gpgpu_n_mem_write_global = 384
gpgpu_n_mem_texture = 0
gpgpu_n_mem_const = 0
gpgpu_n_load_insn  = 4326400
gpgpu_n_store_insn = 3072
gpgpu_n_shmem_insn = 0
gpgpu_n_sstarr_insn = 0
gpgpu_n_tex_insn = 0
gpgpu_n_const_mem_insn = 0
gpgpu_n_param_mem_insn = 0
gpgpu_n_shmem_bkconflict = 0
gpgpu_n_l1cache_bkconflict = 11965
gpgpu_n_intrawarp_mshr_merge = 0
gpgpu_n_cmem_portconflict = 0
gpgpu_stall_shd_mem[c_mem][resource_stall] = 0
gpgpu_stall_shd_mem[s_mem][bk_conf] = 0
gpgpu_stall_shd_mem[gl_mem][resource_stall] = 11965
gpgpu_stall_shd_mem[gl_mem][coal_stall] = 0
gpgpu_stall_shd_mem[gl_mem][data_port_stall] = 0
gpu_reg_bank_conflict_stalls = 0
Warp Occupancy Distribution:
Stall:313391	W0_Idle:79769	W0_Scoreboard:3736	W1:0	W2:0	W3:0	W4:0	W5:0	W6:0	W7:0	W8:0	W9:0	W10:0	W11:0	W12:0	W13:0	W14:0	W15:0	W16:0	W17:0	W18:0	W19:0	W20:0	W21:0	W22:0	W23:0	W24:0	W25:0	W26:0	W27:0	W28:0	W29:0	W30:0	W31:0	W32:289440
single_issue_nums: WS0:72416	WS1:72416	WS2:72416	WS3:72416	
dual_issue_nums: WS0:0	WS1:0	WS2:0	WS3:0	
traffic_breakdown_coretomem[GLOBAL_ACC_R] = 264160 {8:33020,}
traffic_breakdown_coretomem[GLOBAL_ACC_W] = 15360 {40:384,}
traffic_breakdown_coretomem[INST_ACC_R] = 360 {8:45,}
traffic_breakdown_memtocore[GLOBAL_ACC_R] = 1320800 {40:33020,}
traffic_breakdown_memtocore[GLOBAL_ACC_W] = 3072 {8:384,}
traffic_breakdown_memtocore[INST_ACC_R] = 7200 {40:180,}
maxmflatency = 588 
max_icnt2mem_latency = 150 
maxmrqlatency = 72 
max_icnt2sh_latency = 110 
averagemflatency = 268 
avg_icnt2mem_latency = 41 
avg_mrq_latency = 1 
avg_icnt2sh_latency = 3 
mrq_lat_table:13550 	2770 	116 	71 	106 	72 	7 	0 	0 	0 	0 	0 	0 	0 	0 	0 	0 	0 	0 	0 	0 	0 	0 	0 	0 	0 	0 	0 	0 	0 	0 	0 	
dq_lat_table:0 	0 	0 	0 	0 	0 	0 	0 	0 	0 	0 	0 	0 	0 	0 	0 	0 	0 	0 	0 	0 	0 	0 	0 	0 	0 	0 	0 	0 	0 	0 	0 	
mf_lat_table:0 	0 	0 	0 	0 	0 	0 	16792 	16594 	18 	0 	0 	0 	0 	0 	0 	0 	0 	0 	0 	0 	0 	0 	0 	0 	0 	0 	0 	0 	0 	0 	0 	
icnt2mem_lat_table:0 	45 	0 	0 	18876 	7962 	6371 	195 	0 	0 	0 	0 	0 	0 	0 	0 	0 	0 	0 	0 	0 	0 	0 	0 	
icnt2sh_lat_table:0 	24853 	5330 	2244 	703 	249 	25 	0 	0 	0 	0 	0 	0 	0 	0 	0 	0 	0 	0 	0 	0 	0 	0 	0 	
mf_lat_pw_table:0 	0 	0 	0 	0 	0 	0 	279 	41 	0 	0 	0 	0 	0 	0 	0 	0 	0 	0 	0 	0 	0 	0 	0 	0 	0 	0 	0 	0 	0 	0 	0 	
maximum concurrent accesses to same row:
dram[0]:        56         0         0         0         0         0         0         0         0         0         0         0         0         0         0         0 
dram[1]:        56         0         0         0         0         0         0         0         0         0         0         0         0         0         0         0 
dram[2]:        56         0         0         0         0         0         0         0         0         0         0         0         0         0         0         0 
dram[3]:        56         0         0         0         0         0         0         0         0         0         0         0         0         0         0         0 
dram[4]:         0         0         0         0         0         0         0         0         0         0         0         0         0         0         0         0 
dram[5]:         0         0         0         0         0         0         0         0         0         0         0         0         0         0         0         0 
dram[6]:        56         0         0         0         0         0         0         0         0         0         0         0         0         0         0         0 
dram[7]:        56         0         0         0         0         0         0         0         0         0         0         0         0         0         0         0 
dram[8]:        16         0         0         0         0         0         0         0         0         0         0         0         0         0         0         0 
dram[9]:         8         0         0         0         0         0         0         0         0         0         0         0         0         0         0         0 
dram[10]:        32         0         0         0         0         0         0         0         0         0         0         0         0         0         0         0 
dram[11]:        24         0         0         0         0         0         0         0         0         0         0         0         0         0         0         0 
dram[12]:         8         0         0         0         0         0         0         0         0         0         0         0         0         0         0         0 
dram[13]:         8         0         0         0         0         0         0         0         0         0         0         0         0         0         0         0 
dram[14]:         8         0         0         0         0         0         0         0         0         0         0         0         0         0         0         0 
dram[15]:         8         0         0         0         0         0         0         0         0         0         0         0         0         0         0         0 
dram[16]:         0         0         0         0         0         0         0         0         0         0         0         0         0         0         0         0 
dram[17]:         0         0         0         0         0         0         0         0         0         0         0         0         0         0         0         0 
dram[18]:         0         0         0         0         0         0         0         0         0         0         0         0         0         0         0         0 
dram[19]:         0         0         0         0         0         0         0         0         0         0         0         0         0         0         0         0 
dram[20]:         0         0         0         0         0         0         0         0         0         0         0         0         0         0         0         0 
dram[21]:        56         0         0         0         0         0         0         0         0         0         0         0         0         0         0         0 
dram[22]:         0         0         0         0         0         0         0         0         0         0         0         0         0         0         0         0 
dram[23]:         0         0         0         0         0         0         0         0         0         0         0         0         0         0         0         0 
dram[24]:        56         0         0         0         0         0         0         0         0         0         0         0         0         0         0         0 
dram[25]:        56         0         0         0         0         0         0         0         0         0         0         0         0         0         0         0 
dram[26]:        56         0         0         0         0         0         0         0         0         0         0         0         0         0         0         0 
dram[27]:        56         0         0         0         0         0         0         0         0         0         0         0         0         0         0         0 
dram[28]:        56         0         0         0         0         0         0         0         0         0         0         0         0         0         0         0 
dram[29]:        56         0         0         0         0         0         0         0         0         0         0         0         0         0         0         0 
dram[30]:        56         0         0         0         0         0         0         0         0         0         0         0         0         0         0         0 
dram[31]:        56         0         0         0         0         0         0         0         0         0         0         0         0         0         0         0 
maximum service time to same row:
dram[0]:     22864      8027     16653     16578     20274     21567     24105     25327     28391         0         0         0         0         0         0         0 
dram[1]:     21557      8019     16576     16661     20428     21499     23815     24882     27926         0         0         0         0         0         0         0 
dram[2]:     25431      8052     16501     16562     20127     21270     23342     24329     28002         0         0         0         0         0         0         0 
dram[3]:     23937      8044     16803     16805     20206     21258     24256     24630     29480         0         0         0         0         0         0         0 
dram[4]:      9765      8031     16656     16723     19957     21188     23745     24866     28408         0         0         0         0         0         0         0 
dram[5]:      9768      8035     16649     16654     20636     21559     24039     25088     28487         0         0         0         0         0         0         0 
dram[6]:     20207      8023     16497     16569     19633     20881     24940     25166     28784         0         0         0         0         0         0         0 
dram[7]:     19672      8039     16493     16565     20877     21193     23590     24718     27993         0         0         0         0         0         0         0 
dram[8]:      9770      8042     16413     16485     19331     20424     24180     25172     28781         0         0         0         0         0         0         0 
dram[9]:      9935      8051     16415     16502     19720     20797     25095     25494     29101         0         0         0         0         0         0         0 
dram[10]:     13769      8115     16332     16409     20728     21022     23951     25019     28755         0         0         0         0         0         0         0 
dram[11]:      9774      8039     16566     16577     19494     20563     24874     25332     28720         0         0         0         0         0         0         0 
dram[12]:      6586      8048     16172     16245     19968     21025     24639     25794     29475         0         0         0         0         0         0         0 
dram[13]:      5467      8051     16408     16421     19391     20720     24489     25626     28254         0         0         0         0         0         0         0 
dram[14]:      8764      8046     16894     16901     19246     20190     24409     25633     29166         0         0         0         0         0         0         0 
dram[15]:      7682      8207     16253     16329     19969     20502     24189     25345     28078         0         0         0         0         0         0         0 
dram[16]:     10299      9646     16568     17337     20270     20278     24101     24108     28331     28396         0         0         0         0         0         0 
dram[17]:     10287      9670     16657     17312     20412     20427     23812     23879     27914     27925         0         0         0         0         0         0 
dram[18]:     10279      9694     16505     17079     20126     20195     23281     23349     28001     28008         0         0         0         0         0         0 
dram[19]:     10375      9658     16735     17159     20206     20270     24199     24264     29476     29479         0         0         0         0         0         0 
dram[20]:     10291      9654     16657     17488     19952     19956     23742     23807     28407     28474         0         0         0         0         0         0 
dram[21]:     35548      9642     16649     17420     20575     20639     24036     24100     28486     28550         0         0         0         0         0         0 
dram[22]:     10302      9650     16501     17168     19569     19639     24858     25095     28709     28719         0         0         0         0         0         0 
dram[23]:     10283      9678     16650     17395     20872     20891     23578     23586     27929     28000         0         0         0         0         0         0 
dram[24]:     31996      9685     16416     17084     19327     19335     24120     24184     28779     28785         0         0         0         0         0         0 
dram[25]:     30825      9681     16417     17055     19724     19723     25091     25099     29085     29097         0         0         0         0         0         0 
dram[26]:     34388      9681     16336     16923     20655     20873     23948     23958     28641     28704         0         0         0         0         0         0 
dram[27]:     33218      9666     16570     16970     19490     19556     24873     24878     28716     28783         0         0         0         0         0         0 
dram[28]:     27260      9693     16176     16906     19964     19973     24638     24646     29399     29467         0         0         0         0         0         0 
dram[29]:     26057      9689     16482     16966     19335     19399     24485     24493     28249     28316         0         0         0         0         0         0 
dram[30]:     29637      9685     16898     16979     19171     19251     24405     24417     29162     29174         0         0         0         0         0         0 
dram[31]:     28452      9686     16260     16963     19965     20033     24185     24193     28075     28082         0         0         0         0         0         0 
average row accesses per activate:
dram[0]: 32.000000 64.000000 64.000000 64.000000 64.000000 64.000000 64.000000 64.000000  8.000000      -nan      -nan      -nan      -nan      -nan      -nan      -nan 
dram[1]: 32.000000 64.000000 64.000000 64.000000 64.000000 64.000000 64.000000 64.000000  8.000000      -nan      -nan      -nan      -nan      -nan      -nan      -nan 
dram[2]: 32.000000 64.000000 64.000000 64.000000 64.000000 64.000000 64.000000 64.000000  8.000000      -nan      -nan      -nan      -nan      -nan      -nan      -nan 
dram[3]: 32.000000 64.000000 64.000000 64.000000 64.000000 64.000000 64.000000 64.000000  8.000000      -nan      -nan      -nan      -nan      -nan      -nan      -nan 
dram[4]: 56.000000 64.000000 64.000000 64.000000 64.000000 64.000000 64.000000 64.000000  8.000000      -nan      -nan      -nan      -nan      -nan      -nan      -nan 
dram[5]: 56.000000 64.000000 64.000000 64.000000 64.000000 64.000000 64.000000 64.000000  8.000000      -nan      -nan      -nan      -nan      -nan      -nan      -nan 
dram[6]: 32.000000 64.000000 64.000000 64.000000 64.000000 64.000000 64.000000 64.000000  8.000000      -nan      -nan      -nan      -nan      -nan      -nan      -nan 
dram[7]: 30.000000 64.000000 64.000000 64.000000 64.000000 64.000000 64.000000 64.000000  8.000000      -nan      -nan      -nan      -nan      -nan      -nan      -nan 
dram[8]: 21.333334 64.000000 64.000000 64.000000 64.000000 64.000000 64.000000 64.000000  8.000000      -nan      -nan      -nan      -nan      -nan      -nan      -nan 
dram[9]: 16.000000 64.000000 64.000000 64.000000 64.000000 64.000000 64.000000 64.000000  8.000000      -nan      -nan      -nan      -nan      -nan      -nan      -nan 
dram[10]: 16.000000 64.000000 64.000000 64.000000 64.000000 64.000000 64.000000 64.000000  8.000000      -nan      -nan      -nan      -nan      -nan      -nan      -nan 
dram[11]: 12.800000 64.000000 64.000000 64.000000 64.000000 64.000000 64.000000 64.000000  8.000000      -nan      -nan      -nan      -nan      -nan      -nan      -nan 
dram[12]: 32.000000 64.000000 64.000000 64.000000 64.000000 64.000000 64.000000 64.000000  8.000000      -nan      -nan      -nan      -nan      -nan      -nan      -nan 
dram[13]: 32.000000 64.000000 64.000000 64.000000 64.000000 64.000000 64.000000 64.000000  8.000000      -nan      -nan      -nan      -nan      -nan      -nan      -nan 
dram[14]: 32.000000 64.000000 64.000000 64.000000 64.000000 64.000000 64.000000 64.000000  8.000000      -nan      -nan      -nan      -nan      -nan      -nan      -nan 
dram[15]: 32.000000 64.000000 64.000000 64.000000 64.000000 64.000000 64.000000 64.000000  8.000000      -nan      -nan      -nan      -nan      -nan      -nan      -nan 
dram[16]: 56.000000 64.000000 64.000000 64.000000 64.000000 64.000000 64.000000 64.000000  8.000000  8.000000      -nan      -nan      -nan      -nan      -nan      -nan 
dram[17]: 56.000000 64.000000 64.000000 64.000000 64.000000 64.000000 64.000000 64.000000  8.000000  8.000000      -nan      -nan      -nan      -nan      -nan      -nan 
dram[18]: 56.000000 64.000000 64.000000 64.000000 64.000000 64.000000 64.000000 64.000000  8.000000  8.000000      -nan      -nan      -nan      -nan      -nan      -nan 
dram[19]: 56.000000 64.000000 64.000000 64.000000 64.000000 64.000000 64.000000 64.000000  8.000000  8.000000      -nan      -nan      -nan      -nan      -nan      -nan 
dram[20]: 56.000000 64.000000 64.000000 64.000000 64.000000 64.000000 64.000000 64.000000  8.000000  8.000000      -nan      -nan      -nan      -nan      -nan      -nan 
dram[21]: 32.000000 64.000000 64.000000 64.000000 64.000000 64.000000 64.000000 64.000000  8.000000  8.000000      -nan      -nan      -nan      -nan      -nan      -nan 
dram[22]: 56.000000 64.000000 64.000000 64.000000 64.000000 64.000000 64.000000 64.000000  8.000000  8.000000      -nan      -nan      -nan      -nan      -nan      -nan 
dram[23]: 56.000000 64.000000 64.000000 64.000000 64.000000 64.000000 64.000000 64.000000  8.000000  8.000000      -nan      -nan      -nan      -nan      -nan      -nan 
dram[24]: 32.000000 64.000000 64.000000 64.000000 64.000000 64.000000 64.000000 64.000000  8.000000  8.000000      -nan      -nan      -nan      -nan      -nan      -nan 
dram[25]: 32.000000 64.000000 64.000000 64.000000 64.000000 64.000000 64.000000 64.000000  8.000000  8.000000      -nan      -nan      -nan      -nan      -nan      -nan 
dram[26]: 32.000000 64.000000 64.000000 64.000000 64.000000 64.000000 64.000000 64.000000  8.000000  8.000000      -nan      -nan      -nan      -nan      -nan      -nan 
dram[27]: 32.000000 64.000000 64.000000 64.000000 64.000000 64.000000 64.000000 64.000000  8.000000  8.000000      -nan      -nan      -nan      -nan      -nan      -nan 
dram[28]: 32.000000 64.000000 64.000000 64.000000 64.000000 64.000000 64.000000 64.000000  8.000000  8.000000      -nan      -nan      -nan      -nan      -nan      -nan 
dram[29]: 32.000000 64.000000 64.000000 64.000000 64.000000 64.000000 64.000000 64.000000  8.000000  8.000000      -nan      -nan      -nan      -nan      -nan      -nan 
dram[30]: 32.000000 64.000000 64.000000 64.000000 64.000000 64.000000 64.000000 64.000000  8.000000  8.000000      -nan      -nan      -nan      -nan      -nan      -nan 
dram[31]: 32.000000 64.000000 64.000000 64.000000 64.000000 64.000000 64.000000 64.000000  8.000000  8.000000      -nan      -nan      -nan      -nan      -nan      -nan 
average row locality = 16692/335 = 49.826866
number of total memory accesses made:
dram[0]:         0         0         0         0         0         0         0         0         0         0         0         0         0         0         0         0 
dram[1]:         0         0         0         0         0         0         0         0         0         0         0         0         0         0         0         0 
dram[2]:         0         0         0         0         0         0         0         0         0         0         0         0         0         0         0         0 
dram[3]:         0         0         0         0         0         0         0         0         0         0         0         0         0         0         0         0 
dram[4]:         0         0         0         0         0         0         0         0         0         0         0         0         0         0         0         0 
dram[5]:         0         0         0         0         0         0         0         0         0         0         0         0         0         0         0         0 
dram[6]:         0         0         0         0         0         0         0         0         0         0         0         0         0         0         0         0 
dram[7]:         0         0         0         0         0         0         0         0         0         0         0         0         0         0         0         0 
dram[8]:         0         0         0         0         0         0         0         0         0         0         0         0         0         0         0         0 
dram[9]:         0         0         0         0         0         0         0         0         0         0         0         0         0         0         0         0 
dram[10]:         0         0         0         0         0         0         0         0         0         0         0         0         0         0         0         0 
dram[11]:         0         0         0         0         0         0         0         0         0         0         0         0         0         0         0         0 
dram[12]:         0         0         0         0         0         0         0         0         0         0         0         0         0         0         0         0 
dram[13]:         0         0         0         0         0         0         0         0         0         0         0         0         0         0         0         0 
dram[14]:         0         0         0         0         0         0         0         0         0         0         0         0         0         0         0         0 
dram[15]:         0         0         0         0         0         0         0         0         0         0         0         0         0         0         0         0 
dram[16]:         0         0         0         0         0         0         0         0         0         0         0         0         0         0         0         0 
dram[17]:         0         0         0         0         0         0         0         0         0         0         0         0         0         0         0         0 
dram[18]:         0         0         0         0         0         0         0         0         0         0         0         0         0         0         0         0 
dram[19]:         0         0         0         0         0         0         0         0         0         0         0         0         0         0         0         0 
dram[20]:         0         0         0         0         0         0         0         0         0         0         0         0         0         0         0         0 
dram[21]:         0         0         0         0         0         0         0         0         0         0         0         0         0         0         0         0 
dram[22]:         0         0         0         0         0         0         0         0         0         0         0         0         0         0         0         0 
dram[23]:         0         0         0         0         0         0         0         0         0         0         0         0         0         0         0         0 
dram[24]:         0         0         0         0         0         0         0         0         0         0         0         0         0         0         0         0 
dram[25]:         0         0         0         0         0         0         0         0         0         0         0         0         0         0         0         0 
dram[26]:         0         0         0         0         0         0         0         0         0         0         0         0         0         0         0         0 
dram[27]:         0         0         0         0         0         0         0         0         0         0         0         0         0         0         0         0 
dram[28]:         0         0         0         0         0         0         0         0         0         0         0         0         0         0         0         0 
dram[29]:         0         0         0         0         0         0         0         0         0         0         0         0         0         0         0         0 
dram[30]:         0         0         0         0         0         0         0         0         0         0         0         0         0         0         0         0 
dram[31]:         0         0         0         0         0         0         0         0         0         0         0         0         0         0         0         0 
total accesses: 0
min_bank_accesses = 0!
min_chip_accesses = 0!
number of total read accesses:
dram[0]:        64        64        64        64        64        64        64        64         8         0         0         0         0         0         0         0 
dram[1]:        64        64        64        64        64        64        64        64         8         0         0         0         0         0         0         0 
dram[2]:        64        64        64        64        64        64        64        64         8         0         0         0         0         0         0         0 
dram[3]:        64        64        64        64        64        64        64        64         8         0         0         0         0         0         0         0 
dram[4]:        56        64        64        64        64        64        64        64         8         0         0         0         0         0         0         0 
dram[5]:        56        64        64        64        64        64        64        64         8         0         0         0         0         0         0         0 
dram[6]:        64        64        64        64        64        64        64        64         8         0         0         0         0         0         0         0 
dram[7]:        60        64        64        64        64        64        64        64         8         0         0         0         0         0         0         0 
dram[8]:        64        64        64        64        64        64        64        64         8         0         0         0         0         0         0         0 
dram[9]:        64        64        64        64        64        64        64        64         8         0         0         0         0         0         0         0 
dram[10]:        64        64        64        64        64        64        64        64         8         0         0         0         0         0         0         0 
dram[11]:        64        64        64        64        64        64        64        64         8         0         0         0         0         0         0         0 
dram[12]:        64        64        64        64        64        64        64        64         8         0         0         0         0         0         0         0 
dram[13]:        64        64        64        64        64        64        64        64         8         0         0         0         0         0         0         0 
dram[14]:        64        64        64        64        64        64        64        64         8         0         0         0         0         0         0         0 
dram[15]:        64        64        64        64        64        64        64        64         8         0         0         0         0         0         0         0 
dram[16]:        56        64        64        64        64        64        64        64         8         8         0         0         0         0         0         0 
dram[17]:        56        64        64        64        64        64        64        64         8         8         0         0         0         0         0         0 
dram[18]:        56        64        64        64        64        64        64        64         8         8         0         0         0         0         0         0 
dram[19]:        56        64        64        64        64        64        64        64         8         8         0         0         0         0         0         0 
dram[20]:        56        64        64        64        64        64        64        64         8         8         0         0         0         0         0         0 
dram[21]:        64        64        64        64        64        64        64        64         8         8         0         0         0         0         0         0 
dram[22]:        56        64        64        64        64        64        64        64         8         8         0         0         0         0         0         0 
dram[23]:        56        64        64        64        64        64        64        64         8         8         0         0         0         0         0         0 
dram[24]:        64        64        64        64        64        64        64        64         8         8         0         0         0         0         0         0 
dram[25]:        64        64        64        64        64        64        64        64         8         8         0         0         0         0         0         0 
dram[26]:        64        64        64        64        64        64        64        64         8         8         0         0         0         0         0         0 
dram[27]:        64        64        64        64        64        64        64        64         8         8         0         0         0         0         0         0 
dram[28]:        64        64        64        64        64        64        64        64         8         8         0         0         0         0         0         0 
dram[29]:        64        64        64        64        64        64        64        64         8         8         0         0         0         0         0         0 
dram[30]:        64        64        64        64        64        64        64        64         8         8         0         0         0         0         0         0 
dram[31]:        64        64        64        64        64        64        64        64         8         8         0         0         0         0         0         0 
total dram reads = 16692
min_bank_accesses = 0!
chip skew: 528/512 = 1.03
number of total write accesses:
dram[0]:         0         0         0         0         0         0         0         0         0         0         0         0         0         0         0         0 
dram[1]:         0         0         0         0         0         0         0         0         0         0         0         0         0         0         0         0 
dram[2]:         0         0         0         0         0         0         0         0         0         0         0         0         0         0         0         0 
dram[3]:         0         0         0         0         0         0         0         0         0         0         0         0         0         0         0         0 
dram[4]:         0         0         0         0         0         0         0         0         0         0         0         0         0         0         0         0 
dram[5]:         0         0         0         0         0         0         0         0         0         0         0         0         0         0         0         0 
dram[6]:         0         0         0         0         0         0         0         0         0         0         0         0         0         0         0         0 
dram[7]:         0         0         0         0         0         0         0         0         0         0         0         0         0         0         0         0 
dram[8]:         0         0         0         0         0         0         0         0         0         0         0         0         0         0         0         0 
dram[9]:         0         0         0         0         0         0         0         0         0         0         0         0         0         0         0         0 
dram[10]:         0         0         0         0         0         0         0         0         0         0         0         0         0         0         0         0 
dram[11]:         0         0         0         0         0         0         0         0         0         0         0         0         0         0         0         0 
dram[12]:         0         0         0         0         0         0         0         0         0         0         0         0         0         0         0         0 
dram[13]:         0         0         0         0         0         0         0         0         0         0         0         0         0         0         0         0 
dram[14]:         0         0         0         0         0         0         0         0         0         0         0         0         0         0         0         0 
dram[15]:         0         0         0         0         0         0         0         0         0         0         0         0         0         0         0         0 
dram[16]:         0         0         0         0         0         0         0         0         0         0         0         0         0         0         0         0 
dram[17]:         0         0         0         0         0         0         0         0         0         0         0         0         0         0         0         0 
dram[18]:         0         0         0         0         0         0         0         0         0         0         0         0         0         0         0         0 
dram[19]:         0         0         0         0         0         0         0         0         0         0         0         0         0         0         0         0 
dram[20]:         0         0         0         0         0         0         0         0         0         0         0         0         0         0         0         0 
dram[21]:         0         0         0         0         0         0         0         0         0         0         0         0         0         0         0         0 
dram[22]:         0         0         0         0         0         0         0         0         0         0         0         0         0         0         0         0 
dram[23]:         0         0         0         0         0         0         0         0         0         0         0         0         0         0         0         0 
dram[24]:         0         0         0         0         0         0         0         0         0         0         0         0         0         0         0         0 
dram[25]:         0         0         0         0         0         0         0         0         0         0         0         0         0         0         0         0 
dram[26]:         0         0         0         0         0         0         0         0         0         0         0         0         0         0         0         0 
dram[27]:         0         0         0         0         0         0         0         0         0         0         0         0         0         0         0         0 
dram[28]:         0         0         0         0         0         0         0         0         0         0         0         0         0         0         0         0 
dram[29]:         0         0         0         0         0         0         0         0         0         0         0         0         0         0         0         0 
dram[30]:         0         0         0         0         0         0         0         0         0         0         0         0         0         0         0         0 
dram[31]:         0         0         0         0         0         0         0         0         0         0         0         0         0         0         0         0 
total dram writes = 0
min_bank_accesses = 0!
min_chip_accesses = 0!
average mf latency per bank:
dram[0]:        497       542       542       543       527       528       529       529       521    none      none      none      none      none      none      none  
dram[1]:        499       547       547       547       528       529       529       528       532    none      none      none      none      none      none      none  
dram[2]:        498       544       545       545       528       528       530       529       529    none      none      none      none      none      none      none  
dram[3]:        496       549       543       552       529       529       529       530       533    none      none      none      none      none      none      none  
dram[4]:        574       545       545       547       531       526       528       528       539    none      none      none      none      none      none      none  
dram[5]:        579       549       545       547       529       530       529       530       532    none      none      none      none      none      none      none  
dram[6]:        500       550       547       543       529       529       529       527       521    none      none      none      none      none      none      none  
dram[7]:        540       548       542       544       528       528       528       529       531    none      none      none      none      none      none      none  
dram[8]:        527       552       542       543       532       529       529       530       531    none      none      none      none      none      none      none  
dram[9]:        526       549       539       540       528       527       528       530       536    none      none      none      none      none      none      none  
dram[10]:        508       549       541       542       528       529       537       541       599    none      none      none      none      none      none      none  
dram[11]:        508       565       540       544       530       528       531       529       530    none      none      none      none      none      none      none  
dram[12]:        504       549       541       545       529       530       531       529       528    none      none      none      none      none      none      none  
dram[13]:        502       552       547       543       530       528       529       529       536    none      none      none      none      none      none      none  
dram[14]:        506       554       545       546       533       529       528       530       528    none      none      none      none      none      none      none  
dram[15]:        503       569       543       542       530       526       530       528       532    none      none      none      none      none      none      none  
dram[16]:        580       536       546       550       529       533       529       530       526       522    none      none      none      none      none      none  
dram[17]:        576       545       546       542       532       529       529       526       531       532    none      none      none      none      none      none  
dram[18]:        573       543       547       546       531       529       527       528       537       529    none      none      none      none      none      none  
dram[19]:        584       539       542       543       528       529       530       530       540       531    none      none      none      none      none      none  
dram[20]:        575       543       546       547       530       528       529       529       532       530    none      none      none      none      none      none  
dram[21]:        509       542       542       541       528       529       529       529       533       533    none      none      none      none      none      none  
dram[22]:        577       539       540       540       530       531       529       529       519       519    none      none      none      none      none      none  
dram[23]:        573       546       543       542       528       532       528       528       530       532    none      none      none      none      none      none  
dram[24]:        506       543       547       550       530       530       531       530       554       537    none      none      none      none      none      none  
dram[25]:        507       548       539       540       529       532       529       528       530       529    none      none      none      none      none      none  
dram[26]:        508       543       540       539       528       531       529       530       540       529    none      none      none      none      none      none  
dram[27]:        506       544       543       545       531       531       532       531       528       531    none      none      none      none      none      none  
dram[28]:        508       546       540       541       529       532       533       529       528       434    none      none      none      none      none      none  
dram[29]:        508       547       544       542       528       529       529       531       528       530    none      none      none      none      none      none  
dram[30]:        505       545       545       545       531       533       530       530       529       530    none      none      none      none      none      none  
dram[31]:        509       547       540       543       532       529       528       528       532       531    none      none      none      none      none      none  
maximum mf latency per bank:
dram[0]:        388       388       428       393       377       376       429       424       374       262         0         0         0         0         0         0
dram[1]:        395       397       484       492       423       425       418       419       371       262         0         0         0         0         0         0
dram[2]:        397       392       411       404       381       428       423       428       369       262         0         0         0         0         0         0
dram[3]:        397       447       425       425       425       424       422       422       420       262         0         0         0         0         0         0
dram[4]:        400       394       414       411       423       422       424       424       427       262         0         0         0         0         0         0
dram[5]:        406       410       424       420       422       435       416       430       374       235         0         0         0         0         0         0
dram[6]:        401       425       422       413       418       420       429       377       376       262         0         0         0         0         0         0
dram[7]:        407       451       389       449       392       382       375       431       376       262         0         0         0         0         0         0
dram[8]:        545       408       408       408       429       423       426       424       369       262         0         0         0         0         0         0
dram[9]:        554       391       394       408       422       373       374       429       428       262         0         0         0         0         0         0
dram[10]:        400       396       400       404       419       426       464       433       500       262         0         0         0         0         0         0
dram[11]:        398       588       395       403       421       422       378       394       370       235         0         0         0         0         0         0
dram[12]:        393       424       397       401       425       431       429       424       369       262         0         0         0         0         0         0
dram[13]:        393       437       408       392       420       421       431       424       428       262         0         0         0         0         0         0
dram[14]:        393       408       424       433       424       428       424       423       369       262         0         0         0         0         0         0
dram[15]:        395       514       402       395       426       374       428       422       374       262         0         0         0         0         0         0
dram[16]:        396       390       409       449       424       428       379       423       369       373         0         0         0         0         0         0
dram[17]:        396       403       400       394       434       427       419       374       376       376         0         0         0         0         0         0
dram[18]:        392       397       412       420       427       422       377       374       380       369         0         0         0         0         0         0
dram[19]:        461       389       420       421       424       376       424       427       382       368         0         0         0         0         0         0
dram[20]:        404       409       427       443       418       396       417       430       376       370         0         0         0         0         0         0
dram[21]:        407       418       395       422       424       428       423       433       373       372         0         0         0         0         0         0
dram[22]:        397       401       389       406       426       419       426       423       367       371         0         0         0         0         0         0
dram[23]:        404       406       432       402       428       428       428       425       371       372         0         0         0         0         0         0
dram[24]:        428       407       421       441       422       427       428       426       422       390         0         0         0         0         0         0
dram[25]:        427       423       423       394       420       433       421       375       375       369         0         0         0         0         0         0
dram[26]:        434       407       392       389       421       428       375       417       433       371         0         0         0         0         0         0
dram[27]:        394       429       411       412       422       422       424       426       368       373         0         0         0         0         0         0
dram[28]:        400       410       404       386       381       419       427       419       367       367         0         0         0         0         0         0
dram[29]:        429       429       408       394       384       390       425       431       368       373         0         0         0         0         0         0
dram[30]:        398       411       398       420       419       420       429       378       368       371         0         0         0         0         0         0
dram[31]:        436       426       395       420       428       385       424       375       370       372         0         0         0         0         0         0
Memory Partition 0: 
Cache L2_bank_000:
MSHR contents

Cache L2_bank_001:
MSHR contents

In Dram Latency Queue (total = 0): 
DRAM[0]: 16 bks, busW=16 BL=2 CL=12, tRRD=3 tCCD=1, tRCD=12 tRAS=28 tRP=12 tRC=40
n_cmd=132594 n_nop=132063 n_act=10 n_pre=1 n_ref_event=0 n_req=520 n_rd=520 n_rd_L2_A=0 n_write=0 n_wr_bk=0 bw_util=0.003922
n_activity=5282 dram_eff=0.09845
bk0: 64a 132537i bk1: 64a 132575i bk2: 64a 132582i bk3: 64a 132582i bk4: 64a 132582i bk5: 64a 132577i bk6: 64a 132582i bk7: 64a 132580i bk8: 8a 132582i bk9: 0a 132594i bk10: 0a 132594i bk11: 0a 132594i bk12: 0a 132594i bk13: 0a 132594i bk14: 0a 132594i bk15: 0a 132594i 

------------------------------------------------------------------------

Row_Buffer_Locality = 0.980769
Row_Buffer_Locality_read = 0.980769
Row_Buffer_Locality_write = -nan
Bank_Level_Parallism = 1.005857
Bank_Level_Parallism_Col = 1.006051
Bank_Level_Parallism_Ready = 1.000000
write_to_read_ratio_blp_rw_average = 0.000000
GrpLevelPara = 1.006051 

BW Util details:
bwutil = 0.003922 
total_CMD = 132594 
util_bw = 520 
Wasted_Col = 151 
Wasted_Row = 12 
Idle = 131911 

BW Util Bottlenecks: 
RCDc_limit = 116 
RCDWRc_limit = 0 
WTRc_limit = 0 
RTWc_limit = 0 
CCDLc_limit = 35 
rwq = 0 
CCDLc_limit_alone = 35 
WTRc_limit_alone = 0 
RTWc_limit_alone = 0 

Commands details: 
total_CMD = 132594 
n_nop = 132063 
Read = 520 
Write = 0 
L2_Alloc = 0 
L2_WB = 0 
n_act = 10 
n_pre = 1 
n_ref = 0 
n_req = 520 
total_req = 520 

Dual Bus Interface Util: 
issued_total_row = 11 
issued_total_col = 520 
Row_Bus_Util =  0.000083 
CoL_Bus_Util = 0.003922 
Either_Row_CoL_Bus_Util = 0.004005 
Issued_on_Two_Bus_Simul_Util = 0.000000 
issued_two_Eff = 0.000000 
queue_avg = 0.001078 


dram_util_bins: 0 0 0 0 0 0 0 0 0 0
dram_eff_bins: 0 0 0 0 0 0 0 0 0 0
mrqq: max=3 avg=0.00107848
Memory Partition 1: 
Cache L2_bank_002:
MSHR contents

Cache L2_bank_003:
MSHR contents

In Dram Latency Queue (total = 0): 
DRAM[1]: 16 bks, busW=16 BL=2 CL=12, tRRD=3 tCCD=1, tRCD=12 tRAS=28 tRP=12 tRC=40
n_cmd=132594 n_nop=132063 n_act=10 n_pre=1 n_ref_event=0 n_req=520 n_rd=520 n_rd_L2_A=0 n_write=0 n_wr_bk=0 bw_util=0.003922
n_activity=5351 dram_eff=0.09718
bk0: 64a 132542i bk1: 64a 132579i bk2: 64a 132582i bk3: 64a 132582i bk4: 64a 132581i bk5: 64a 132577i bk6: 64a 132580i bk7: 64a 132581i bk8: 8a 132582i bk9: 0a 132594i bk10: 0a 132594i bk11: 0a 132594i bk12: 0a 132594i bk13: 0a 132594i bk14: 0a 132594i bk15: 0a 132594i 

------------------------------------------------------------------------

Row_Buffer_Locality = 0.980769
Row_Buffer_Locality_read = 0.980769
Row_Buffer_Locality_write = -nan
Bank_Level_Parallism = 1.002950
Bank_Level_Parallism_Col = 1.003049
Bank_Level_Parallism_Ready = 1.000000
write_to_read_ratio_blp_rw_average = 0.000000
GrpLevelPara = 1.003049 

BW Util details:
bwutil = 0.003922 
total_CMD = 132594 
util_bw = 520 
Wasted_Col = 146 
Wasted_Row = 12 
Idle = 131916 

BW Util Bottlenecks: 
RCDc_limit = 118 
RCDWRc_limit = 0 
WTRc_limit = 0 
RTWc_limit = 0 
CCDLc_limit = 28 
rwq = 0 
CCDLc_limit_alone = 28 
WTRc_limit_alone = 0 
RTWc_limit_alone = 0 

Commands details: 
total_CMD = 132594 
n_nop = 132063 
Read = 520 
Write = 0 
L2_Alloc = 0 
L2_WB = 0 
n_act = 10 
n_pre = 1 
n_ref = 0 
n_req = 520 
total_req = 520 

Dual Bus Interface Util: 
issued_total_row = 11 
issued_total_col = 520 
Row_Bus_Util =  0.000083 
CoL_Bus_Util = 0.003922 
Either_Row_CoL_Bus_Util = 0.004005 
Issued_on_Two_Bus_Simul_Util = 0.000000 
issued_two_Eff = 0.000000 
queue_avg = 0.001154 


dram_util_bins: 0 0 0 0 0 0 0 0 0 0
dram_eff_bins: 0 0 0 0 0 0 0 0 0 0
mrqq: max=3 avg=0.0011539
Memory Partition 2: 
Cache L2_bank_004:
MSHR contents

Cache L2_bank_005:
MSHR contents

In Dram Latency Queue (total = 0): 
DRAM[2]: 16 bks, busW=16 BL=2 CL=12, tRRD=3 tCCD=1, tRCD=12 tRAS=28 tRP=12 tRC=40
n_cmd=132594 n_nop=132063 n_act=10 n_pre=1 n_ref_event=0 n_req=520 n_rd=520 n_rd_L2_A=0 n_write=0 n_wr_bk=0 bw_util=0.003922
n_activity=5351 dram_eff=0.09718
bk0: 64a 132542i bk1: 64a 132575i bk2: 64a 132577i bk3: 64a 132582i bk4: 64a 132582i bk5: 64a 132581i bk6: 64a 132580i bk7: 64a 132582i bk8: 8a 132582i bk9: 0a 132594i bk10: 0a 132594i bk11: 0a 132594i bk12: 0a 132594i bk13: 0a 132594i bk14: 0a 132594i bk15: 0a 132594i 

------------------------------------------------------------------------

Row_Buffer_Locality = 0.980769
Row_Buffer_Locality_read = 0.980769
Row_Buffer_Locality_write = -nan
Bank_Level_Parallism = 1.001466
Bank_Level_Parallism_Col = 1.001515
Bank_Level_Parallism_Ready = 1.000000
write_to_read_ratio_blp_rw_average = 0.000000
GrpLevelPara = 1.001515 

BW Util details:
bwutil = 0.003922 
total_CMD = 132594 
util_bw = 520 
Wasted_Col = 150 
Wasted_Row = 12 
Idle = 131912 

BW Util Bottlenecks: 
RCDc_limit = 119 
RCDWRc_limit = 0 
WTRc_limit = 0 
RTWc_limit = 0 
CCDLc_limit = 31 
rwq = 0 
CCDLc_limit_alone = 31 
WTRc_limit_alone = 0 
RTWc_limit_alone = 0 

Commands details: 
total_CMD = 132594 
n_nop = 132063 
Read = 520 
Write = 0 
L2_Alloc = 0 
L2_WB = 0 
n_act = 10 
n_pre = 1 
n_ref = 0 
n_req = 520 
total_req = 520 

Dual Bus Interface Util: 
issued_total_row = 11 
issued_total_col = 520 
Row_Bus_Util =  0.000083 
CoL_Bus_Util = 0.003922 
Either_Row_CoL_Bus_Util = 0.004005 
Issued_on_Two_Bus_Simul_Util = 0.000000 
issued_two_Eff = 0.000000 
queue_avg = 0.000679 


dram_util_bins: 0 0 0 0 0 0 0 0 0 0
dram_eff_bins: 0 0 0 0 0 0 0 0 0 0
mrqq: max=3 avg=0.000678764
Memory Partition 3: 
Cache L2_bank_006:
MSHR contents

Cache L2_bank_007:
MSHR contents

In Dram Latency Queue (total = 0): 
DRAM[3]: 16 bks, busW=16 BL=2 CL=12, tRRD=3 tCCD=1, tRCD=12 tRAS=28 tRP=12 tRC=40
n_cmd=132594 n_nop=132063 n_act=10 n_pre=1 n_ref_event=0 n_req=520 n_rd=520 n_rd_L2_A=0 n_write=0 n_wr_bk=0 bw_util=0.003922
n_activity=5187 dram_eff=0.1003
bk0: 64a 132539i bk1: 64a 132575i bk2: 64a 132578i bk3: 64a 132577i bk4: 64a 132581i bk5: 64a 132582i bk6: 64a 132581i bk7: 64a 132581i bk8: 8a 132581i bk9: 0a 132594i bk10: 0a 132594i bk11: 0a 132594i bk12: 0a 132594i bk13: 0a 132594i bk14: 0a 132594i bk15: 0a 132594i 

------------------------------------------------------------------------

Row_Buffer_Locality = 0.980769
Row_Buffer_Locality_read = 0.980769
Row_Buffer_Locality_write = -nan
Bank_Level_Parallism = 1.023704
Bank_Level_Parallism_Col = 1.019878
Bank_Level_Parallism_Ready = 1.000000
write_to_read_ratio_blp_rw_average = 0.000000
GrpLevelPara = 1.019878 

BW Util details:
bwutil = 0.003922 
total_CMD = 132594 
util_bw = 520 
Wasted_Col = 143 
Wasted_Row = 12 
Idle = 131919 

BW Util Bottlenecks: 
RCDc_limit = 118 
RCDWRc_limit = 0 
WTRc_limit = 0 
RTWc_limit = 0 
CCDLc_limit = 35 
rwq = 0 
CCDLc_limit_alone = 35 
WTRc_limit_alone = 0 
RTWc_limit_alone = 0 

Commands details: 
total_CMD = 132594 
n_nop = 132063 
Read = 520 
Write = 0 
L2_Alloc = 0 
L2_WB = 0 
n_act = 10 
n_pre = 1 
n_ref = 0 
n_req = 520 
total_req = 520 

Dual Bus Interface Util: 
issued_total_row = 11 
issued_total_col = 520 
Row_Bus_Util =  0.000083 
CoL_Bus_Util = 0.003922 
Either_Row_CoL_Bus_Util = 0.004005 
Issued_on_Two_Bus_Simul_Util = 0.000000 
issued_two_Eff = 0.000000 
queue_avg = 0.000950 


dram_util_bins: 0 0 0 0 0 0 0 0 0 0
dram_eff_bins: 0 0 0 0 0 0 0 0 0 0
mrqq: max=3 avg=0.000950269
Memory Partition 4: 
Cache L2_bank_008:
MSHR contents

Cache L2_bank_009:
MSHR contents

In Dram Latency Queue (total = 0): 
DRAM[4]: 16 bks, busW=16 BL=2 CL=12, tRRD=3 tCCD=1, tRCD=12 tRAS=28 tRP=12 tRC=40
n_cmd=132594 n_nop=132073 n_act=9 n_pre=0 n_ref_event=0 n_req=512 n_rd=512 n_rd_L2_A=0 n_write=0 n_wr_bk=0 bw_util=0.003861
n_activity=5033 dram_eff=0.1017
bk0: 56a 132569i bk1: 64a 132574i bk2: 64a 132582i bk3: 64a 132582i bk4: 64a 132582i bk5: 64a 132582i bk6: 64a 132580i bk7: 64a 132582i bk8: 8a 132582i bk9: 0a 132594i bk10: 0a 132594i bk11: 0a 132594i bk12: 0a 132594i bk13: 0a 132594i bk14: 0a 132594i bk15: 0a 132594i 

------------------------------------------------------------------------

Row_Buffer_Locality = 0.982422
Row_Buffer_Locality_read = 0.982422
Row_Buffer_Locality_write = -nan
Bank_Level_Parallism = 1.003120
Bank_Level_Parallism_Col = 1.003165
Bank_Level_Parallism_Ready = 1.000000
write_to_read_ratio_blp_rw_average = 0.000000
GrpLevelPara = 1.003165 

BW Util details:
bwutil = 0.003861 
total_CMD = 132594 
util_bw = 512 
Wasted_Col = 129 
Wasted_Row = 0 
Idle = 131953 

BW Util Bottlenecks: 
RCDc_limit = 106 
RCDWRc_limit = 0 
WTRc_limit = 0 
RTWc_limit = 0 
CCDLc_limit = 23 
rwq = 0 
CCDLc_limit_alone = 23 
WTRc_limit_alone = 0 
RTWc_limit_alone = 0 

Commands details: 
total_CMD = 132594 
n_nop = 132073 
Read = 512 
Write = 0 
L2_Alloc = 0 
L2_WB = 0 
n_act = 9 
n_pre = 0 
n_ref = 0 
n_req = 512 
total_req = 512 

Dual Bus Interface Util: 
issued_total_row = 9 
issued_total_col = 512 
Row_Bus_Util =  0.000068 
CoL_Bus_Util = 0.003861 
Either_Row_CoL_Bus_Util = 0.003929 
Issued_on_Two_Bus_Simul_Util = 0.000000 
issued_two_Eff = 0.000000 
queue_avg = 0.000475 


dram_util_bins: 0 0 0 0 0 0 0 0 0 0
dram_eff_bins: 0 0 0 0 0 0 0 0 0 0
mrqq: max=4 avg=0.000475135
Memory Partition 5: 
Cache L2_bank_010:
MSHR contents

Cache L2_bank_011:
MSHR contents

In Dram Latency Queue (total = 0): 
DRAM[5]: 16 bks, busW=16 BL=2 CL=12, tRRD=3 tCCD=1, tRCD=12 tRAS=28 tRP=12 tRC=40
n_cmd=132594 n_nop=132073 n_act=9 n_pre=0 n_ref_event=0 n_req=512 n_rd=512 n_rd_L2_A=0 n_write=0 n_wr_bk=0 bw_util=0.003861
n_activity=5349 dram_eff=0.09572
bk0: 56a 132573i bk1: 64a 132575i bk2: 64a 132578i bk3: 64a 132578i bk4: 64a 132577i bk5: 64a 132580i bk6: 64a 132582i bk7: 64a 132582i bk8: 8a 132581i bk9: 0a 132594i bk10: 0a 132594i bk11: 0a 132594i bk12: 0a 132594i bk13: 0a 132594i bk14: 0a 132594i bk15: 0a 132594i 

------------------------------------------------------------------------

Row_Buffer_Locality = 0.982422
Row_Buffer_Locality_read = 0.982422
Row_Buffer_Locality_write = -nan
Bank_Level_Parallism = 1.017161
Bank_Level_Parallism_Col = 1.015798
Bank_Level_Parallism_Ready = 1.000000
write_to_read_ratio_blp_rw_average = 0.000000
GrpLevelPara = 1.015798 

BW Util details:
bwutil = 0.003861 
total_CMD = 132594 
util_bw = 512 
Wasted_Col = 129 
Wasted_Row = 0 
Idle = 131953 

BW Util Bottlenecks: 
RCDc_limit = 105 
RCDWRc_limit = 0 
WTRc_limit = 0 
RTWc_limit = 0 
CCDLc_limit = 32 
rwq = 0 
CCDLc_limit_alone = 32 
WTRc_limit_alone = 0 
RTWc_limit_alone = 0 

Commands details: 
total_CMD = 132594 
n_nop = 132073 
Read = 512 
Write = 0 
L2_Alloc = 0 
L2_WB = 0 
n_act = 9 
n_pre = 0 
n_ref = 0 
n_req = 512 
total_req = 512 

Dual Bus Interface Util: 
issued_total_row = 9 
issued_total_col = 512 
Row_Bus_Util =  0.000068 
CoL_Bus_Util = 0.003861 
Either_Row_CoL_Bus_Util = 0.003929 
Issued_on_Two_Bus_Simul_Util = 0.000000 
issued_two_Eff = 0.000000 
queue_avg = 0.000505 


dram_util_bins: 0 0 0 0 0 0 0 0 0 0
dram_eff_bins: 0 0 0 0 0 0 0 0 0 0
mrqq: max=3 avg=0.000505302
Memory Partition 6: 
Cache L2_bank_012:
MSHR contents

Cache L2_bank_013:
MSHR contents

In Dram Latency Queue (total = 0): 
DRAM[6]: 16 bks, busW=16 BL=2 CL=12, tRRD=3 tCCD=1, tRCD=12 tRAS=28 tRP=12 tRC=40
n_cmd=132594 n_nop=132063 n_act=10 n_pre=1 n_ref_event=0 n_req=520 n_rd=520 n_rd_L2_A=0 n_write=0 n_wr_bk=0 bw_util=0.003922
n_activity=5123 dram_eff=0.1015
bk0: 64a 132544i bk1: 64a 132574i bk2: 64a 132581i bk3: 64a 132582i bk4: 64a 132582i bk5: 64a 132578i bk6: 64a 132577i bk7: 64a 132580i bk8: 8a 132581i bk9: 0a 132594i bk10: 0a 132594i bk11: 0a 132594i bk12: 0a 132594i bk13: 0a 132594i bk14: 0a 132594i bk15: 0a 132594i 

------------------------------------------------------------------------

Row_Buffer_Locality = 0.980769
Row_Buffer_Locality_read = 0.980769
Row_Buffer_Locality_write = -nan
Bank_Level_Parallism = 1.001458
Bank_Level_Parallism_Col = 1.001506
Bank_Level_Parallism_Ready = 1.001923
write_to_read_ratio_blp_rw_average = 0.000000
GrpLevelPara = 1.001506 

BW Util details:
bwutil = 0.003922 
total_CMD = 132594 
util_bw = 520 
Wasted_Col = 154 
Wasted_Row = 12 
Idle = 131908 

BW Util Bottlenecks: 
RCDc_limit = 120 
RCDWRc_limit = 0 
WTRc_limit = 0 
RTWc_limit = 0 
CCDLc_limit = 34 
rwq = 0 
CCDLc_limit_alone = 34 
WTRc_limit_alone = 0 
RTWc_limit_alone = 0 

Commands details: 
total_CMD = 132594 
n_nop = 132063 
Read = 520 
Write = 0 
L2_Alloc = 0 
L2_WB = 0 
n_act = 10 
n_pre = 1 
n_ref = 0 
n_req = 520 
total_req = 520 

Dual Bus Interface Util: 
issued_total_row = 11 
issued_total_col = 520 
Row_Bus_Util =  0.000083 
CoL_Bus_Util = 0.003922 
Either_Row_CoL_Bus_Util = 0.004005 
Issued_on_Two_Bus_Simul_Util = 0.000000 
issued_two_Eff = 0.000000 
queue_avg = 0.001041 


dram_util_bins: 0 0 0 0 0 0 0 0 0 0
dram_eff_bins: 0 0 0 0 0 0 0 0 0 0
mrqq: max=3 avg=0.00104077
Memory Partition 7: 
Cache L2_bank_014:
MSHR contents

Cache L2_bank_015:
MSHR contents

In Dram Latency Queue (total = 0): 
DRAM[7]: 16 bks, busW=16 BL=2 CL=12, tRRD=3 tCCD=1, tRCD=12 tRAS=28 tRP=12 tRC=40
n_cmd=132594 n_nop=132067 n_act=10 n_pre=1 n_ref_event=0 n_req=516 n_rd=516 n_rd_L2_A=0 n_write=0 n_wr_bk=0 bw_util=0.003892
n_activity=5180 dram_eff=0.09961
bk0: 60a 132542i bk1: 64a 132580i bk2: 64a 132581i bk3: 64a 132579i bk4: 64a 132582i bk5: 64a 132571i bk6: 64a 132581i bk7: 64a 132580i bk8: 8a 132581i bk9: 0a 132594i bk10: 0a 132594i bk11: 0a 132594i bk12: 0a 132594i bk13: 0a 132594i bk14: 0a 132594i bk15: 0a 132594i 

------------------------------------------------------------------------

Row_Buffer_Locality = 0.980620
Row_Buffer_Locality_read = 0.980620
Row_Buffer_Locality_write = -nan
Bank_Level_Parallism = 1.004399
Bank_Level_Parallism_Col = 1.004545
Bank_Level_Parallism_Ready = 1.000000
write_to_read_ratio_blp_rw_average = 0.000000
GrpLevelPara = 1.004545 

BW Util details:
bwutil = 0.003892 
total_CMD = 132594 
util_bw = 516 
Wasted_Col = 154 
Wasted_Row = 12 
Idle = 131912 

BW Util Bottlenecks: 
RCDc_limit = 117 
RCDWRc_limit = 0 
WTRc_limit = 0 
RTWc_limit = 0 
CCDLc_limit = 37 
rwq = 0 
CCDLc_limit_alone = 37 
WTRc_limit_alone = 0 
RTWc_limit_alone = 0 

Commands details: 
total_CMD = 132594 
n_nop = 132067 
Read = 516 
Write = 0 
L2_Alloc = 0 
L2_WB = 0 
n_act = 10 
n_pre = 1 
n_ref = 0 
n_req = 516 
total_req = 516 

Dual Bus Interface Util: 
issued_total_row = 11 
issued_total_col = 516 
Row_Bus_Util =  0.000083 
CoL_Bus_Util = 0.003892 
Either_Row_CoL_Bus_Util = 0.003975 
Issued_on_Two_Bus_Simul_Util = 0.000000 
issued_two_Eff = 0.000000 
queue_avg = 0.000716 


dram_util_bins: 0 0 0 0 0 0 0 0 0 0
dram_eff_bins: 0 0 0 0 0 0 0 0 0 0
mrqq: max=3 avg=0.000716473
Memory Partition 8: 
Cache L2_bank_016:
MSHR contents

Cache L2_bank_017:
MSHR contents

In Dram Latency Queue (total = 0): 
DRAM[8]: 16 bks, busW=16 BL=2 CL=12, tRRD=3 tCCD=1, tRCD=12 tRAS=28 tRP=12 tRC=40
n_cmd=132594 n_nop=132061 n_act=11 n_pre=2 n_ref_event=0 n_req=520 n_rd=520 n_rd_L2_A=0 n_write=0 n_wr_bk=0 bw_util=0.003922
n_activity=4957 dram_eff=0.1049
bk0: 64a 132514i bk1: 64a 132574i bk2: 64a 132575i bk3: 64a 132577i bk4: 64a 132581i bk5: 64a 132578i bk6: 64a 132580i bk7: 64a 132576i bk8: 8a 132582i bk9: 0a 132594i bk10: 0a 132594i bk11: 0a 132594i bk12: 0a 132594i bk13: 0a 132594i bk14: 0a 132594i bk15: 0a 132594i 

------------------------------------------------------------------------

Row_Buffer_Locality = 0.978846
Row_Buffer_Locality_read = 0.978846
Row_Buffer_Locality_write = -nan
Bank_Level_Parallism = 1.001374
Bank_Level_Parallism_Col = 1.001447
Bank_Level_Parallism_Ready = 1.000000
write_to_read_ratio_blp_rw_average = 0.000000
GrpLevelPara = 1.001447 

BW Util details:
bwutil = 0.003922 
total_CMD = 132594 
util_bw = 520 
Wasted_Col = 182 
Wasted_Row = 26 
Idle = 131866 

BW Util Bottlenecks: 
RCDc_limit = 131 
RCDWRc_limit = 0 
WTRc_limit = 0 
RTWc_limit = 0 
CCDLc_limit = 51 
rwq = 0 
CCDLc_limit_alone = 51 
WTRc_limit_alone = 0 
RTWc_limit_alone = 0 

Commands details: 
total_CMD = 132594 
n_nop = 132061 
Read = 520 
Write = 0 
L2_Alloc = 0 
L2_WB = 0 
n_act = 11 
n_pre = 2 
n_ref = 0 
n_req = 520 
total_req = 520 

Dual Bus Interface Util: 
issued_total_row = 13 
issued_total_col = 520 
Row_Bus_Util =  0.000098 
CoL_Bus_Util = 0.003922 
Either_Row_CoL_Bus_Util = 0.004020 
Issued_on_Two_Bus_Simul_Util = 0.000000 
issued_two_Eff = 0.000000 
queue_avg = 0.002504 


dram_util_bins: 0 0 0 0 0 0 0 0 0 0
dram_eff_bins: 0 0 0 0 0 0 0 0 0 0
mrqq: max=7 avg=0.00250388
Memory Partition 9: 
Cache L2_bank_018:
MSHR contents

Cache L2_bank_019:
MSHR contents

In Dram Latency Queue (total = 0): 
DRAM[9]: 16 bks, busW=16 BL=2 CL=12, tRRD=3 tCCD=1, tRCD=12 tRAS=28 tRP=12 tRC=40
n_cmd=132594 n_nop=132059 n_act=12 n_pre=3 n_ref_event=0 n_req=520 n_rd=520 n_rd_L2_A=0 n_write=0 n_wr_bk=0 bw_util=0.003922
n_activity=5236 dram_eff=0.09931
bk0: 64a 132482i bk1: 64a 132582i bk2: 64a 132582i bk3: 64a 132577i bk4: 64a 132581i bk5: 64a 132579i bk6: 64a 132582i bk7: 64a 132579i bk8: 8a 132582i bk9: 0a 132594i bk10: 0a 132594i bk11: 0a 132594i bk12: 0a 132594i bk13: 0a 132594i bk14: 0a 132594i bk15: 0a 132594i 

------------------------------------------------------------------------

Row_Buffer_Locality = 0.976923
Row_Buffer_Locality_read = 0.976923
Row_Buffer_Locality_write = -nan
Bank_Level_Parallism = 1.005435
Bank_Level_Parallism_Col = 1.005891
Bank_Level_Parallism_Ready = 1.001923
write_to_read_ratio_blp_rw_average = 0.000000
GrpLevelPara = 1.005891 

BW Util details:
bwutil = 0.003922 
total_CMD = 132594 
util_bw = 520 
Wasted_Col = 171 
Wasted_Row = 45 
Idle = 131858 

BW Util Bottlenecks: 
RCDc_limit = 141 
RCDWRc_limit = 0 
WTRc_limit = 0 
RTWc_limit = 0 
CCDLc_limit = 30 
rwq = 0 
CCDLc_limit_alone = 30 
WTRc_limit_alone = 0 
RTWc_limit_alone = 0 

Commands details: 
total_CMD = 132594 
n_nop = 132059 
Read = 520 
Write = 0 
L2_Alloc = 0 
L2_WB = 0 
n_act = 12 
n_pre = 3 
n_ref = 0 
n_req = 520 
total_req = 520 

Dual Bus Interface Util: 
issued_total_row = 15 
issued_total_col = 520 
Row_Bus_Util =  0.000113 
CoL_Bus_Util = 0.003922 
Either_Row_CoL_Bus_Util = 0.004035 
Issued_on_Two_Bus_Simul_Util = 0.000000 
issued_two_Eff = 0.000000 
queue_avg = 0.004042 


dram_util_bins: 0 0 0 0 0 0 0 0 0 0
dram_eff_bins: 0 0 0 0 0 0 0 0 0 0
mrqq: max=11 avg=0.00404242
Memory Partition 10: 
Cache L2_bank_020:
MSHR contents

Cache L2_bank_021:
MSHR contents

In Dram Latency Queue (total = 0): 
DRAM[10]: 16 bks, busW=16 BL=2 CL=12, tRRD=3 tCCD=1, tRCD=12 tRAS=28 tRP=12 tRC=40
n_cmd=132594 n_nop=132059 n_act=12 n_pre=3 n_ref_event=0 n_req=520 n_rd=520 n_rd_L2_A=0 n_write=0 n_wr_bk=0 bw_util=0.003922
n_activity=5195 dram_eff=0.1001
bk0: 64a 132492i bk1: 64a 132570i bk2: 64a 132579i bk3: 64a 132573i bk4: 64a 132582i bk5: 64a 132579i bk6: 64a 132582i bk7: 64a 132577i bk8: 8a 132578i bk9: 0a 132594i bk10: 0a 132594i bk11: 0a 132594i bk12: 0a 132594i bk13: 0a 132594i bk14: 0a 132594i bk15: 0a 132594i 

------------------------------------------------------------------------

Row_Buffer_Locality = 0.976923
Row_Buffer_Locality_read = 0.976923
Row_Buffer_Locality_write = -nan
Bank_Level_Parallism = 1.048679
Bank_Level_Parallism_Col = 1.038235
Bank_Level_Parallism_Ready = 1.005769
write_to_read_ratio_blp_rw_average = 0.000000
GrpLevelPara = 1.020588 

BW Util details:
bwutil = 0.003922 
total_CMD = 132594 
util_bw = 520 
Wasted_Col = 171 
Wasted_Row = 28 
Idle = 131875 

BW Util Bottlenecks: 
RCDc_limit = 129 
RCDWRc_limit = 0 
WTRc_limit = 0 
RTWc_limit = 0 
CCDLc_limit = 51 
rwq = 0 
CCDLc_limit_alone = 51 
WTRc_limit_alone = 0 
RTWc_limit_alone = 0 

Commands details: 
total_CMD = 132594 
n_nop = 132059 
Read = 520 
Write = 0 
L2_Alloc = 0 
L2_WB = 0 
n_act = 12 
n_pre = 3 
n_ref = 0 
n_req = 520 
total_req = 520 

Dual Bus Interface Util: 
issued_total_row = 15 
issued_total_col = 520 
Row_Bus_Util =  0.000113 
CoL_Bus_Util = 0.003922 
Either_Row_CoL_Bus_Util = 0.004035 
Issued_on_Two_Bus_Simul_Util = 0.000000 
issued_two_Eff = 0.000000 
queue_avg = 0.002029 


dram_util_bins: 0 0 0 0 0 0 0 0 0 0
dram_eff_bins: 0 0 0 0 0 0 0 0 0 0
mrqq: max=7 avg=0.00202875
Memory Partition 11: 
Cache L2_bank_022:
MSHR contents

Cache L2_bank_023:
MSHR contents

In Dram Latency Queue (total = 0): 
DRAM[11]: 16 bks, busW=16 BL=2 CL=12, tRRD=3 tCCD=1, tRCD=12 tRAS=28 tRP=12 tRC=40
n_cmd=132594 n_nop=132058 n_act=13 n_pre=4 n_ref_event=0 n_req=520 n_rd=520 n_rd_L2_A=0 n_write=0 n_wr_bk=0 bw_util=0.003922
n_activity=5025 dram_eff=0.1035
bk0: 64a 132475i bk1: 64a 132576i bk2: 64a 132582i bk3: 64a 132582i bk4: 64a 132581i bk5: 64a 132582i bk6: 64a 132579i bk7: 64a 132582i bk8: 8a 132581i bk9: 0a 132594i bk10: 0a 132594i bk11: 0a 132594i bk12: 0a 132594i bk13: 0a 132594i bk14: 0a 132594i bk15: 0a 132594i 

------------------------------------------------------------------------

Row_Buffer_Locality = 0.975000
Row_Buffer_Locality_read = 0.975000
Row_Buffer_Locality_write = -nan
Bank_Level_Parallism = 1.024725
Bank_Level_Parallism_Col = 1.011817
Bank_Level_Parallism_Ready = 1.000000
write_to_read_ratio_blp_rw_average = 0.000000
GrpLevelPara = 1.011817 

BW Util details:
bwutil = 0.003922 
total_CMD = 132594 
util_bw = 520 
Wasted_Col = 168 
Wasted_Row = 40 
Idle = 131866 

BW Util Bottlenecks: 
RCDc_limit = 150 
RCDWRc_limit = 0 
WTRc_limit = 0 
RTWc_limit = 0 
CCDLc_limit = 22 
rwq = 0 
CCDLc_limit_alone = 22 
WTRc_limit_alone = 0 
RTWc_limit_alone = 0 

Commands details: 
total_CMD = 132594 
n_nop = 132058 
Read = 520 
Write = 0 
L2_Alloc = 0 
L2_WB = 0 
n_act = 13 
n_pre = 4 
n_ref = 0 
n_req = 520 
total_req = 520 

Dual Bus Interface Util: 
issued_total_row = 17 
issued_total_col = 520 
Row_Bus_Util =  0.000128 
CoL_Bus_Util = 0.003922 
Either_Row_CoL_Bus_Util = 0.004042 
Issued_on_Two_Bus_Simul_Util = 0.000008 
issued_two_Eff = 0.001866 
queue_avg = 0.001456 


dram_util_bins: 0 0 0 0 0 0 0 0 0 0
dram_eff_bins: 0 0 0 0 0 0 0 0 0 0
mrqq: max=5 avg=0.00145557
Memory Partition 12: 
Cache L2_bank_024:
MSHR contents

Cache L2_bank_025:
MSHR contents

In Dram Latency Queue (total = 0): 
DRAM[12]: 16 bks, busW=16 BL=2 CL=12, tRRD=3 tCCD=1, tRCD=12 tRAS=28 tRP=12 tRC=40
n_cmd=132594 n_nop=132063 n_act=10 n_pre=1 n_ref_event=0 n_req=520 n_rd=520 n_rd_L2_A=0 n_write=0 n_wr_bk=0 bw_util=0.003922
n_activity=5033 dram_eff=0.1033
bk0: 64a 132541i bk1: 64a 132578i bk2: 64a 132579i bk3: 64a 132581i bk4: 64a 132581i bk5: 64a 132579i bk6: 64a 132581i bk7: 64a 132578i bk8: 8a 132581i bk9: 0a 132594i bk10: 0a 132594i bk11: 0a 132594i bk12: 0a 132594i bk13: 0a 132594i bk14: 0a 132594i bk15: 0a 132594i 

------------------------------------------------------------------------

Row_Buffer_Locality = 0.980769
Row_Buffer_Locality_read = 0.980769
Row_Buffer_Locality_write = -nan
Bank_Level_Parallism = 1.005857
Bank_Level_Parallism_Col = 1.006051
Bank_Level_Parallism_Ready = 1.003846
write_to_read_ratio_blp_rw_average = 0.000000
GrpLevelPara = 1.006051 

BW Util details:
bwutil = 0.003922 
total_CMD = 132594 
util_bw = 520 
Wasted_Col = 151 
Wasted_Row = 12 
Idle = 131911 

BW Util Bottlenecks: 
RCDc_limit = 118 
RCDWRc_limit = 0 
WTRc_limit = 0 
RTWc_limit = 0 
CCDLc_limit = 33 
rwq = 0 
CCDLc_limit_alone = 33 
WTRc_limit_alone = 0 
RTWc_limit_alone = 0 

Commands details: 
total_CMD = 132594 
n_nop = 132063 
Read = 520 
Write = 0 
L2_Alloc = 0 
L2_WB = 0 
n_act = 10 
n_pre = 1 
n_ref = 0 
n_req = 520 
total_req = 520 

Dual Bus Interface Util: 
issued_total_row = 11 
issued_total_col = 520 
Row_Bus_Util =  0.000083 
CoL_Bus_Util = 0.003922 
Either_Row_CoL_Bus_Util = 0.004005 
Issued_on_Two_Bus_Simul_Util = 0.000000 
issued_two_Eff = 0.000000 
queue_avg = 0.000905 


dram_util_bins: 0 0 0 0 0 0 0 0 0 0
dram_eff_bins: 0 0 0 0 0 0 0 0 0 0
mrqq: max=4 avg=0.000905018
Memory Partition 13: 
Cache L2_bank_026:
MSHR contents

Cache L2_bank_027:
MSHR contents

In Dram Latency Queue (total = 0): 
DRAM[13]: 16 bks, busW=16 BL=2 CL=12, tRRD=3 tCCD=1, tRCD=12 tRAS=28 tRP=12 tRC=40
n_cmd=132594 n_nop=132063 n_act=10 n_pre=1 n_ref_event=0 n_req=520 n_rd=520 n_rd_L2_A=0 n_write=0 n_wr_bk=0 bw_util=0.003922
n_activity=5415 dram_eff=0.09603
bk0: 64a 132543i bk1: 64a 132580i bk2: 64a 132582i bk3: 64a 132580i bk4: 64a 132581i bk5: 64a 132582i bk6: 64a 132576i bk7: 64a 132581i bk8: 8a 132581i bk9: 0a 132594i bk10: 0a 132594i bk11: 0a 132594i bk12: 0a 132594i bk13: 0a 132594i bk14: 0a 132594i bk15: 0a 132594i 

------------------------------------------------------------------------

Row_Buffer_Locality = 0.980769
Row_Buffer_Locality_read = 0.980769
Row_Buffer_Locality_write = -nan
Bank_Level_Parallism = 1.007407
Bank_Level_Parallism_Col = 1.006116
Bank_Level_Parallism_Ready = 1.000000
write_to_read_ratio_blp_rw_average = 0.000000
GrpLevelPara = 1.006116 

BW Util details:
bwutil = 0.003922 
total_CMD = 132594 
util_bw = 520 
Wasted_Col = 143 
Wasted_Row = 12 
Idle = 131919 

BW Util Bottlenecks: 
RCDc_limit = 117 
RCDWRc_limit = 0 
WTRc_limit = 0 
RTWc_limit = 0 
CCDLc_limit = 28 
rwq = 0 
CCDLc_limit_alone = 28 
WTRc_limit_alone = 0 
RTWc_limit_alone = 0 

Commands details: 
total_CMD = 132594 
n_nop = 132063 
Read = 520 
Write = 0 
L2_Alloc = 0 
L2_WB = 0 
n_act = 10 
n_pre = 1 
n_ref = 0 
n_req = 520 
total_req = 520 

Dual Bus Interface Util: 
issued_total_row = 11 
issued_total_col = 520 
Row_Bus_Util =  0.000083 
CoL_Bus_Util = 0.003922 
Either_Row_CoL_Bus_Util = 0.004005 
Issued_on_Two_Bus_Simul_Util = 0.000000 
issued_two_Eff = 0.000000 
queue_avg = 0.000928 


dram_util_bins: 0 0 0 0 0 0 0 0 0 0
dram_eff_bins: 0 0 0 0 0 0 0 0 0 0
mrqq: max=4 avg=0.000927644
Memory Partition 14: 
Cache L2_bank_028:
MSHR contents

Cache L2_bank_029:
MSHR contents

In Dram Latency Queue (total = 0): 
DRAM[14]: 16 bks, busW=16 BL=2 CL=12, tRRD=3 tCCD=1, tRCD=12 tRAS=28 tRP=12 tRC=40
n_cmd=132594 n_nop=132063 n_act=10 n_pre=1 n_ref_event=0 n_req=520 n_rd=520 n_rd_L2_A=0 n_write=0 n_wr_bk=0 bw_util=0.003922
n_activity=5209 dram_eff=0.09983
bk0: 64a 132538i bk1: 64a 132576i bk2: 64a 132577i bk3: 64a 132573i bk4: 64a 132582i bk5: 64a 132581i bk6: 64a 132580i bk7: 64a 132578i bk8: 8a 132581i bk9: 0a 132594i bk10: 0a 132594i bk11: 0a 132594i bk12: 0a 132594i bk13: 0a 132594i bk14: 0a 132594i bk15: 0a 132594i 

------------------------------------------------------------------------

Row_Buffer_Locality = 0.980769
Row_Buffer_Locality_read = 0.980769
Row_Buffer_Locality_write = -nan
Bank_Level_Parallism = 1.023392
Bank_Level_Parallism_Col = 1.022624
Bank_Level_Parallism_Ready = 1.000000
write_to_read_ratio_blp_rw_average = 0.000000
GrpLevelPara = 1.022624 

BW Util details:
bwutil = 0.003922 
total_CMD = 132594 
util_bw = 520 
Wasted_Col = 152 
Wasted_Row = 12 
Idle = 131910 

BW Util Bottlenecks: 
RCDc_limit = 115 
RCDWRc_limit = 0 
WTRc_limit = 0 
RTWc_limit = 0 
CCDLc_limit = 46 
rwq = 0 
CCDLc_limit_alone = 46 
WTRc_limit_alone = 0 
RTWc_limit_alone = 0 

Commands details: 
total_CMD = 132594 
n_nop = 132063 
Read = 520 
Write = 0 
L2_Alloc = 0 
L2_WB = 0 
n_act = 10 
n_pre = 1 
n_ref = 0 
n_req = 520 
total_req = 520 

Dual Bus Interface Util: 
issued_total_row = 11 
issued_total_col = 520 
Row_Bus_Util =  0.000083 
CoL_Bus_Util = 0.003922 
Either_Row_CoL_Bus_Util = 0.004005 
Issued_on_Two_Bus_Simul_Util = 0.000000 
issued_two_Eff = 0.000000 
queue_avg = 0.001335 


dram_util_bins: 0 0 0 0 0 0 0 0 0 0
dram_eff_bins: 0 0 0 0 0 0 0 0 0 0
mrqq: max=5 avg=0.0013349
Memory Partition 15: 
Cache L2_bank_030:
MSHR contents

Cache L2_bank_031:
MSHR contents

In Dram Latency Queue (total = 0): 
DRAM[15]: 16 bks, busW=16 BL=2 CL=12, tRRD=3 tCCD=1, tRCD=12 tRAS=28 tRP=12 tRC=40
n_cmd=132594 n_nop=132064 n_act=10 n_pre=1 n_ref_event=0 n_req=520 n_rd=520 n_rd_L2_A=0 n_write=0 n_wr_bk=0 bw_util=0.003922
n_activity=5394 dram_eff=0.0964
bk0: 64a 132542i bk1: 64a 132575i bk2: 64a 132580i bk3: 64a 132579i bk4: 64a 132577i bk5: 64a 132581i bk6: 64a 132582i bk7: 64a 132582i bk8: 8a 132582i bk9: 0a 132594i bk10: 0a 132594i bk11: 0a 132594i bk12: 0a 132594i bk13: 0a 132594i bk14: 0a 132594i bk15: 0a 132594i 

------------------------------------------------------------------------

Row_Buffer_Locality = 0.980769
Row_Buffer_Locality_read = 0.980769
Row_Buffer_Locality_write = -nan
Bank_Level_Parallism = 1.008824
Bank_Level_Parallism_Col = 1.007587
Bank_Level_Parallism_Ready = 1.001923
write_to_read_ratio_blp_rw_average = 0.000000
GrpLevelPara = 1.007587 

BW Util details:
bwutil = 0.003922 
total_CMD = 132594 
util_bw = 520 
Wasted_Col = 148 
Wasted_Row = 12 
Idle = 131914 

BW Util Bottlenecks: 
RCDc_limit = 116 
RCDWRc_limit = 0 
WTRc_limit = 0 
RTWc_limit = 0 
CCDLc_limit = 33 
rwq = 0 
CCDLc_limit_alone = 33 
WTRc_limit_alone = 0 
RTWc_limit_alone = 0 

Commands details: 
total_CMD = 132594 
n_nop = 132064 
Read = 520 
Write = 0 
L2_Alloc = 0 
L2_WB = 0 
n_act = 10 
n_pre = 1 
n_ref = 0 
n_req = 520 
total_req = 520 

Dual Bus Interface Util: 
issued_total_row = 11 
issued_total_col = 520 
Row_Bus_Util =  0.000083 
CoL_Bus_Util = 0.003922 
Either_Row_CoL_Bus_Util = 0.003997 
Issued_on_Two_Bus_Simul_Util = 0.000008 
issued_two_Eff = 0.001887 
queue_avg = 0.001614 


dram_util_bins: 0 0 0 0 0 0 0 0 0 0
dram_eff_bins: 0 0 0 0 0 0 0 0 0 0
mrqq: max=7 avg=0.00161395
Memory Partition 16: 
Cache L2_bank_032:
MSHR contents

Cache L2_bank_033:
MSHR contents

In Dram Latency Queue (total = 0): 
DRAM[16]: 16 bks, busW=16 BL=2 CL=12, tRRD=3 tCCD=1, tRCD=12 tRAS=28 tRP=12 tRC=40
n_cmd=132594 n_nop=132064 n_act=10 n_pre=0 n_ref_event=0 n_req=520 n_rd=520 n_rd_L2_A=0 n_write=0 n_wr_bk=0 bw_util=0.003922
n_activity=4980 dram_eff=0.1044
bk0: 56a 132578i bk1: 64a 132570i bk2: 64a 132582i bk3: 64a 132581i bk4: 64a 132582i bk5: 64a 132579i bk6: 64a 132578i bk7: 64a 132581i bk8: 8a 132581i bk9: 8a 132582i bk10: 0a 132594i bk11: 0a 132594i bk12: 0a 132594i bk13: 0a 132594i bk14: 0a 132594i bk15: 0a 132594i 

------------------------------------------------------------------------

Row_Buffer_Locality = 0.980769
Row_Buffer_Locality_read = 0.980769
Row_Buffer_Locality_write = -nan
Bank_Level_Parallism = 1.029366
Bank_Level_Parallism_Col = 1.026604
Bank_Level_Parallism_Ready = 1.001923
write_to_read_ratio_blp_rw_average = 0.000000
GrpLevelPara = 1.026604 

BW Util details:
bwutil = 0.003922 
total_CMD = 132594 
util_bw = 520 
Wasted_Col = 127 
Wasted_Row = 0 
Idle = 131947 

BW Util Bottlenecks: 
RCDc_limit = 115 
RCDWRc_limit = 0 
WTRc_limit = 0 
RTWc_limit = 0 
CCDLc_limit = 25 
rwq = 0 
CCDLc_limit_alone = 25 
WTRc_limit_alone = 0 
RTWc_limit_alone = 0 

Commands details: 
total_CMD = 132594 
n_nop = 132064 
Read = 520 
Write = 0 
L2_Alloc = 0 
L2_WB = 0 
n_act = 10 
n_pre = 0 
n_ref = 0 
n_req = 520 
total_req = 520 

Dual Bus Interface Util: 
issued_total_row = 10 
issued_total_col = 520 
Row_Bus_Util =  0.000075 
CoL_Bus_Util = 0.003922 
Either_Row_CoL_Bus_Util = 0.003997 
Issued_on_Two_Bus_Simul_Util = 0.000000 
issued_two_Eff = 0.000000 
queue_avg = 0.000468 


dram_util_bins: 0 0 0 0 0 0 0 0 0 0
dram_eff_bins: 0 0 0 0 0 0 0 0 0 0
mrqq: max=3 avg=0.000467593
Memory Partition 17: 
Cache L2_bank_034:
MSHR contents

Cache L2_bank_035:
MSHR contents

In Dram Latency Queue (total = 0): 
DRAM[17]: 16 bks, busW=16 BL=2 CL=12, tRRD=3 tCCD=1, tRCD=12 tRAS=28 tRP=12 tRC=40
n_cmd=132594 n_nop=132064 n_act=10 n_pre=0 n_ref_event=0 n_req=520 n_rd=520 n_rd_L2_A=0 n_write=0 n_wr_bk=0 bw_util=0.003922
n_activity=5085 dram_eff=0.1023
bk0: 56a 132578i bk1: 64a 132579i bk2: 64a 132581i bk3: 64a 132581i bk4: 64a 132582i bk5: 64a 132580i bk6: 64a 132582i bk7: 64a 132582i bk8: 8a 132582i bk9: 8a 132582i bk10: 0a 132594i bk11: 0a 132594i bk12: 0a 132594i bk13: 0a 132594i bk14: 0a 132594i bk15: 0a 132594i 

------------------------------------------------------------------------

Row_Buffer_Locality = 0.980769
Row_Buffer_Locality_read = 0.980769
Row_Buffer_Locality_write = -nan
Bank_Level_Parallism = 1.015601
Bank_Level_Parallism_Col = 1.012638
Bank_Level_Parallism_Ready = 1.000000
write_to_read_ratio_blp_rw_average = 0.000000
GrpLevelPara = 1.012638 

BW Util details:
bwutil = 0.003922 
total_CMD = 132594 
util_bw = 520 
Wasted_Col = 121 
Wasted_Row = 0 
Idle = 131953 

BW Util Bottlenecks: 
RCDc_limit = 115 
RCDWRc_limit = 0 
WTRc_limit = 0 
RTWc_limit = 0 
CCDLc_limit = 11 
rwq = 0 
CCDLc_limit_alone = 11 
WTRc_limit_alone = 0 
RTWc_limit_alone = 0 

Commands details: 
total_CMD = 132594 
n_nop = 132064 
Read = 520 
Write = 0 
L2_Alloc = 0 
L2_WB = 0 
n_act = 10 
n_pre = 0 
n_ref = 0 
n_req = 520 
total_req = 520 

Dual Bus Interface Util: 
issued_total_row = 10 
issued_total_col = 520 
Row_Bus_Util =  0.000075 
CoL_Bus_Util = 0.003922 
Either_Row_CoL_Bus_Util = 0.003997 
Issued_on_Two_Bus_Simul_Util = 0.000000 
issued_two_Eff = 0.000000 
queue_avg = 0.000588 


dram_util_bins: 0 0 0 0 0 0 0 0 0 0
dram_eff_bins: 0 0 0 0 0 0 0 0 0 0
mrqq: max=3 avg=0.000588262
Memory Partition 18: 
Cache L2_bank_036:
MSHR contents

Cache L2_bank_037:
MSHR contents

In Dram Latency Queue (total = 0): 
DRAM[18]: 16 bks, busW=16 BL=2 CL=12, tRRD=3 tCCD=1, tRCD=12 tRAS=28 tRP=12 tRC=40
n_cmd=132594 n_nop=132064 n_act=10 n_pre=0 n_ref_event=0 n_req=520 n_rd=520 n_rd_L2_A=0 n_write=0 n_wr_bk=0 bw_util=0.003922
n_activity=5338 dram_eff=0.09741
bk0: 56a 132572i bk1: 64a 132581i bk2: 64a 132581i bk3: 64a 132581i bk4: 64a 132581i bk5: 64a 132582i bk6: 64a 132582i bk7: 64a 132578i bk8: 8a 132581i bk9: 8a 132582i bk10: 0a 132594i bk11: 0a 132594i bk12: 0a 132594i bk13: 0a 132594i bk14: 0a 132594i bk15: 0a 132594i 

------------------------------------------------------------------------

Row_Buffer_Locality = 0.980769
Row_Buffer_Locality_read = 0.980769
Row_Buffer_Locality_write = -nan
Bank_Level_Parallism = 1.020124
Bank_Level_Parallism_Col = 1.018838
Bank_Level_Parallism_Ready = 1.000000
write_to_read_ratio_blp_rw_average = 0.000000
GrpLevelPara = 1.018838 

BW Util details:
bwutil = 0.003922 
total_CMD = 132594 
util_bw = 520 
Wasted_Col = 126 
Wasted_Row = 0 
Idle = 131948 

BW Util Bottlenecks: 
RCDc_limit = 115 
RCDWRc_limit = 0 
WTRc_limit = 0 
RTWc_limit = 0 
CCDLc_limit = 19 
rwq = 0 
CCDLc_limit_alone = 19 
WTRc_limit_alone = 0 
RTWc_limit_alone = 0 

Commands details: 
total_CMD = 132594 
n_nop = 132064 
Read = 520 
Write = 0 
L2_Alloc = 0 
L2_WB = 0 
n_act = 10 
n_pre = 0 
n_ref = 0 
n_req = 520 
total_req = 520 

Dual Bus Interface Util: 
issued_total_row = 10 
issued_total_col = 520 
Row_Bus_Util =  0.000075 
CoL_Bus_Util = 0.003922 
Either_Row_CoL_Bus_Util = 0.003997 
Issued_on_Two_Bus_Simul_Util = 0.000000 
issued_two_Eff = 0.000000 
queue_avg = 0.000324 


dram_util_bins: 0 0 0 0 0 0 0 0 0 0
dram_eff_bins: 0 0 0 0 0 0 0 0 0 0
mrqq: max=3 avg=0.000324298
Memory Partition 19: 
Cache L2_bank_038:
MSHR contents

Cache L2_bank_039:
MSHR contents

In Dram Latency Queue (total = 0): 
DRAM[19]: 16 bks, busW=16 BL=2 CL=12, tRRD=3 tCCD=1, tRCD=12 tRAS=28 tRP=12 tRC=40
n_cmd=132594 n_nop=132064 n_act=10 n_pre=0 n_ref_event=0 n_req=520 n_rd=520 n_rd_L2_A=0 n_write=0 n_wr_bk=0 bw_util=0.003922
n_activity=5196 dram_eff=0.1001
bk0: 56a 132574i bk1: 64a 132576i bk2: 64a 132578i bk3: 64a 132578i bk4: 64a 132581i bk5: 64a 132579i bk6: 64a 132581i bk7: 64a 132581i bk8: 8a 132581i bk9: 8a 132579i bk10: 0a 132594i bk11: 0a 132594i bk12: 0a 132594i bk13: 0a 132594i bk14: 0a 132594i bk15: 0a 132594i 

------------------------------------------------------------------------

Row_Buffer_Locality = 0.980769
Row_Buffer_Locality_read = 0.980769
Row_Buffer_Locality_write = -nan
Bank_Level_Parallism = 1.024390
Bank_Level_Parallism_Col = 1.021638
Bank_Level_Parallism_Ready = 1.001923
write_to_read_ratio_blp_rw_average = 0.000000
GrpLevelPara = 1.021638 

BW Util details:
bwutil = 0.003922 
total_CMD = 132594 
util_bw = 520 
Wasted_Col = 136 
Wasted_Row = 0 
Idle = 131938 

BW Util Bottlenecks: 
RCDc_limit = 114 
RCDWRc_limit = 0 
WTRc_limit = 0 
RTWc_limit = 0 
CCDLc_limit = 30 
rwq = 0 
CCDLc_limit_alone = 30 
WTRc_limit_alone = 0 
RTWc_limit_alone = 0 

Commands details: 
total_CMD = 132594 
n_nop = 132064 
Read = 520 
Write = 0 
L2_Alloc = 0 
L2_WB = 0 
n_act = 10 
n_pre = 0 
n_ref = 0 
n_req = 520 
total_req = 520 

Dual Bus Interface Util: 
issued_total_row = 10 
issued_total_col = 520 
Row_Bus_Util =  0.000075 
CoL_Bus_Util = 0.003922 
Either_Row_CoL_Bus_Util = 0.003997 
Issued_on_Two_Bus_Simul_Util = 0.000000 
issued_two_Eff = 0.000000 
queue_avg = 0.000498 


dram_util_bins: 0 0 0 0 0 0 0 0 0 0
dram_eff_bins: 0 0 0 0 0 0 0 0 0 0
mrqq: max=3 avg=0.00049776
Memory Partition 20: 
Cache L2_bank_040:
MSHR contents

Cache L2_bank_041:
MSHR contents

In Dram Latency Queue (total = 0): 
DRAM[20]: 16 bks, busW=16 BL=2 CL=12, tRRD=3 tCCD=1, tRCD=12 tRAS=28 tRP=12 tRC=40
n_cmd=132594 n_nop=132064 n_act=10 n_pre=0 n_ref_event=0 n_req=520 n_rd=520 n_rd_L2_A=0 n_write=0 n_wr_bk=0 bw_util=0.003922
n_activity=5072 dram_eff=0.1025
bk0: 56a 132570i bk1: 64a 132571i bk2: 64a 132582i bk3: 64a 132580i bk4: 64a 132581i bk5: 64a 132582i bk6: 64a 132580i bk7: 64a 132582i bk8: 8a 132582i bk9: 8a 132582i bk10: 0a 132594i bk11: 0a 132594i bk12: 0a 132594i bk13: 0a 132594i bk14: 0a 132594i bk15: 0a 132594i 

------------------------------------------------------------------------

Row_Buffer_Locality = 0.980769
Row_Buffer_Locality_read = 0.980769
Row_Buffer_Locality_write = -nan
Bank_Level_Parallism = 1.021407
Bank_Level_Parallism_Col = 1.020155
Bank_Level_Parallism_Ready = 1.000000
write_to_read_ratio_blp_rw_average = 0.000000
GrpLevelPara = 1.020155 

BW Util details:
bwutil = 0.003922 
total_CMD = 132594 
util_bw = 520 
Wasted_Col = 134 
Wasted_Row = 0 
Idle = 131940 

BW Util Bottlenecks: 
RCDc_limit = 116 
RCDWRc_limit = 0 
WTRc_limit = 0 
RTWc_limit = 0 
CCDLc_limit = 28 
rwq = 0 
CCDLc_limit_alone = 28 
WTRc_limit_alone = 0 
RTWc_limit_alone = 0 

Commands details: 
total_CMD = 132594 
n_nop = 132064 
Read = 520 
Write = 0 
L2_Alloc = 0 
L2_WB = 0 
n_act = 10 
n_pre = 0 
n_ref = 0 
n_req = 520 
total_req = 520 

Dual Bus Interface Util: 
issued_total_row = 10 
issued_total_col = 520 
Row_Bus_Util =  0.000075 
CoL_Bus_Util = 0.003922 
Either_Row_CoL_Bus_Util = 0.003997 
Issued_on_Two_Bus_Simul_Util = 0.000000 
issued_two_Eff = 0.000000 
queue_avg = 0.000815 


dram_util_bins: 0 0 0 0 0 0 0 0 0 0
dram_eff_bins: 0 0 0 0 0 0 0 0 0 0
mrqq: max=3 avg=0.000814517
Memory Partition 21: 
Cache L2_bank_042:
MSHR contents

Cache L2_bank_043:
MSHR contents

In Dram Latency Queue (total = 0): 
DRAM[21]: 16 bks, busW=16 BL=2 CL=12, tRRD=3 tCCD=1, tRCD=12 tRAS=28 tRP=12 tRC=40
n_cmd=132594 n_nop=132054 n_act=11 n_pre=1 n_ref_event=0 n_req=528 n_rd=528 n_rd_L2_A=0 n_write=0 n_wr_bk=0 bw_util=0.003982
n_activity=5220 dram_eff=0.1011
bk0: 64a 132541i bk1: 64a 132576i bk2: 64a 132582i bk3: 64a 132581i bk4: 64a 132582i bk5: 64a 132579i bk6: 64a 132582i bk7: 64a 132582i bk8: 8a 132581i bk9: 8a 132582i bk10: 0a 132594i bk11: 0a 132594i bk12: 0a 132594i bk13: 0a 132594i bk14: 0a 132594i bk15: 0a 132594i 

------------------------------------------------------------------------

Row_Buffer_Locality = 0.979167
Row_Buffer_Locality_read = 0.979167
Row_Buffer_Locality_write = -nan
Bank_Level_Parallism = 1.002865
Bank_Level_Parallism_Col = 1.002963
Bank_Level_Parallism_Ready = 1.000000
write_to_read_ratio_blp_rw_average = 0.000000
GrpLevelPara = 1.002963 

BW Util details:
bwutil = 0.003982 
total_CMD = 132594 
util_bw = 528 
Wasted_Col = 158 
Wasted_Row = 12 
Idle = 131896 

BW Util Bottlenecks: 
RCDc_limit = 130 
RCDWRc_limit = 0 
WTRc_limit = 0 
RTWc_limit = 0 
CCDLc_limit = 28 
rwq = 0 
CCDLc_limit_alone = 28 
WTRc_limit_alone = 0 
RTWc_limit_alone = 0 

Commands details: 
total_CMD = 132594 
n_nop = 132054 
Read = 528 
Write = 0 
L2_Alloc = 0 
L2_WB = 0 
n_act = 11 
n_pre = 1 
n_ref = 0 
n_req = 528 
total_req = 528 

Dual Bus Interface Util: 
issued_total_row = 12 
issued_total_col = 528 
Row_Bus_Util =  0.000091 
CoL_Bus_Util = 0.003982 
Either_Row_CoL_Bus_Util = 0.004073 
Issued_on_Two_Bus_Simul_Util = 0.000000 
issued_two_Eff = 0.000000 
queue_avg = 0.001207 


dram_util_bins: 0 0 0 0 0 0 0 0 0 0
dram_eff_bins: 0 0 0 0 0 0 0 0 0 0
mrqq: max=3 avg=0.00120669
Memory Partition 22: 
Cache L2_bank_044:
MSHR contents

Cache L2_bank_045:
MSHR contents

In Dram Latency Queue (total = 0): 
DRAM[22]: 16 bks, busW=16 BL=2 CL=12, tRRD=3 tCCD=1, tRCD=12 tRAS=28 tRP=12 tRC=40
n_cmd=132594 n_nop=132064 n_act=10 n_pre=0 n_ref_event=0 n_req=520 n_rd=520 n_rd_L2_A=0 n_write=0 n_wr_bk=0 bw_util=0.003922
n_activity=4842 dram_eff=0.1074
bk0: 56a 132579i bk1: 64a 132557i bk2: 64a 132581i bk3: 64a 132582i bk4: 64a 132577i bk5: 64a 132581i bk6: 64a 132581i bk7: 64a 132582i bk8: 8a 132582i bk9: 8a 132580i bk10: 0a 132594i bk11: 0a 132594i bk12: 0a 132594i bk13: 0a 132594i bk14: 0a 132594i bk15: 0a 132594i 

------------------------------------------------------------------------

Row_Buffer_Locality = 0.980769
Row_Buffer_Locality_read = 0.980769
Row_Buffer_Locality_write = -nan
Bank_Level_Parallism = 1.011940
Bank_Level_Parallism_Col = 1.010590
Bank_Level_Parallism_Ready = 1.000000
write_to_read_ratio_blp_rw_average = 0.000000
GrpLevelPara = 1.010590 

BW Util details:
bwutil = 0.003922 
total_CMD = 132594 
util_bw = 520 
Wasted_Col = 150 
Wasted_Row = 0 
Idle = 131924 

BW Util Bottlenecks: 
RCDc_limit = 117 
RCDWRc_limit = 0 
WTRc_limit = 0 
RTWc_limit = 0 
CCDLc_limit = 38 
rwq = 0 
CCDLc_limit_alone = 38 
WTRc_limit_alone = 0 
RTWc_limit_alone = 0 

Commands details: 
total_CMD = 132594 
n_nop = 132064 
Read = 520 
Write = 0 
L2_Alloc = 0 
L2_WB = 0 
n_act = 10 
n_pre = 0 
n_ref = 0 
n_req = 520 
total_req = 520 

Dual Bus Interface Util: 
issued_total_row = 10 
issued_total_col = 520 
Row_Bus_Util =  0.000075 
CoL_Bus_Util = 0.003922 
Either_Row_CoL_Bus_Util = 0.003997 
Issued_on_Two_Bus_Simul_Util = 0.000000 
issued_two_Eff = 0.000000 
queue_avg = 0.000679 


dram_util_bins: 0 0 0 0 0 0 0 0 0 0
dram_eff_bins: 0 0 0 0 0 0 0 0 0 0
mrqq: max=6 avg=0.000678764
Memory Partition 23: 
Cache L2_bank_046:
MSHR contents

Cache L2_bank_047:
MSHR contents

In Dram Latency Queue (total = 0): 
DRAM[23]: 16 bks, busW=16 BL=2 CL=12, tRRD=3 tCCD=1, tRCD=12 tRAS=28 tRP=12 tRC=40
n_cmd=132594 n_nop=132065 n_act=10 n_pre=0 n_ref_event=0 n_req=520 n_rd=520 n_rd_L2_A=0 n_write=0 n_wr_bk=0 bw_util=0.003922
n_activity=4954 dram_eff=0.105
bk0: 56a 132572i bk1: 64a 132581i bk2: 64a 132582i bk3: 64a 132579i bk4: 64a 132580i bk5: 64a 132579i bk6: 64a 132573i bk7: 64a 132580i bk8: 8a 132582i bk9: 8a 132581i bk10: 0a 132594i bk11: 0a 132594i bk12: 0a 132594i bk13: 0a 132594i bk14: 0a 132594i bk15: 0a 132594i 

------------------------------------------------------------------------

Row_Buffer_Locality = 0.980769
Row_Buffer_Locality_read = 0.980769
Row_Buffer_Locality_write = -nan
Bank_Level_Parallism = 1.024428
Bank_Level_Parallism_Col = 1.021638
Bank_Level_Parallism_Ready = 1.001923
write_to_read_ratio_blp_rw_average = 0.000000
GrpLevelPara = 1.021638 

BW Util details:
bwutil = 0.003922 
total_CMD = 132594 
util_bw = 520 
Wasted_Col = 135 
Wasted_Row = 0 
Idle = 131939 

BW Util Bottlenecks: 
RCDc_limit = 113 
RCDWRc_limit = 0 
WTRc_limit = 0 
RTWc_limit = 0 
CCDLc_limit = 30 
rwq = 0 
CCDLc_limit_alone = 30 
WTRc_limit_alone = 0 
RTWc_limit_alone = 0 

Commands details: 
total_CMD = 132594 
n_nop = 132065 
Read = 520 
Write = 0 
L2_Alloc = 0 
L2_WB = 0 
n_act = 10 
n_pre = 0 
n_ref = 0 
n_req = 520 
total_req = 520 

Dual Bus Interface Util: 
issued_total_row = 10 
issued_total_col = 520 
Row_Bus_Util =  0.000075 
CoL_Bus_Util = 0.003922 
Either_Row_CoL_Bus_Util = 0.003990 
Issued_on_Two_Bus_Simul_Util = 0.000008 
issued_two_Eff = 0.001890 
queue_avg = 0.000588 


dram_util_bins: 0 0 0 0 0 0 0 0 0 0
dram_eff_bins: 0 0 0 0 0 0 0 0 0 0
mrqq: max=4 avg=0.000588262
Memory Partition 24: 
Cache L2_bank_048:
MSHR contents

Cache L2_bank_049:
MSHR contents

In Dram Latency Queue (total = 0): 
DRAM[24]: 16 bks, busW=16 BL=2 CL=12, tRRD=3 tCCD=1, tRCD=12 tRAS=28 tRP=12 tRC=40
n_cmd=132594 n_nop=132054 n_act=11 n_pre=1 n_ref_event=0 n_req=528 n_rd=528 n_rd_L2_A=0 n_write=0 n_wr_bk=0 bw_util=0.003982
n_activity=4990 dram_eff=0.1058
bk0: 64a 132543i bk1: 64a 132576i bk2: 64a 132574i bk3: 64a 132577i bk4: 64a 132582i bk5: 64a 132581i bk6: 64a 132582i bk7: 64a 132578i bk8: 8a 132581i bk9: 8a 132582i bk10: 0a 132594i bk11: 0a 132594i bk12: 0a 132594i bk13: 0a 132594i bk14: 0a 132594i bk15: 0a 132594i 

------------------------------------------------------------------------

Row_Buffer_Locality = 0.979167
Row_Buffer_Locality_read = 0.979167
Row_Buffer_Locality_write = -nan
Bank_Level_Parallism = 1.036390
Bank_Level_Parallism_Col = 1.034535
Bank_Level_Parallism_Ready = 1.001894
write_to_read_ratio_blp_rw_average = 0.000000
GrpLevelPara = 1.034535 

BW Util details:
bwutil = 0.003982 
total_CMD = 132594 
util_bw = 528 
Wasted_Col = 147 
Wasted_Row = 12 
Idle = 131907 

BW Util Bottlenecks: 
RCDc_limit = 121 
RCDWRc_limit = 0 
WTRc_limit = 0 
RTWc_limit = 0 
CCDLc_limit = 39 
rwq = 0 
CCDLc_limit_alone = 39 
WTRc_limit_alone = 0 
RTWc_limit_alone = 0 

Commands details: 
total_CMD = 132594 
n_nop = 132054 
Read = 528 
Write = 0 
L2_Alloc = 0 
L2_WB = 0 
n_act = 11 
n_pre = 1 
n_ref = 0 
n_req = 528 
total_req = 528 

Dual Bus Interface Util: 
issued_total_row = 12 
issued_total_col = 528 
Row_Bus_Util =  0.000091 
CoL_Bus_Util = 0.003982 
Either_Row_CoL_Bus_Util = 0.004073 
Issued_on_Two_Bus_Simul_Util = 0.000000 
issued_two_Eff = 0.000000 
queue_avg = 0.000935 


dram_util_bins: 0 0 0 0 0 0 0 0 0 0
dram_eff_bins: 0 0 0 0 0 0 0 0 0 0
mrqq: max=3 avg=0.000935186
Memory Partition 25: 
Cache L2_bank_050:
MSHR contents

Cache L2_bank_051:
MSHR contents

In Dram Latency Queue (total = 0): 
DRAM[25]: 16 bks, busW=16 BL=2 CL=12, tRRD=3 tCCD=1, tRCD=12 tRAS=28 tRP=12 tRC=40
n_cmd=132594 n_nop=132054 n_act=11 n_pre=1 n_ref_event=0 n_req=528 n_rd=528 n_rd_L2_A=0 n_write=0 n_wr_bk=0 bw_util=0.003982
n_activity=4932 dram_eff=0.1071
bk0: 64a 132550i bk1: 64a 132574i bk2: 64a 132578i bk3: 64a 132577i bk4: 64a 132579i bk5: 64a 132581i bk6: 64a 132571i bk7: 64a 132579i bk8: 8a 132582i bk9: 8a 132582i bk10: 0a 132594i bk11: 0a 132594i bk12: 0a 132594i bk13: 0a 132594i bk14: 0a 132594i bk15: 0a 132594i 

------------------------------------------------------------------------

Row_Buffer_Locality = 0.979167
Row_Buffer_Locality_read = 0.979167
Row_Buffer_Locality_write = -nan
Bank_Level_Parallism = 1.048387
Bank_Level_Parallism_Col = 1.042296
Bank_Level_Parallism_Ready = 1.003788
write_to_read_ratio_blp_rw_average = 0.000000
GrpLevelPara = 1.042296 

BW Util details:
bwutil = 0.003982 
total_CMD = 132594 
util_bw = 528 
Wasted_Col = 142 
Wasted_Row = 12 
Idle = 131912 

BW Util Bottlenecks: 
RCDc_limit = 122 
RCDWRc_limit = 0 
WTRc_limit = 0 
RTWc_limit = 0 
CCDLc_limit = 38 
rwq = 0 
CCDLc_limit_alone = 38 
WTRc_limit_alone = 0 
RTWc_limit_alone = 0 

Commands details: 
total_CMD = 132594 
n_nop = 132054 
Read = 528 
Write = 0 
L2_Alloc = 0 
L2_WB = 0 
n_act = 11 
n_pre = 1 
n_ref = 0 
n_req = 528 
total_req = 528 

Dual Bus Interface Util: 
issued_total_row = 12 
issued_total_col = 528 
Row_Bus_Util =  0.000091 
CoL_Bus_Util = 0.003982 
Either_Row_CoL_Bus_Util = 0.004073 
Issued_on_Two_Bus_Simul_Util = 0.000000 
issued_two_Eff = 0.000000 
queue_avg = 0.001109 


dram_util_bins: 0 0 0 0 0 0 0 0 0 0
dram_eff_bins: 0 0 0 0 0 0 0 0 0 0
mrqq: max=3 avg=0.00110865
Memory Partition 26: 
Cache L2_bank_052:
MSHR contents

Cache L2_bank_053:
MSHR contents

In Dram Latency Queue (total = 0): 
DRAM[26]: 16 bks, busW=16 BL=2 CL=12, tRRD=3 tCCD=1, tRCD=12 tRAS=28 tRP=12 tRC=40
n_cmd=132594 n_nop=132054 n_act=11 n_pre=1 n_ref_event=0 n_req=528 n_rd=528 n_rd_L2_A=0 n_write=0 n_wr_bk=0 bw_util=0.003982
n_activity=5087 dram_eff=0.1038
bk0: 64a 132546i bk1: 64a 132577i bk2: 64a 132582i bk3: 64a 132578i bk4: 64a 132581i bk5: 64a 132581i bk6: 64a 132581i bk7: 64a 132581i bk8: 8a 132582i bk9: 8a 132582i bk10: 0a 132594i bk11: 0a 132594i bk12: 0a 132594i bk13: 0a 132594i bk14: 0a 132594i bk15: 0a 132594i 

------------------------------------------------------------------------

Row_Buffer_Locality = 0.979167
Row_Buffer_Locality_read = 0.979167
Row_Buffer_Locality_write = -nan
Bank_Level_Parallism = 1.017518
Bank_Level_Parallism_Col = 1.016591
Bank_Level_Parallism_Ready = 1.000000
write_to_read_ratio_blp_rw_average = 0.000000
GrpLevelPara = 1.016591 

BW Util details:
bwutil = 0.003982 
total_CMD = 132594 
util_bw = 528 
Wasted_Col = 145 
Wasted_Row = 12 
Idle = 131909 

BW Util Bottlenecks: 
RCDc_limit = 126 
RCDWRc_limit = 0 
WTRc_limit = 0 
RTWc_limit = 0 
CCDLc_limit = 25 
rwq = 0 
CCDLc_limit_alone = 25 
WTRc_limit_alone = 0 
RTWc_limit_alone = 0 

Commands details: 
total_CMD = 132594 
n_nop = 132054 
Read = 528 
Write = 0 
L2_Alloc = 0 
L2_WB = 0 
n_act = 11 
n_pre = 1 
n_ref = 0 
n_req = 528 
total_req = 528 

Dual Bus Interface Util: 
issued_total_row = 12 
issued_total_col = 528 
Row_Bus_Util =  0.000091 
CoL_Bus_Util = 0.003982 
Either_Row_CoL_Bus_Util = 0.004073 
Issued_on_Two_Bus_Simul_Util = 0.000000 
issued_two_Eff = 0.000000 
queue_avg = 0.000897 


dram_util_bins: 0 0 0 0 0 0 0 0 0 0
dram_eff_bins: 0 0 0 0 0 0 0 0 0 0
mrqq: max=3 avg=0.000897477
Memory Partition 27: 
Cache L2_bank_054:
MSHR contents

Cache L2_bank_055:
MSHR contents

In Dram Latency Queue (total = 0): 
DRAM[27]: 16 bks, busW=16 BL=2 CL=12, tRRD=3 tCCD=1, tRCD=12 tRAS=28 tRP=12 tRC=40
n_cmd=132594 n_nop=132054 n_act=11 n_pre=1 n_ref_event=0 n_req=528 n_rd=528 n_rd_L2_A=0 n_write=0 n_wr_bk=0 bw_util=0.003982
n_activity=5291 dram_eff=0.09979
bk0: 64a 132552i bk1: 64a 132574i bk2: 64a 132579i bk3: 64a 132580i bk4: 64a 132581i bk5: 64a 132582i bk6: 64a 132581i bk7: 64a 132580i bk8: 8a 132581i bk9: 8a 132582i bk10: 0a 132594i bk11: 0a 132594i bk12: 0a 132594i bk13: 0a 132594i bk14: 0a 132594i bk15: 0a 132594i 

------------------------------------------------------------------------

Row_Buffer_Locality = 0.979167
Row_Buffer_Locality_read = 0.979167
Row_Buffer_Locality_write = -nan
Bank_Level_Parallism = 1.022026
Bank_Level_Parallism_Col = 1.021244
Bank_Level_Parallism_Ready = 1.001894
write_to_read_ratio_blp_rw_average = 0.000000
GrpLevelPara = 1.021244 

BW Util details:
bwutil = 0.003982 
total_CMD = 132594 
util_bw = 528 
Wasted_Col = 141 
Wasted_Row = 12 
Idle = 131913 

BW Util Bottlenecks: 
RCDc_limit = 127 
RCDWRc_limit = 0 
WTRc_limit = 0 
RTWc_limit = 0 
CCDLc_limit = 23 
rwq = 0 
CCDLc_limit_alone = 23 
WTRc_limit_alone = 0 
RTWc_limit_alone = 0 

Commands details: 
total_CMD = 132594 
n_nop = 132054 
Read = 528 
Write = 0 
L2_Alloc = 0 
L2_WB = 0 
n_act = 11 
n_pre = 1 
n_ref = 0 
n_req = 528 
total_req = 528 

Dual Bus Interface Util: 
issued_total_row = 12 
issued_total_col = 528 
Row_Bus_Util =  0.000091 
CoL_Bus_Util = 0.003982 
Either_Row_CoL_Bus_Util = 0.004073 
Issued_on_Two_Bus_Simul_Util = 0.000000 
issued_two_Eff = 0.000000 
queue_avg = 0.000980 


dram_util_bins: 0 0 0 0 0 0 0 0 0 0
dram_eff_bins: 0 0 0 0 0 0 0 0 0 0
mrqq: max=4 avg=0.000980437
Memory Partition 28: 
Cache L2_bank_056:
MSHR contents

Cache L2_bank_057:
MSHR contents

In Dram Latency Queue (total = 0): 
DRAM[28]: 16 bks, busW=16 BL=2 CL=12, tRRD=3 tCCD=1, tRCD=12 tRAS=28 tRP=12 tRC=40
n_cmd=132594 n_nop=132054 n_act=11 n_pre=1 n_ref_event=0 n_req=528 n_rd=528 n_rd_L2_A=0 n_write=0 n_wr_bk=0 bw_util=0.003982
n_activity=5264 dram_eff=0.1003
bk0: 64a 132545i bk1: 64a 132580i bk2: 64a 132579i bk3: 64a 132581i bk4: 64a 132581i bk5: 64a 132581i bk6: 64a 132581i bk7: 64a 132581i bk8: 8a 132582i bk9: 8a 132581i bk10: 0a 132594i bk11: 0a 132594i bk12: 0a 132594i bk13: 0a 132594i bk14: 0a 132594i bk15: 0a 132594i 

------------------------------------------------------------------------

Row_Buffer_Locality = 0.979167
Row_Buffer_Locality_read = 0.979167
Row_Buffer_Locality_write = -nan
Bank_Level_Parallism = 1.026549
Bank_Level_Parallism_Col = 1.024353
Bank_Level_Parallism_Ready = 1.000000
write_to_read_ratio_blp_rw_average = 0.000000
GrpLevelPara = 1.024353 

BW Util details:
bwutil = 0.003982 
total_CMD = 132594 
util_bw = 528 
Wasted_Col = 138 
Wasted_Row = 12 
Idle = 131916 

BW Util Bottlenecks: 
RCDc_limit = 127 
RCDWRc_limit = 0 
WTRc_limit = 0 
RTWc_limit = 0 
CCDLc_limit = 24 
rwq = 0 
CCDLc_limit_alone = 24 
WTRc_limit_alone = 0 
RTWc_limit_alone = 0 

Commands details: 
total_CMD = 132594 
n_nop = 132054 
Read = 528 
Write = 0 
L2_Alloc = 0 
L2_WB = 0 
n_act = 11 
n_pre = 1 
n_ref = 0 
n_req = 528 
total_req = 528 

Dual Bus Interface Util: 
issued_total_row = 12 
issued_total_col = 528 
Row_Bus_Util =  0.000091 
CoL_Bus_Util = 0.003982 
Either_Row_CoL_Bus_Util = 0.004073 
Issued_on_Two_Bus_Simul_Util = 0.000000 
issued_two_Eff = 0.000000 
queue_avg = 0.000762 


dram_util_bins: 0 0 0 0 0 0 0 0 0 0
dram_eff_bins: 0 0 0 0 0 0 0 0 0 0
mrqq: max=3 avg=0.000761724
Memory Partition 29: 
Cache L2_bank_058:
MSHR contents

Cache L2_bank_059:
MSHR contents

In Dram Latency Queue (total = 0): 
DRAM[29]: 16 bks, busW=16 BL=2 CL=12, tRRD=3 tCCD=1, tRCD=12 tRAS=28 tRP=12 tRC=40
n_cmd=132594 n_nop=132054 n_act=11 n_pre=1 n_ref_event=0 n_req=528 n_rd=528 n_rd_L2_A=0 n_write=0 n_wr_bk=0 bw_util=0.003982
n_activity=5436 dram_eff=0.09713
bk0: 64a 132547i bk1: 64a 132576i bk2: 64a 132580i bk3: 64a 132580i bk4: 64a 132580i bk5: 64a 132581i bk6: 64a 132581i bk7: 64a 132579i bk8: 8a 132581i bk9: 8a 132582i bk10: 0a 132594i bk11: 0a 132594i bk12: 0a 132594i bk13: 0a 132594i bk14: 0a 132594i bk15: 0a 132594i 

------------------------------------------------------------------------

Row_Buffer_Locality = 0.979167
Row_Buffer_Locality_read = 0.979167
Row_Buffer_Locality_write = -nan
Bank_Level_Parallism = 1.018895
Bank_Level_Parallism_Col = 1.018018
Bank_Level_Parallism_Ready = 1.003788
write_to_read_ratio_blp_rw_average = 0.000000
GrpLevelPara = 1.018018 

BW Util details:
bwutil = 0.003982 
total_CMD = 132594 
util_bw = 528 
Wasted_Col = 148 
Wasted_Row = 12 
Idle = 131906 

BW Util Bottlenecks: 
RCDc_limit = 128 
RCDWRc_limit = 0 
WTRc_limit = 0 
RTWc_limit = 0 
CCDLc_limit = 27 
rwq = 0 
CCDLc_limit_alone = 27 
WTRc_limit_alone = 0 
RTWc_limit_alone = 0 

Commands details: 
total_CMD = 132594 
n_nop = 132054 
Read = 528 
Write = 0 
L2_Alloc = 0 
L2_WB = 0 
n_act = 11 
n_pre = 1 
n_ref = 0 
n_req = 528 
total_req = 528 

Dual Bus Interface Util: 
issued_total_row = 12 
issued_total_col = 528 
Row_Bus_Util =  0.000091 
CoL_Bus_Util = 0.003982 
Either_Row_CoL_Bus_Util = 0.004073 
Issued_on_Two_Bus_Simul_Util = 0.000000 
issued_two_Eff = 0.000000 
queue_avg = 0.000882 


dram_util_bins: 0 0 0 0 0 0 0 0 0 0
dram_eff_bins: 0 0 0 0 0 0 0 0 0 0
mrqq: max=3 avg=0.000882393
Memory Partition 30: 
Cache L2_bank_060:
MSHR contents

Cache L2_bank_061:
MSHR contents

In Dram Latency Queue (total = 0): 
DRAM[30]: 16 bks, busW=16 BL=2 CL=12, tRRD=3 tCCD=1, tRCD=12 tRAS=28 tRP=12 tRC=40
n_cmd=132594 n_nop=132054 n_act=11 n_pre=1 n_ref_event=0 n_req=528 n_rd=528 n_rd_L2_A=0 n_write=0 n_wr_bk=0 bw_util=0.003982
n_activity=5120 dram_eff=0.1031
bk0: 64a 132551i bk1: 64a 132576i bk2: 64a 132577i bk3: 64a 132580i bk4: 64a 132580i bk5: 64a 132581i bk6: 64a 132582i bk7: 64a 132582i bk8: 8a 132582i bk9: 8a 132581i bk10: 0a 132594i bk11: 0a 132594i bk12: 0a 132594i bk13: 0a 132594i bk14: 0a 132594i bk15: 0a 132594i 

------------------------------------------------------------------------

Row_Buffer_Locality = 0.979167
Row_Buffer_Locality_read = 0.979167
Row_Buffer_Locality_write = -nan
Bank_Level_Parallism = 1.019034
Bank_Level_Parallism_Col = 1.016616
Bank_Level_Parallism_Ready = 1.000000
write_to_read_ratio_blp_rw_average = 0.000000
GrpLevelPara = 1.016616 

BW Util details:
bwutil = 0.003982 
total_CMD = 132594 
util_bw = 528 
Wasted_Col = 143 
Wasted_Row = 12 
Idle = 131911 

BW Util Bottlenecks: 
RCDc_limit = 125 
RCDWRc_limit = 0 
WTRc_limit = 0 
RTWc_limit = 0 
CCDLc_limit = 24 
rwq = 0 
CCDLc_limit_alone = 24 
WTRc_limit_alone = 0 
RTWc_limit_alone = 0 

Commands details: 
total_CMD = 132594 
n_nop = 132054 
Read = 528 
Write = 0 
L2_Alloc = 0 
L2_WB = 0 
n_act = 11 
n_pre = 1 
n_ref = 0 
n_req = 528 
total_req = 528 

Dual Bus Interface Util: 
issued_total_row = 12 
issued_total_col = 528 
Row_Bus_Util =  0.000091 
CoL_Bus_Util = 0.003982 
Either_Row_CoL_Bus_Util = 0.004073 
Issued_on_Two_Bus_Simul_Util = 0.000000 
issued_two_Eff = 0.000000 
queue_avg = 0.000867 


dram_util_bins: 0 0 0 0 0 0 0 0 0 0
dram_eff_bins: 0 0 0 0 0 0 0 0 0 0
mrqq: max=3 avg=0.000867309
Memory Partition 31: 
Cache L2_bank_062:
MSHR contents

Cache L2_bank_063:
MSHR contents

In Dram Latency Queue (total = 0): 
DRAM[31]: 16 bks, busW=16 BL=2 CL=12, tRRD=3 tCCD=1, tRCD=12 tRAS=28 tRP=12 tRC=40
n_cmd=132594 n_nop=132054 n_act=11 n_pre=1 n_ref_event=0 n_req=528 n_rd=528 n_rd_L2_A=0 n_write=0 n_wr_bk=0 bw_util=0.003982
n_activity=5426 dram_eff=0.09731
bk0: 64a 132549i bk1: 64a 132577i bk2: 64a 132579i bk3: 64a 132581i bk4: 64a 132581i bk5: 64a 132581i bk6: 64a 132582i bk7: 64a 132582i bk8: 8a 132582i bk9: 8a 132582i bk10: 0a 132594i bk11: 0a 132594i bk12: 0a 132594i bk13: 0a 132594i bk14: 0a 132594i bk15: 0a 132594i 

------------------------------------------------------------------------

Row_Buffer_Locality = 0.979167
Row_Buffer_Locality_read = 0.979167
Row_Buffer_Locality_write = -nan
Bank_Level_Parallism = 1.026706
Bank_Level_Parallism_Col = 1.024502
Bank_Level_Parallism_Ready = 1.000000
write_to_read_ratio_blp_rw_average = 0.000000
GrpLevelPara = 1.024502 

BW Util details:
bwutil = 0.003982 
total_CMD = 132594 
util_bw = 528 
Wasted_Col = 134 
Wasted_Row = 12 
Idle = 131920 

BW Util Bottlenecks: 
RCDc_limit = 127 
RCDWRc_limit = 0 
WTRc_limit = 0 
RTWc_limit = 0 
CCDLc_limit = 20 
rwq = 0 
CCDLc_limit_alone = 20 
WTRc_limit_alone = 0 
RTWc_limit_alone = 0 

Commands details: 
total_CMD = 132594 
n_nop = 132054 
Read = 528 
Write = 0 
L2_Alloc = 0 
L2_WB = 0 
n_act = 11 
n_pre = 1 
n_ref = 0 
n_req = 528 
total_req = 528 

Dual Bus Interface Util: 
issued_total_row = 12 
issued_total_col = 528 
Row_Bus_Util =  0.000091 
CoL_Bus_Util = 0.003982 
Either_Row_CoL_Bus_Util = 0.004073 
Issued_on_Two_Bus_Simul_Util = 0.000000 
issued_two_Eff = 0.000000 
queue_avg = 0.000905 


dram_util_bins: 0 0 0 0 0 0 0 0 0 0
dram_eff_bins: 0 0 0 0 0 0 0 0 0 0
mrqq: max=3 avg=0.000905018

========= L2 cache stats =========
L2_cache_bank[0]: Access = 512, Miss = 264, Miss_rate = 0.516, Pending_hits = 0, Reservation_fails = 0
L2_cache_bank[1]: Access = 536, Miss = 272, Miss_rate = 0.507, Pending_hits = 0, Reservation_fails = 0
L2_cache_bank[2]: Access = 512, Miss = 264, Miss_rate = 0.516, Pending_hits = 0, Reservation_fails = 0
L2_cache_bank[3]: Access = 536, Miss = 272, Miss_rate = 0.507, Pending_hits = 0, Reservation_fails = 0
L2_cache_bank[4]: Access = 512, Miss = 264, Miss_rate = 0.516, Pending_hits = 0, Reservation_fails = 0
L2_cache_bank[5]: Access = 536, Miss = 272, Miss_rate = 0.507, Pending_hits = 0, Reservation_fails = 0
L2_cache_bank[6]: Access = 512, Miss = 264, Miss_rate = 0.516, Pending_hits = 0, Reservation_fails = 0
L2_cache_bank[7]: Access = 536, Miss = 272, Miss_rate = 0.507, Pending_hits = 0, Reservation_fails = 0
L2_cache_bank[8]: Access = 512, Miss = 264, Miss_rate = 0.516, Pending_hits = 0, Reservation_fails = 0
L2_cache_bank[9]: Access = 528, Miss = 264, Miss_rate = 0.500, Pending_hits = 0, Reservation_fails = 0
L2_cache_bank[10]: Access = 512, Miss = 264, Miss_rate = 0.516, Pending_hits = 0, Reservation_fails = 0
L2_cache_bank[11]: Access = 528, Miss = 264, Miss_rate = 0.500, Pending_hits = 0, Reservation_fails = 0
L2_cache_bank[12]: Access = 512, Miss = 264, Miss_rate = 0.516, Pending_hits = 0, Reservation_fails = 0
L2_cache_bank[13]: Access = 536, Miss = 272, Miss_rate = 0.507, Pending_hits = 0, Reservation_fails = 0
L2_cache_bank[14]: Access = 512, Miss = 264, Miss_rate = 0.516, Pending_hits = 0, Reservation_fails = 0
L2_cache_bank[15]: Access = 532, Miss = 268, Miss_rate = 0.504, Pending_hits = 0, Reservation_fails = 0
L2_cache_bank[16]: Access = 512, Miss = 264, Miss_rate = 0.516, Pending_hits = 0, Reservation_fails = 0
L2_cache_bank[17]: Access = 536, Miss = 272, Miss_rate = 0.507, Pending_hits = 0, Reservation_fails = 0
L2_cache_bank[18]: Access = 512, Miss = 264, Miss_rate = 0.516, Pending_hits = 0, Reservation_fails = 0
L2_cache_bank[19]: Access = 536, Miss = 272, Miss_rate = 0.507, Pending_hits = 0, Reservation_fails = 0
L2_cache_bank[20]: Access = 512, Miss = 264, Miss_rate = 0.516, Pending_hits = 0, Reservation_fails = 0
L2_cache_bank[21]: Access = 536, Miss = 272, Miss_rate = 0.507, Pending_hits = 0, Reservation_fails = 0
L2_cache_bank[22]: Access = 512, Miss = 264, Miss_rate = 0.516, Pending_hits = 0, Reservation_fails = 0
L2_cache_bank[23]: Access = 536, Miss = 272, Miss_rate = 0.507, Pending_hits = 0, Reservation_fails = 0
L2_cache_bank[24]: Access = 512, Miss = 264, Miss_rate = 0.516, Pending_hits = 0, Reservation_fails = 0
L2_cache_bank[25]: Access = 536, Miss = 272, Miss_rate = 0.507, Pending_hits = 0, Reservation_fails = 0
L2_cache_bank[26]: Access = 512, Miss = 264, Miss_rate = 0.516, Pending_hits = 0, Reservation_fails = 0
L2_cache_bank[27]: Access = 536, Miss = 272, Miss_rate = 0.507, Pending_hits = 0, Reservation_fails = 0
L2_cache_bank[28]: Access = 512, Miss = 264, Miss_rate = 0.516, Pending_hits = 0, Reservation_fails = 0
L2_cache_bank[29]: Access = 536, Miss = 272, Miss_rate = 0.507, Pending_hits = 0, Reservation_fails = 0
L2_cache_bank[30]: Access = 512, Miss = 264, Miss_rate = 0.516, Pending_hits = 0, Reservation_fails = 0
L2_cache_bank[31]: Access = 536, Miss = 272, Miss_rate = 0.507, Pending_hits = 0, Reservation_fails = 0
L2_cache_bank[32]: Access = 520, Miss = 264, Miss_rate = 0.508, Pending_hits = 0, Reservation_fails = 0
L2_cache_bank[33]: Access = 528, Miss = 264, Miss_rate = 0.500, Pending_hits = 0, Reservation_fails = 0
L2_cache_bank[34]: Access = 520, Miss = 264, Miss_rate = 0.508, Pending_hits = 0, Reservation_fails = 0
L2_cache_bank[35]: Access = 528, Miss = 264, Miss_rate = 0.500, Pending_hits = 0, Reservation_fails = 0
L2_cache_bank[36]: Access = 520, Miss = 264, Miss_rate = 0.508, Pending_hits = 0, Reservation_fails = 0
L2_cache_bank[37]: Access = 528, Miss = 264, Miss_rate = 0.500, Pending_hits = 0, Reservation_fails = 0
L2_cache_bank[38]: Access = 520, Miss = 264, Miss_rate = 0.508, Pending_hits = 0, Reservation_fails = 0
L2_cache_bank[39]: Access = 528, Miss = 264, Miss_rate = 0.500, Pending_hits = 0, Reservation_fails = 0
L2_cache_bank[40]: Access = 520, Miss = 264, Miss_rate = 0.508, Pending_hits = 0, Reservation_fails = 0
L2_cache_bank[41]: Access = 528, Miss = 264, Miss_rate = 0.500, Pending_hits = 0, Reservation_fails = 0
L2_cache_bank[42]: Access = 520, Miss = 264, Miss_rate = 0.508, Pending_hits = 0, Reservation_fails = 0
L2_cache_bank[43]: Access = 536, Miss = 272, Miss_rate = 0.507, Pending_hits = 0, Reservation_fails = 0
L2_cache_bank[44]: Access = 520, Miss = 264, Miss_rate = 0.508, Pending_hits = 0, Reservation_fails = 0
L2_cache_bank[45]: Access = 528, Miss = 264, Miss_rate = 0.500, Pending_hits = 0, Reservation_fails = 0
L2_cache_bank[46]: Access = 520, Miss = 264, Miss_rate = 0.508, Pending_hits = 0, Reservation_fails = 0
L2_cache_bank[47]: Access = 528, Miss = 264, Miss_rate = 0.500, Pending_hits = 0, Reservation_fails = 0
L2_cache_bank[48]: Access = 520, Miss = 264, Miss_rate = 0.508, Pending_hits = 0, Reservation_fails = 0
L2_cache_bank[49]: Access = 536, Miss = 272, Miss_rate = 0.507, Pending_hits = 0, Reservation_fails = 0
L2_cache_bank[50]: Access = 520, Miss = 264, Miss_rate = 0.508, Pending_hits = 0, Reservation_fails = 0
L2_cache_bank[51]: Access = 536, Miss = 272, Miss_rate = 0.507, Pending_hits = 0, Reservation_fails = 0
L2_cache_bank[52]: Access = 520, Miss = 264, Miss_rate = 0.508, Pending_hits = 0, Reservation_fails = 0
L2_cache_bank[53]: Access = 536, Miss = 272, Miss_rate = 0.507, Pending_hits = 0, Reservation_fails = 0
L2_cache_bank[54]: Access = 520, Miss = 264, Miss_rate = 0.508, Pending_hits = 0, Reservation_fails = 0
L2_cache_bank[55]: Access = 536, Miss = 272, Miss_rate = 0.507, Pending_hits = 0, Reservation_fails = 0
L2_cache_bank[56]: Access = 516, Miss = 264, Miss_rate = 0.512, Pending_hits = 0, Reservation_fails = 0
L2_cache_bank[57]: Access = 536, Miss = 272, Miss_rate = 0.507, Pending_hits = 0, Reservation_fails = 0
L2_cache_bank[58]: Access = 520, Miss = 264, Miss_rate = 0.508, Pending_hits = 0, Reservation_fails = 0
L2_cache_bank[59]: Access = 536, Miss = 272, Miss_rate = 0.507, Pending_hits = 0, Reservation_fails = 0
L2_cache_bank[60]: Access = 520, Miss = 264, Miss_rate = 0.508, Pending_hits = 0, Reservation_fails = 0
L2_cache_bank[61]: Access = 536, Miss = 272, Miss_rate = 0.507, Pending_hits = 0, Reservation_fails = 0
L2_cache_bank[62]: Access = 520, Miss = 264, Miss_rate = 0.508, Pending_hits = 0, Reservation_fails = 0
L2_cache_bank[63]: Access = 536, Miss = 272, Miss_rate = 0.507, Pending_hits = 0, Reservation_fails = 0
L2_total_cache_accesses = 33584
L2_total_cache_misses = 17076
L2_total_cache_miss_rate = 0.5085
L2_total_cache_pending_hits = 0
L2_total_cache_reservation_fails = 0
L2_total_cache_breakdown:
	L2_cache_stats_breakdown[GLOBAL_ACC_R][HIT] = 16508
	L2_cache_stats_breakdown[GLOBAL_ACC_R][HIT_RESERVED] = 0
	L2_cache_stats_breakdown[GLOBAL_ACC_R][MISS] = 4128
	L2_cache_stats_breakdown[GLOBAL_ACC_R][RESERVATION_FAIL] = 0
	L2_cache_stats_breakdown[GLOBAL_ACC_R][SECTOR_MISS] = 12384
	L2_cache_stats_breakdown[GLOBAL_ACC_R][MSHR_HIT] = 0
	L2_cache_stats_breakdown[LOCAL_ACC_R][HIT] = 0
	L2_cache_stats_breakdown[LOCAL_ACC_R][HIT_RESERVED] = 0
	L2_cache_stats_breakdown[LOCAL_ACC_R][MISS] = 0
	L2_cache_stats_breakdown[LOCAL_ACC_R][RESERVATION_FAIL] = 0
	L2_cache_stats_breakdown[LOCAL_ACC_R][SECTOR_MISS] = 0
	L2_cache_stats_breakdown[LOCAL_ACC_R][MSHR_HIT] = 0
	L2_cache_stats_breakdown[CONST_ACC_R][HIT] = 0
	L2_cache_stats_breakdown[CONST_ACC_R][HIT_RESERVED] = 0
	L2_cache_stats_breakdown[CONST_ACC_R][MISS] = 0
	L2_cache_stats_breakdown[CONST_ACC_R][RESERVATION_FAIL] = 0
	L2_cache_stats_breakdown[CONST_ACC_R][SECTOR_MISS] = 0
	L2_cache_stats_breakdown[CONST_ACC_R][MSHR_HIT] = 0
	L2_cache_stats_breakdown[TEXTURE_ACC_R][HIT] = 0
	L2_cache_stats_breakdown[TEXTURE_ACC_R][HIT_RESERVED] = 0
	L2_cache_stats_breakdown[TEXTURE_ACC_R][MISS] = 0
	L2_cache_stats_breakdown[TEXTURE_ACC_R][RESERVATION_FAIL] = 0
	L2_cache_stats_breakdown[TEXTURE_ACC_R][SECTOR_MISS] = 0
	L2_cache_stats_breakdown[TEXTURE_ACC_R][MSHR_HIT] = 0
	L2_cache_stats_breakdown[GLOBAL_ACC_W][HIT] = 0
	L2_cache_stats_breakdown[GLOBAL_ACC_W][HIT_RESERVED] = 0
	L2_cache_stats_breakdown[GLOBAL_ACC_W][MISS] = 96
	L2_cache_stats_breakdown[GLOBAL_ACC_W][RESERVATION_FAIL] = 0
	L2_cache_stats_breakdown[GLOBAL_ACC_W][SECTOR_MISS] = 288
	L2_cache_stats_breakdown[GLOBAL_ACC_W][MSHR_HIT] = 0
	L2_cache_stats_breakdown[LOCAL_ACC_W][HIT] = 0
	L2_cache_stats_breakdown[LOCAL_ACC_W][HIT_RESERVED] = 0
	L2_cache_stats_breakdown[LOCAL_ACC_W][MISS] = 0
	L2_cache_stats_breakdown[LOCAL_ACC_W][RESERVATION_FAIL] = 0
	L2_cache_stats_breakdown[LOCAL_ACC_W][SECTOR_MISS] = 0
	L2_cache_stats_breakdown[LOCAL_ACC_W][MSHR_HIT] = 0
	L2_cache_stats_breakdown[L1_WRBK_ACC][HIT] = 0
	L2_cache_stats_breakdown[L1_WRBK_ACC][HIT_RESERVED] = 0
	L2_cache_stats_breakdown[L1_WRBK_ACC][MISS] = 0
	L2_cache_stats_breakdown[L1_WRBK_ACC][RESERVATION_FAIL] = 0
	L2_cache_stats_breakdown[L1_WRBK_ACC][SECTOR_MISS] = 0
	L2_cache_stats_breakdown[L1_WRBK_ACC][MSHR_HIT] = 0
	L2_cache_stats_breakdown[L2_WRBK_ACC][HIT] = 0
	L2_cache_stats_breakdown[L2_WRBK_ACC][HIT_RESERVED] = 0
	L2_cache_stats_breakdown[L2_WRBK_ACC][MISS] = 0
	L2_cache_stats_breakdown[L2_WRBK_ACC][RESERVATION_FAIL] = 0
	L2_cache_stats_breakdown[L2_WRBK_ACC][SECTOR_MISS] = 0
	L2_cache_stats_breakdown[L2_WRBK_ACC][MSHR_HIT] = 0
	L2_cache_stats_breakdown[INST_ACC_R][HIT] = 0
	L2_cache_stats_breakdown[INST_ACC_R][HIT_RESERVED] = 0
	L2_cache_stats_breakdown[INST_ACC_R][MISS] = 45
	L2_cache_stats_breakdown[INST_ACC_R][RESERVATION_FAIL] = 0
	L2_cache_stats_breakdown[INST_ACC_R][SECTOR_MISS] = 135
	L2_cache_stats_breakdown[INST_ACC_R][MSHR_HIT] = 0
	L2_cache_stats_breakdown[L1_WR_ALLOC_R][HIT] = 0
	L2_cache_stats_breakdown[L1_WR_ALLOC_R][HIT_RESERVED] = 0
	L2_cache_stats_breakdown[L1_WR_ALLOC_R][MISS] = 0
	L2_cache_stats_breakdown[L1_WR_ALLOC_R][RESERVATION_FAIL] = 0
	L2_cache_stats_breakdown[L1_WR_ALLOC_R][SECTOR_MISS] = 0
	L2_cache_stats_breakdown[L1_WR_ALLOC_R][MSHR_HIT] = 0
	L2_cache_stats_breakdown[L2_WR_ALLOC_R][HIT] = 0
	L2_cache_stats_breakdown[L2_WR_ALLOC_R][HIT_RESERVED] = 0
	L2_cache_stats_breakdown[L2_WR_ALLOC_R][MISS] = 0
	L2_cache_stats_breakdown[L2_WR_ALLOC_R][RESERVATION_FAIL] = 0
	L2_cache_stats_breakdown[L2_WR_ALLOC_R][SECTOR_MISS] = 0
	L2_cache_stats_breakdown[L2_WR_ALLOC_R][MSHR_HIT] = 0
	L2_cache_stats_breakdown[GLOBAL_ACC_R][TOTAL_ACCESS] = 33020
	L2_cache_stats_breakdown[GLOBAL_ACC_W][TOTAL_ACCESS] = 384
	L2_cache_stats_breakdown[INST_ACC_R][TOTAL_ACCESS] = 180
L2_total_cache_reservation_fail_breakdown:
L2_cache_data_port_util = 0.001
L2_cache_fill_port_util = 0.001

icnt_total_pkts_mem_to_simt=33584
icnt_total_pkts_simt_to_mem=33449
LD_mem_lat_dist  0 0 0 0 0 0 0 0 0 0 0 0 0 0 0 0 0 0 0 0 0 0 0 0 0 0 0
ST_mem_lat_dist  0 0 0 0 0 0 0 0 0 0 0 0 0 0 0 0 0 0 0 0 0 0 0 0 0 0 0
----------------------------Interconnect-DETAILS--------------------------------
Req_Network_injected_packets_num = 33449
Req_Network_cycles = 176585
Req_Network_injected_packets_per_cycle =       0.1894 
Req_Network_conflicts_per_cycle =       0.0000
Req_Network_conflicts_per_cycle_util =       0.0000
Req_Bank_Level_Parallism =       1.0000
Req_Network_in_buffer_full_per_cycle =       0.0000
Req_Network_in_buffer_avg_util =       0.0001
Req_Network_out_buffer_full_per_cycle =       0.0000
Req_Network_out_buffer_avg_util =       0.0030

Reply_Network_injected_packets_num = 33584
Reply_Network_cycles = 176585
Reply_Network_injected_packets_per_cycle =        0.1902
Reply_Network_conflicts_per_cycle =        0.2748
Reply_Network_conflicts_per_cycle_util =       1.4451
Reply_Bank_Level_Parallism =       1.0000
Reply_Network_in_buffer_full_per_cycle =       0.0000
Reply_Network_in_buffer_avg_util =       0.0057
Reply_Network_out_buffer_full_per_cycle =       0.0000
Reply_Network_out_buffer_avg_util =       0.0024
----------------------------END-of-Interconnect-DETAILS-------------------------


gpgpu_simulation_time = 0 days, 0 hrs, 0 min, 28 sec (28 sec)
gpgpu_simulation_rate = 330788 (inst/sec)
gpgpu_simulation_rate = 6306 (cycle/sec)
gpgpu_silicon_slowdown = 179511x
GPGPU-Sim: *** simulation thread exiting ***
GPGPU-Sim: *** exit detected ***
