Accel-Sim [build accelsim-commit-3baec10_modified_6.0_25-06-09-03-35-29]

        *** GPGPU-Sim Simulator Version 4.2.0  [build gpgpu-sim_git-commit-3baec10_modified_6.0.] ***


GPGPU-Sim: Configuration options:

-save_embedded_ptx                      0 # saves ptx files embedded in binary as <n>.ptx
-keep                                   0 # keep intermediate files created by GPGPU-Sim when interfacing with external programs
-gpgpu_ptx_save_converted_ptxplus                    0 # Saved converted ptxplus to a file
-gpgpu_occupancy_sm_number                   70 # The SM number to pass to ptxas when getting register usage for computing GPU occupancy. This parameter is required in the config.
-ptx_opcode_latency_int      4,13,4,5,145,21 # Opcode latencies for integers <ADD,MAX,MUL,MAD,DIV,SHFL>Default 1,1,19,25,145,32
-ptx_opcode_latency_fp          4,13,4,5,39 # Opcode latencies for single precision floating points <ADD,MAX,MUL,MAD,DIV>Default 1,1,1,1,30
-ptx_opcode_latency_dp         8,19,8,8,330 # Opcode latencies for double precision floating points <ADD,MAX,MUL,MAD,DIV>Default 8,8,8,8,335
-ptx_opcode_latency_sfu                  100 # Opcode latencies for SFU instructionsDefault 8
-ptx_opcode_latency_tesnor                   64 # Opcode latencies for Tensor instructionsDefault 64
-ptx_opcode_initiation_int          2,2,2,2,8,4 # Opcode initiation intervals for integers <ADD,MAX,MUL,MAD,DIV,SHFL>Default 1,1,4,4,32,4
-ptx_opcode_initiation_fp            2,2,2,2,4 # Opcode initiation intervals for single precision floating points <ADD,MAX,MUL,MAD,DIV>Default 1,1,1,1,5
-ptx_opcode_initiation_dp          4,4,4,4,130 # Opcode initiation intervals for double precision floating points <ADD,MAX,MUL,MAD,DIV>Default 8,8,8,8,130
-ptx_opcode_initiation_sfu                    8 # Opcode initiation intervals for sfu instructionsDefault 8
-ptx_opcode_initiation_tensor                   64 # Opcode initiation intervals for tensor instructionsDefault 64
-cdp_latency         7200,8000,100,12000,1600 # CDP API latency <cudaStreamCreateWithFlags, cudaGetParameterBufferV2_init_perWarp, cudaGetParameterBufferV2_perKernel, cudaLaunchDeviceV2_init_perWarp, cudaLaunchDevicV2_perKernel>Default 7200,8000,100,12000,1600
-network_mode                           2 # Interconnection network mode
-inter_config_file                   mesh # Interconnection network config file
-icnt_in_buffer_limit                  512 # in_buffer_limit
-icnt_out_buffer_limit                  512 # out_buffer_limit
-icnt_subnets                           2 # subnets
-icnt_arbiter_algo                      1 # arbiter_algo
-icnt_verbose                           0 # inct_verbose
-icnt_grant_cycles                      1 # grant_cycles
-gpgpu_ptx_use_cuobjdump                    1 # Use cuobjdump to extract ptx and sass from binaries
-gpgpu_experimental_lib_support                    0 # Try to extract code from cuda libraries [Broken because of unknown cudaGetExportTable]
-checkpoint_option                      0 #  checkpointing flag (0 = no checkpoint)
-checkpoint_kernel                      1 #  checkpointing during execution of which kernel (1- 1st kernel)
-checkpoint_CTA                         0 #  checkpointing after # of CTA (< less than total CTA)
-resume_option                          0 #  resume flag (0 = no resume)
-resume_kernel                          0 #  Resume from which kernel (1= 1st kernel)
-resume_CTA                             0 #  resume from which CTA 
-checkpoint_CTA_t                       0 #  resume from which CTA 
-checkpoint_insn_Y                      0 #  resume from which CTA 
-gpgpu_ptx_convert_to_ptxplus                    0 # Convert SASS (native ISA) to ptxplus and run ptxplus
-gpgpu_ptx_force_max_capability                   70 # Force maximum compute capability
-gpgpu_ptx_inst_debug_to_file                    0 # Dump executed instructions' debug information to file
-gpgpu_ptx_inst_debug_file       inst_debug.txt # Executed instructions' debug output file
-gpgpu_ptx_inst_debug_thread_uid                    1 # Thread UID for executed instructions' debug output
-gpgpu_simd_model                       1 # 1 = post-dominator
-gpgpu_shader_core_pipeline              2048:32 # shader core pipeline config, i.e., {<nthread>:<warpsize>}
-gpgpu_tex_cache:l1  N:4:128:256,L:R:m:N:L,T:512:8,128:2 # per-shader L1 texture cache  (READ-ONLY) config  {<nsets>:<bsize>:<assoc>,<rep>:<wr>:<alloc>:<wr_alloc>,<mshr>:<N>:<merge>,<mq>:<rf>}
-gpgpu_const_cache:l1 N:128:64:8,L:R:f:N:L,S:2:64,4 # per-shader L1 constant memory cache  (READ-ONLY) config  {<nsets>:<bsize>:<assoc>,<rep>:<wr>:<alloc>:<wr_alloc>,<mshr>:<N>:<merge>,<mq>} 
-gpgpu_cache:il1     N:64:128:16,L:R:f:N:L,S:2:48,4 # shader L1 instruction cache config  {<sector?>:<nsets>:<bsize>:<assoc>,<rep>:<wr>:<alloc>:<wr_alloc>:<set_index_fn>,<mshr>:<N>:<merge>,<mq>} 
-gpgpu_cache:dl1     S:4:128:64,L:T:m:L:L,A:512:8,16:0,32 # per-shader L1 data cache config  {<sector?>:<nsets>:<bsize>:<assoc>,<rep>:<wr>:<alloc>:<wr_alloc>:<set_index_fn>,<mshr>:<N>:<merge>,<mq>:<fifo_entry>,<data_port_width> | none}
-gpgpu_l1_cache_write_ratio                   25 # L1D write ratio
-gpgpu_l1_banks                         4 # The number of L1 cache banks
-gpgpu_l1_banks_byte_interleaving                   32 # l1 banks byte interleaving granularity
-gpgpu_l1_banks_hashing_function                    0 # l1 banks hashing function
-gpgpu_l1_latency                      20 # L1 Hit Latency
-gpgpu_smem_latency                    20 # smem Latency
-gpgpu_cache:dl1PrefL1                 none # per-shader L1 data cache config  {<sector?>:<nsets>:<bsize>:<assoc>,<rep>:<wr>:<alloc>:<wr_alloc>:<set_index_fn>,<mshr>:<N>:<merge>,<mq>:<fifo_entry>,<data_port_width> | none}
-gpgpu_cache:dl1PrefShared                 none # per-shader L1 data cache config  {<sector?>:<nsets>:<bsize>:<assoc>,<rep>:<wr>:<alloc>:<wr_alloc>:<set_index_fn>,<mshr>:<N>:<merge>,<mq>:<fifo_entry>,<data_port_width> | none}
-gpgpu_gmem_skip_L1D                    0 # global memory access skip L1D cache (implements -Xptxas -dlcm=cg, default=no skip)
-gpgpu_perfect_mem                      0 # enable perfect memory mode (no cache miss)
-n_regfile_gating_group                    4 # group of lanes that should be read/written together)
-gpgpu_clock_gated_reg_file                    0 # enable clock gated reg file for power calculations
-gpgpu_clock_gated_lanes                    1 # enable clock gated lanes for power calculations
-gpgpu_shader_registers                65536 # Number of registers per shader core. Limits number of concurrent CTAs. (default 8192)
-gpgpu_registers_per_block                65536 # Maximum number of registers per CTA. (default 8192)
-gpgpu_ignore_resources_limitation                    0 # gpgpu_ignore_resources_limitation (default 0)
-gpgpu_shader_cta                      32 # Maximum number of concurrent CTAs in shader (default 32)
-gpgpu_num_cta_barriers                   16 # Maximum number of named barriers per CTA (default 16)
-gpgpu_n_clusters                      80 # number of processing clusters
-gpgpu_n_cores_per_cluster                    1 # number of simd cores per cluster
-gpgpu_n_cluster_ejection_buffer_size                   32 # number of packets in ejection buffer
-gpgpu_n_ldst_response_buffer_size                    2 # number of response packets in ld/st unit ejection buffer
-gpgpu_shmem_per_block                65536 # Size of shared memory per thread block or CTA (default 48kB)
-gpgpu_shmem_size                   98304 # Size of shared memory per shader core (default 16kB)
-gpgpu_shmem_option       0,8,16,32,64,96 # Option list of shared memory sizes
-gpgpu_unified_l1d_size                  128 # Size of unified data cache(L1D + shared memory) in KB
-gpgpu_adaptive_cache_config                    1 # adaptive_cache_config
-gpgpu_shmem_sizeDefault                98304 # Size of shared memory per shader core (default 16kB)
-gpgpu_shmem_size_PrefL1                16384 # Size of shared memory per shader core (default 16kB)
-gpgpu_shmem_size_PrefShared                16384 # Size of shared memory per shader core (default 16kB)
-gpgpu_shmem_num_banks                   32 # Number of banks in the shared memory in each shader core (default 16)
-gpgpu_shmem_limited_broadcast                    0 # Limit shared memory to do one broadcast per cycle (default on)
-gpgpu_shmem_warp_parts                    1 # Number of portions a warp is divided into for shared memory bank conflict check 
-gpgpu_mem_unit_ports                    1 # The number of memory transactions allowed per core cycle
-gpgpu_shmem_warp_parts                    1 # Number of portions a warp is divided into for shared memory bank conflict check 
-gpgpu_warpdistro_shader                   -1 # Specify which shader core to collect the warp size distribution from
-gpgpu_warp_issue_shader                    0 # Specify which shader core to collect the warp issue distribution from
-gpgpu_local_mem_map                    1 # Mapping from local memory space address to simulated GPU physical address space (default = enabled)
-gpgpu_num_reg_banks                   16 # Number of register banks (default = 8)
-gpgpu_reg_bank_use_warp_id                    0 # Use warp ID in mapping registers to banks (default = off)
-gpgpu_sub_core_model                    1 # Sub Core Volta/Pascal model (default = off)
-gpgpu_enable_specialized_operand_collector                    0 # enable_specialized_operand_collector
-gpgpu_operand_collector_num_units_sp                    4 # number of collector units (default = 4)
-gpgpu_operand_collector_num_units_dp                    0 # number of collector units (default = 0)
-gpgpu_operand_collector_num_units_sfu                    4 # number of collector units (default = 4)
-gpgpu_operand_collector_num_units_int                    0 # number of collector units (default = 0)
-gpgpu_operand_collector_num_units_tensor_core                    4 # number of collector units (default = 4)
-gpgpu_operand_collector_num_units_mem                    2 # number of collector units (default = 2)
-gpgpu_operand_collector_num_units_gen                    8 # number of collector units (default = 0)
-gpgpu_operand_collector_num_in_ports_sp                    1 # number of collector unit in ports (default = 1)
-gpgpu_operand_collector_num_in_ports_dp                    0 # number of collector unit in ports (default = 0)
-gpgpu_operand_collector_num_in_ports_sfu                    1 # number of collector unit in ports (default = 1)
-gpgpu_operand_collector_num_in_ports_int                    0 # number of collector unit in ports (default = 0)
-gpgpu_operand_collector_num_in_ports_tensor_core                    1 # number of collector unit in ports (default = 1)
-gpgpu_operand_collector_num_in_ports_mem                    1 # number of collector unit in ports (default = 1)
-gpgpu_operand_collector_num_in_ports_gen                    8 # number of collector unit in ports (default = 0)
-gpgpu_operand_collector_num_out_ports_sp                    1 # number of collector unit in ports (default = 1)
-gpgpu_operand_collector_num_out_ports_dp                    0 # number of collector unit in ports (default = 0)
-gpgpu_operand_collector_num_out_ports_sfu                    1 # number of collector unit in ports (default = 1)
-gpgpu_operand_collector_num_out_ports_int                    0 # number of collector unit in ports (default = 0)
-gpgpu_operand_collector_num_out_ports_tensor_core                    1 # number of collector unit in ports (default = 1)
-gpgpu_operand_collector_num_out_ports_mem                    1 # number of collector unit in ports (default = 1)
-gpgpu_operand_collector_num_out_ports_gen                    8 # number of collector unit in ports (default = 0)
-gpgpu_coalesce_arch                   70 # Coalescing arch (GT200 = 13, Fermi = 20)
-gpgpu_num_sched_per_core                    4 # Number of warp schedulers per core
-gpgpu_max_insn_issue_per_warp                    1 # Max number of instructions that can be issued per warp in one cycle by scheduler (either 1 or 2)
-gpgpu_dual_issue_diff_exec_units                    1 # should dual issue use two different execution unit resources (Default = 1)
-gpgpu_simt_core_sim_order                    1 # Select the simulation order of cores in a cluster (0=Fix, 1=Round-Robin)
-gpgpu_pipeline_widths 4,4,4,4,4,4,4,4,4,4,8,4,4 # Pipeline widths ID_OC_SP,ID_OC_DP,ID_OC_INT,ID_OC_SFU,ID_OC_MEM,OC_EX_SP,OC_EX_DP,OC_EX_INT,OC_EX_SFU,OC_EX_MEM,EX_WB,ID_OC_TENSOR_CORE,OC_EX_TENSOR_CORE
-gpgpu_tensor_core_avail                    1 # Tensor Core Available (default=0)
-gpgpu_num_sp_units                     4 # Number of SP units (default=1)
-gpgpu_num_dp_units                     4 # Number of DP units (default=0)
-gpgpu_num_int_units                    4 # Number of INT units (default=0)
-gpgpu_num_sfu_units                    4 # Number of SF units (default=1)
-gpgpu_num_tensor_core_units                    4 # Number of tensor_core units (default=1)
-gpgpu_num_mem_units                    1 # Number if ldst units (default=1) WARNING: not hooked up to anything
-gpgpu_scheduler                      lrr # Scheduler configuration: < lrr | gto | two_level_active > If two_level_active:<num_active_warps>:<inner_prioritization>:<outer_prioritization>For complete list of prioritization values see shader.h enum scheduler_prioritization_typeDefault: gto
-gpgpu_concurrent_kernel_sm                    0 # Support concurrent kernels on a SM (default = disabled)
-gpgpu_perfect_inst_const_cache                    0 # perfect inst and const cache mode, so all inst and const hits in the cache(default = disabled)
-gpgpu_inst_fetch_throughput                    4 # the number of fetched intruction per warp each cycle
-gpgpu_reg_file_port_throughput                    2 # the number ports of the register file
-specialized_unit_1         1,4,4,4,4,BRA # specialized unit config {<enabled>,<num_units>:<latency>:<initiation>,<ID_OC_SPEC>:<OC_EX_SPEC>,<NAME>}
-specialized_unit_2       1,4,200,4,4,TEX # specialized unit config {<enabled>,<num_units>:<latency>:<initiation>,<ID_OC_SPEC>:<OC_EX_SPEC>,<NAME>}
-specialized_unit_3      1,4,8,4,4,TENSOR # specialized unit config {<enabled>,<num_units>:<latency>:<initiation>,<ID_OC_SPEC>:<OC_EX_SPEC>,<NAME>}
-specialized_unit_4         0,4,4,4,4,BRA # specialized unit config {<enabled>,<num_units>:<latency>:<initiation>,<ID_OC_SPEC>:<OC_EX_SPEC>,<NAME>}
-specialized_unit_5         0,4,4,4,4,BRA # specialized unit config {<enabled>,<num_units>:<latency>:<initiation>,<ID_OC_SPEC>:<OC_EX_SPEC>,<NAME>}
-specialized_unit_6         0,4,4,4,4,BRA # specialized unit config {<enabled>,<num_units>:<latency>:<initiation>,<ID_OC_SPEC>:<OC_EX_SPEC>,<NAME>}
-specialized_unit_7         0,4,4,4,4,BRA # specialized unit config {<enabled>,<num_units>:<latency>:<initiation>,<ID_OC_SPEC>:<OC_EX_SPEC>,<NAME>}
-specialized_unit_8         0,4,4,4,4,BRA # specialized unit config {<enabled>,<num_units>:<latency>:<initiation>,<ID_OC_SPEC>:<OC_EX_SPEC>,<NAME>}
-gpgpu_perf_sim_memcpy                    1 # Fill the L2 cache on memcpy
-gpgpu_simple_dram_model                    0 # simple_dram_model with fixed latency and BW
-gpgpu_dram_scheduler                    1 # 0 = fifo, 1 = FR-FCFS (defaul)
-gpgpu_dram_partition_queues          64:64:64:64 # i2$:$2d:d2$:$2i
-l2_ideal                               0 # Use a ideal L2 cache that always hit
-gpgpu_cache:dl2     S:32:128:24,L:B:m:L:P,A:192:4,32:0,32 # unified banked L2 data cache config  {<sector?>:<nsets>:<bsize>:<assoc>,<rep>:<wr>:<alloc>:<wr_alloc>:<set_index_fn>,<mshr>:<N>:<merge>,<mq>:<fifo_entry>,<data_port_width>
-gpgpu_cache:dl2_texture_only                    0 # L2 cache used for texture only
-gpgpu_n_mem                           32 # number of memory modules (e.g. memory controllers) in gpu
-gpgpu_n_sub_partition_per_mchannel                    2 # number of memory subpartition in each memory module
-gpgpu_n_mem_per_ctrlr                    1 # number of memory chips per memory controller
-gpgpu_memlatency_stat                   14 # track and display latency statistics 0x2 enables MC, 0x4 enables queue logs
-gpgpu_frfcfs_dram_sched_queue_size                   64 # 0 = unlimited (default); # entries per chip
-gpgpu_dram_return_queue_size                  192 # 0 = unlimited (default); # entries per chip
-gpgpu_dram_buswidth                   16 # default = 4 bytes (8 bytes per cycle at DDR)
-gpgpu_dram_burst_length                    2 # Burst length of each DRAM request (default = 4 data bus cycle)
-dram_data_command_freq_ratio                    2 # Frequency ratio between DRAM data bus and command bus (default = 2 times, i.e. DDR)
-gpgpu_dram_timing_opt nbk=16:CCD=1:RRD=3:RCD=12:RAS=28:RP=12:RC=40: CL=12:WL=2:CDLR=3:WR=10:nbkgrp=4:CCDL=2:RTPL=3 # DRAM timing parameters = {nbk:tCCD:tRRD:tRCD:tRAS:tRP:tRC:CL:WL:tCDLR:tWR:nbkgrp:tCCDL:tRTPL}
-gpgpu_l2_rop_latency                  160 # ROP queue latency (default 85)
-l2_instr_verif_lat                     0 # L2 instruction verification latency (default 0)
-dram_latency                         100 # DRAM latency (default 30)
-dram_instr_verif_lat                    0 # DRAM instruction verification latency (default 0)
-dram_dual_bus_interface                    1 # dual_bus_interface (default = 0) 
-dram_bnk_indexing_policy                    0 # dram_bnk_indexing_policy (0 = normal indexing, 1 = Xoring with the higher bits) (Default = 0)
-dram_bnkgrp_indexing_policy                    1 # dram_bnkgrp_indexing_policy (0 = take higher bits, 1 = take lower bits) (Default = 0)
-dram_seperate_write_queue_enable                    0 # Seperate_Write_Queue_Enable
-dram_write_queue_size             32:28:16 # Write_Queue_Size
-dram_elimnate_rw_turnaround                    0 # elimnate_rw_turnaround i.e set tWTR and tRTW = 0
-icnt_flit_size                        40 # icnt_flit_size
-SST_mode                               0 # SST mode
-gpgpu_mem_addr_mapping dramid@8;00000000.00000000.00000000.00000000.0000RRRR.RRRRRRRR.RBBBCCCB.CCCSSSSS # mapping memory address to dram model {dramid@<start bit>;<memory address map>}
-gpgpu_mem_addr_test                    0 # run sweep test to check address mapping for aliased address
-gpgpu_mem_address_mask                    1 # 0 = old addressing mask, 1 = new addressing mask, 2 = new add. mask + flipped bank sel and chip sel bits
-gpgpu_memory_partition_indexing                    2 # 0 = no indexing, 1 = bitwise xoring, 2 = IPoly, 3 = custom indexing
-accelwattch_xml_file accelwattch_sass_sim.xml # AccelWattch XML file
-power_simulation_enabled                    0 # Turn on power simulator (1=On, 0=Off)
-power_per_cycle_dump                    0 # Dump detailed power output each cycle
-hw_perf_file_name            hw_perf.csv # Hardware Performance Statistics file
-hw_perf_bench_name                       # Kernel Name in Hardware Performance Statistics file
-power_simulation_mode                    0 # Switch performance counter input for power simulation (0=Sim, 1=HW, 2=HW-Sim Hybrid)
-dvfs_enabled                           0 # Turn on DVFS for power model
-aggregate_power_stats                    0 # Accumulate power across all kernels
-accelwattch_hybrid_perfsim_L1_RH                    0 # Get L1 Read Hits for Accelwattch-Hybrid from Accel-Sim
-accelwattch_hybrid_perfsim_L1_RM                    0 # Get L1 Read Misses for Accelwattch-Hybrid from Accel-Sim
-accelwattch_hybrid_perfsim_L1_WH                    0 # Get L1 Write Hits for Accelwattch-Hybrid from Accel-Sim
-accelwattch_hybrid_perfsim_L1_WM                    0 # Get L1 Write Misses for Accelwattch-Hybrid from Accel-Sim
-accelwattch_hybrid_perfsim_L2_RH                    0 # Get L2 Read Hits for Accelwattch-Hybrid from Accel-Sim
-accelwattch_hybrid_perfsim_L2_RM                    0 # Get L2 Read Misses for Accelwattch-Hybrid from Accel-Sim
-accelwattch_hybrid_perfsim_L2_WH                    0 # Get L2 Write Hits for Accelwattch-Hybrid from Accel-Sim
-accelwattch_hybrid_perfsim_L2_WM                    0 # Get L2 Write Misses for Accelwattch-Hybrid from Accel-Sim
-accelwattch_hybrid_perfsim_CC_ACC                    0 # Get Constant Cache Acesses for Accelwattch-Hybrid from Accel-Sim
-accelwattch_hybrid_perfsim_SHARED_ACC                    0 # Get Shared Memory Acesses for Accelwattch-Hybrid from Accel-Sim
-accelwattch_hybrid_perfsim_DRAM_RD                    0 # Get DRAM Reads for Accelwattch-Hybrid from Accel-Sim
-accelwattch_hybrid_perfsim_DRAM_WR                    0 # Get DRAM Writes for Accelwattch-Hybrid from Accel-Sim
-accelwattch_hybrid_perfsim_NOC                    0 # Get Interconnect Acesses for Accelwattch-Hybrid from Accel-Sim
-accelwattch_hybrid_perfsim_PIPE_DUTY                    0 # Get Pipeline Duty Cycle Acesses for Accelwattch-Hybrid from Accel-Sim
-accelwattch_hybrid_perfsim_NUM_SM_IDLE                    0 # Get Number of Idle SMs for Accelwattch-Hybrid from Accel-Sim
-accelwattch_hybrid_perfsim_CYCLES                    0 # Get Executed Cycles for Accelwattch-Hybrid from Accel-Sim
-accelwattch_hybrid_perfsim_VOLTAGE                    0 # Get Chip Voltage for Accelwattch-Hybrid from Accel-Sim
-power_trace_enabled                    0 # produce a file for the power trace (1=On, 0=Off)
-power_trace_zlevel                     6 # Compression level of the power trace output log (0=no comp, 9=highest)
-steady_power_levels_enabled                    0 # produce a file for the steady power levels (1=On, 0=Off)
-steady_state_definition                  8:4 # allowed deviation:number of samples
-gpgpu_max_cycle                        0 # terminates gpu simulation early (0 = no limit)
-gpgpu_max_insn                         0 # terminates gpu simulation early (0 = no limit)
-gpgpu_max_cta                          0 # terminates gpu simulation early (0 = no limit)
-gpgpu_max_completed_cta                    0 # terminates gpu simulation early (0 = no limit)
-gpgpu_runtime_stat                   500 # display runtime statistics such as dram utilization {<freq>:<flag>}
-liveness_message_freq                    1 # Minimum number of seconds between simulation liveness messages (0 = always print)
-gpgpu_compute_capability_major                    7 # Major compute capability version number
-gpgpu_compute_capability_minor                    0 # Minor compute capability version number
-gpgpu_flush_l1_cache                    1 # Flush L1 cache at the end of each kernel call
-gpgpu_flush_l2_cache                    0 # Flush L2 cache at the end of each kernel call
-gpgpu_deadlock_detect                    0 # Stop the simulation at deadlock (1=on (default), 0=off)
-gpgpu_ptx_instruction_classification                    0 # if enabled will classify ptx instruction types per kernel (Max 255 kernels now)
-gpgpu_ptx_sim_mode                     0 # Select between Performance (default) or Functional simulation (1)
-gpgpu_clock_domains 1132.0:1132.0:1132.0:850.0 # Clock Domain Frequencies in MhZ {<Core Clock>:<ICNT Clock>:<L2 Clock>:<DRAM Clock>}
-gpgpu_max_concurrent_kernel                  128 # maximum kernels that can run concurrently on GPU, set this value according to max resident grids for your compute capability
-gpgpu_cflog_interval                    0 # Interval between each snapshot in control flow logger
-visualizer_enabled                     0 # Turn on visualizer output (1=On, 0=Off)
-visualizer_outputfile                 NULL # Specifies the output log file for visualizer
-visualizer_zlevel                      6 # Compression level of the visualizer output log (0=no comp, 9=highest)
-gpgpu_stack_size_limit                 1024 # GPU thread stack size
-gpgpu_heap_size_limit              8388608 # GPU malloc heap size 
-gpgpu_runtime_sync_depth_limit                    2 # GPU device runtime synchronize depth
-gpgpu_runtime_pending_launch_count_limit                 2048 # GPU device runtime pending launch count
-trace_enabled                          0 # Turn on traces
-trace_components                    none # comma seperated list of traces to enable. Complete list found in trace_streams.tup. Default none
-trace_sampling_core                    0 # The core which is printed using CORE_DPRINTF. Default 0
-trace_sampling_memory_partition                   -1 # The memory partition which is printed using MEMPART_DPRINTF. Default -1 (i.e. all)
-enable_ptx_file_line_stats                    1 # Turn on PTX source line statistic profiling. (1 = On)
-ptx_line_stats_filename gpgpu_inst_stats.txt # Output file for PTX source line statistics.
-gpgpu_kernel_launch_latency                 5000 # Kernel launch latency in cycles. Default: 0
-gpgpu_cdp_enabled                      0 # Turn on CDP
-gpgpu_TB_launch_latency                    0 # thread block launch latency in cycles. Default: 0
-trace               ./hw_run/ubench/11.0/l1_bw_32f_unroll_large/NO_ARGS/traces/kernelslist.g # traces kernel filetraces kernel file directory
-trace_opcode_latency_initiation_int                  2,2 # Opcode latencies and initiation for integers in trace driven mode <latency,initiation>
-trace_opcode_latency_initiation_sp                  2,2 # Opcode latencies and initiation for sp in trace driven mode <latency,initiation>
-trace_opcode_latency_initiation_dp                  8,4 # Opcode latencies and initiation for dp in trace driven mode <latency,initiation>
-trace_opcode_latency_initiation_sfu                 20,8 # Opcode latencies and initiation for sfu in trace driven mode <latency,initiation>
-trace_opcode_latency_initiation_tensor                  2,2 # Opcode latencies and initiation for tensor in trace driven mode <latency,initiation>
-trace_opcode_latency_initiation_spec_op_1                  4,4 # specialized unit config <latency,initiation>
-trace_opcode_latency_initiation_spec_op_2                200,4 # specialized unit config <latency,initiation>
-trace_opcode_latency_initiation_spec_op_3                  2,2 # specialized unit config <latency,initiation>
-trace_opcode_latency_initiation_spec_op_4                  4,4 # specialized unit config <latency,initiation>
-trace_opcode_latency_initiation_spec_op_5                  4,4 # specialized unit config <latency,initiation>
-trace_opcode_latency_initiation_spec_op_6                  4,4 # specialized unit config <latency,initiation>
-trace_opcode_latency_initiation_spec_op_7                  4,4 # specialized unit config <latency,initiation>
-trace_opcode_latency_initiation_spec_op_8                  4,4 # specialized unit config <latency,initiation>
DRAM Timing Options:
nbk                                    16 # number of banks
CCD                                     1 # column to column delay
RRD                                     3 # minimal delay between activation of rows in different banks
RCD                                    12 # row to column delay
RAS                                    28 # time needed to activate row
RP                                     12 # time needed to precharge (deactivate) row
RC                                     40 # row cycle time
CDLR                                    3 # switching from write to read (changes tWTR)
WR                                     10 # last data-in to row precharge
CL                                     12 # CAS latency
WL                                      2 # Write latency
nbkgrp                                  4 # number of bank groups
CCDL                                    2 # column to column delay between accesses to different bank groups
RTPL                                    3 # read to precharge delay between accesses to different bank groups
Total number of memory sub partition = 64
addr_dec_mask[CHIP]  = 0000000000001f00 	high:13 low:8
addr_dec_mask[BK]    = 00000000000e2000 	high:20 low:13
addr_dec_mask[ROW]   = 00000001fff00000 	high:33 low:20
addr_dec_mask[COL]   = 000000000001c0ff 	high:17 low:0
addr_dec_mask[BURST] = 000000000000001f 	high:5 low:0
sub_partition_id_mask = 0000000000002000
GPGPU-Sim uArch: clock freqs: 1132000000.000000:1132000000.000000:1132000000.000000:850000000.000000
GPGPU-Sim uArch: clock periods: 0.00000000088339222615:0.00000000088339222615:0.00000000088339222615:0.00000000117647058824
*** Initializing Memory Statistics ***
GPGPU-Sim uArch: performance model initialization complete.
launching memcpy command : MemcpyHtoD,0x00007f51a5702000,528384
Processing kernel ./hw_run/ubench/11.0/l1_bw_32f_unroll_large/NO_ARGS/traces/kernel-1.traceg
-kernel name = _Z5l1_bwPjS_PfS0_
-kernel id = 1
-grid dim = (1,1,1)
-block dim = (1024,1,1)
-shmem = 0
-nregs = 31
-binary version = 70
-cuda stream id = 0
-shmem base_addr = 0x00007f51db000000
-local mem base_addr = 0x00007f51dd000000
-nvbit version = 1.4
-accelsim tracer version = 3
Header info loaded for kernel command : ./hw_run/ubench/11.0/l1_bw_32f_unroll_large/NO_ARGS/traces/kernel-1.traceg
launching kernel name: _Z5l1_bwPjS_PfS0_ uid: 1 cuda_stream_id: 0
GPGPU-Sim uArch: Shader 0 bind to kernel 1 '_Z5l1_bwPjS_PfS0_'
GPGPU-Sim uArch: CTA/core = 2, limited by: threads regs
GPGPU-Sim: Reconfigure L1 cache to 128KB
thread block = 0,0,0
Destroy streams for kernel 1: size 0
kernel_name = _Z5l1_bwPjS_PfS0_ 
kernel_launch_uid = 1 
kernel_stream_id = 0
gpu_sim_cycle = 168814
gpu_sim_insn = 9262080
gpu_ipc =      54.8656
gpu_tot_sim_cycle = 168814
gpu_tot_sim_insn = 9262080
gpu_tot_ipc =      54.8656
gpu_tot_issued_cta = 1
gpu_occupancy = 49.9872% 
gpu_tot_occupancy = 49.9872% 
max_total_param_size = 0
gpu_stall_dramfull = 0
gpu_stall_icnt2sh    = 0
partiton_level_parallism =       0.1981
partiton_level_parallism_total  =       0.1981
partiton_level_parallism_util =       1.0000
partiton_level_parallism_util_total  =       1.0000
L2_BW  =       7.2064 GB/Sec
L2_BW_total  =       7.2064 GB/Sec
gpu_total_sim_rate=343040

========= Core cache stats =========
L1I_cache:
	L1I_total_cache_accesses = 146443
	L1I_total_cache_misses = 1384
	L1I_total_cache_miss_rate = 0.0095
	L1I_total_cache_pending_hits = 0
	L1I_total_cache_reservation_fails = 0
L1D_cache:
	L1D_cache_core[0]: Access = 541184, Miss = 33404, Miss_rate = 0.062, Pending_hits = 12412, Reservation_fails = 26776
	L1D_cache_core[1]: Access = 0, Miss = 0, Miss_rate = -nan, Pending_hits = 0, Reservation_fails = 0
	L1D_cache_core[2]: Access = 0, Miss = 0, Miss_rate = -nan, Pending_hits = 0, Reservation_fails = 0
	L1D_cache_core[3]: Access = 0, Miss = 0, Miss_rate = -nan, Pending_hits = 0, Reservation_fails = 0
	L1D_cache_core[4]: Access = 0, Miss = 0, Miss_rate = -nan, Pending_hits = 0, Reservation_fails = 0
	L1D_cache_core[5]: Access = 0, Miss = 0, Miss_rate = -nan, Pending_hits = 0, Reservation_fails = 0
	L1D_cache_core[6]: Access = 0, Miss = 0, Miss_rate = -nan, Pending_hits = 0, Reservation_fails = 0
	L1D_cache_core[7]: Access = 0, Miss = 0, Miss_rate = -nan, Pending_hits = 0, Reservation_fails = 0
	L1D_cache_core[8]: Access = 0, Miss = 0, Miss_rate = -nan, Pending_hits = 0, Reservation_fails = 0
	L1D_cache_core[9]: Access = 0, Miss = 0, Miss_rate = -nan, Pending_hits = 0, Reservation_fails = 0
	L1D_cache_core[10]: Access = 0, Miss = 0, Miss_rate = -nan, Pending_hits = 0, Reservation_fails = 0
	L1D_cache_core[11]: Access = 0, Miss = 0, Miss_rate = -nan, Pending_hits = 0, Reservation_fails = 0
	L1D_cache_core[12]: Access = 0, Miss = 0, Miss_rate = -nan, Pending_hits = 0, Reservation_fails = 0
	L1D_cache_core[13]: Access = 0, Miss = 0, Miss_rate = -nan, Pending_hits = 0, Reservation_fails = 0
	L1D_cache_core[14]: Access = 0, Miss = 0, Miss_rate = -nan, Pending_hits = 0, Reservation_fails = 0
	L1D_cache_core[15]: Access = 0, Miss = 0, Miss_rate = -nan, Pending_hits = 0, Reservation_fails = 0
	L1D_cache_core[16]: Access = 0, Miss = 0, Miss_rate = -nan, Pending_hits = 0, Reservation_fails = 0
	L1D_cache_core[17]: Access = 0, Miss = 0, Miss_rate = -nan, Pending_hits = 0, Reservation_fails = 0
	L1D_cache_core[18]: Access = 0, Miss = 0, Miss_rate = -nan, Pending_hits = 0, Reservation_fails = 0
	L1D_cache_core[19]: Access = 0, Miss = 0, Miss_rate = -nan, Pending_hits = 0, Reservation_fails = 0
	L1D_cache_core[20]: Access = 0, Miss = 0, Miss_rate = -nan, Pending_hits = 0, Reservation_fails = 0
	L1D_cache_core[21]: Access = 0, Miss = 0, Miss_rate = -nan, Pending_hits = 0, Reservation_fails = 0
	L1D_cache_core[22]: Access = 0, Miss = 0, Miss_rate = -nan, Pending_hits = 0, Reservation_fails = 0
	L1D_cache_core[23]: Access = 0, Miss = 0, Miss_rate = -nan, Pending_hits = 0, Reservation_fails = 0
	L1D_cache_core[24]: Access = 0, Miss = 0, Miss_rate = -nan, Pending_hits = 0, Reservation_fails = 0
	L1D_cache_core[25]: Access = 0, Miss = 0, Miss_rate = -nan, Pending_hits = 0, Reservation_fails = 0
	L1D_cache_core[26]: Access = 0, Miss = 0, Miss_rate = -nan, Pending_hits = 0, Reservation_fails = 0
	L1D_cache_core[27]: Access = 0, Miss = 0, Miss_rate = -nan, Pending_hits = 0, Reservation_fails = 0
	L1D_cache_core[28]: Access = 0, Miss = 0, Miss_rate = -nan, Pending_hits = 0, Reservation_fails = 0
	L1D_cache_core[29]: Access = 0, Miss = 0, Miss_rate = -nan, Pending_hits = 0, Reservation_fails = 0
	L1D_cache_core[30]: Access = 0, Miss = 0, Miss_rate = -nan, Pending_hits = 0, Reservation_fails = 0
	L1D_cache_core[31]: Access = 0, Miss = 0, Miss_rate = -nan, Pending_hits = 0, Reservation_fails = 0
	L1D_cache_core[32]: Access = 0, Miss = 0, Miss_rate = -nan, Pending_hits = 0, Reservation_fails = 0
	L1D_cache_core[33]: Access = 0, Miss = 0, Miss_rate = -nan, Pending_hits = 0, Reservation_fails = 0
	L1D_cache_core[34]: Access = 0, Miss = 0, Miss_rate = -nan, Pending_hits = 0, Reservation_fails = 0
	L1D_cache_core[35]: Access = 0, Miss = 0, Miss_rate = -nan, Pending_hits = 0, Reservation_fails = 0
	L1D_cache_core[36]: Access = 0, Miss = 0, Miss_rate = -nan, Pending_hits = 0, Reservation_fails = 0
	L1D_cache_core[37]: Access = 0, Miss = 0, Miss_rate = -nan, Pending_hits = 0, Reservation_fails = 0
	L1D_cache_core[38]: Access = 0, Miss = 0, Miss_rate = -nan, Pending_hits = 0, Reservation_fails = 0
	L1D_cache_core[39]: Access = 0, Miss = 0, Miss_rate = -nan, Pending_hits = 0, Reservation_fails = 0
	L1D_cache_core[40]: Access = 0, Miss = 0, Miss_rate = -nan, Pending_hits = 0, Reservation_fails = 0
	L1D_cache_core[41]: Access = 0, Miss = 0, Miss_rate = -nan, Pending_hits = 0, Reservation_fails = 0
	L1D_cache_core[42]: Access = 0, Miss = 0, Miss_rate = -nan, Pending_hits = 0, Reservation_fails = 0
	L1D_cache_core[43]: Access = 0, Miss = 0, Miss_rate = -nan, Pending_hits = 0, Reservation_fails = 0
	L1D_cache_core[44]: Access = 0, Miss = 0, Miss_rate = -nan, Pending_hits = 0, Reservation_fails = 0
	L1D_cache_core[45]: Access = 0, Miss = 0, Miss_rate = -nan, Pending_hits = 0, Reservation_fails = 0
	L1D_cache_core[46]: Access = 0, Miss = 0, Miss_rate = -nan, Pending_hits = 0, Reservation_fails = 0
	L1D_cache_core[47]: Access = 0, Miss = 0, Miss_rate = -nan, Pending_hits = 0, Reservation_fails = 0
	L1D_cache_core[48]: Access = 0, Miss = 0, Miss_rate = -nan, Pending_hits = 0, Reservation_fails = 0
	L1D_cache_core[49]: Access = 0, Miss = 0, Miss_rate = -nan, Pending_hits = 0, Reservation_fails = 0
	L1D_cache_core[50]: Access = 0, Miss = 0, Miss_rate = -nan, Pending_hits = 0, Reservation_fails = 0
	L1D_cache_core[51]: Access = 0, Miss = 0, Miss_rate = -nan, Pending_hits = 0, Reservation_fails = 0
	L1D_cache_core[52]: Access = 0, Miss = 0, Miss_rate = -nan, Pending_hits = 0, Reservation_fails = 0
	L1D_cache_core[53]: Access = 0, Miss = 0, Miss_rate = -nan, Pending_hits = 0, Reservation_fails = 0
	L1D_cache_core[54]: Access = 0, Miss = 0, Miss_rate = -nan, Pending_hits = 0, Reservation_fails = 0
	L1D_cache_core[55]: Access = 0, Miss = 0, Miss_rate = -nan, Pending_hits = 0, Reservation_fails = 0
	L1D_cache_core[56]: Access = 0, Miss = 0, Miss_rate = -nan, Pending_hits = 0, Reservation_fails = 0
	L1D_cache_core[57]: Access = 0, Miss = 0, Miss_rate = -nan, Pending_hits = 0, Reservation_fails = 0
	L1D_cache_core[58]: Access = 0, Miss = 0, Miss_rate = -nan, Pending_hits = 0, Reservation_fails = 0
	L1D_cache_core[59]: Access = 0, Miss = 0, Miss_rate = -nan, Pending_hits = 0, Reservation_fails = 0
	L1D_cache_core[60]: Access = 0, Miss = 0, Miss_rate = -nan, Pending_hits = 0, Reservation_fails = 0
	L1D_cache_core[61]: Access = 0, Miss = 0, Miss_rate = -nan, Pending_hits = 0, Reservation_fails = 0
	L1D_cache_core[62]: Access = 0, Miss = 0, Miss_rate = -nan, Pending_hits = 0, Reservation_fails = 0
	L1D_cache_core[63]: Access = 0, Miss = 0, Miss_rate = -nan, Pending_hits = 0, Reservation_fails = 0
	L1D_cache_core[64]: Access = 0, Miss = 0, Miss_rate = -nan, Pending_hits = 0, Reservation_fails = 0
	L1D_cache_core[65]: Access = 0, Miss = 0, Miss_rate = -nan, Pending_hits = 0, Reservation_fails = 0
	L1D_cache_core[66]: Access = 0, Miss = 0, Miss_rate = -nan, Pending_hits = 0, Reservation_fails = 0
	L1D_cache_core[67]: Access = 0, Miss = 0, Miss_rate = -nan, Pending_hits = 0, Reservation_fails = 0
	L1D_cache_core[68]: Access = 0, Miss = 0, Miss_rate = -nan, Pending_hits = 0, Reservation_fails = 0
	L1D_cache_core[69]: Access = 0, Miss = 0, Miss_rate = -nan, Pending_hits = 0, Reservation_fails = 0
	L1D_cache_core[70]: Access = 0, Miss = 0, Miss_rate = -nan, Pending_hits = 0, Reservation_fails = 0
	L1D_cache_core[71]: Access = 0, Miss = 0, Miss_rate = -nan, Pending_hits = 0, Reservation_fails = 0
	L1D_cache_core[72]: Access = 0, Miss = 0, Miss_rate = -nan, Pending_hits = 0, Reservation_fails = 0
	L1D_cache_core[73]: Access = 0, Miss = 0, Miss_rate = -nan, Pending_hits = 0, Reservation_fails = 0
	L1D_cache_core[74]: Access = 0, Miss = 0, Miss_rate = -nan, Pending_hits = 0, Reservation_fails = 0
	L1D_cache_core[75]: Access = 0, Miss = 0, Miss_rate = -nan, Pending_hits = 0, Reservation_fails = 0
	L1D_cache_core[76]: Access = 0, Miss = 0, Miss_rate = -nan, Pending_hits = 0, Reservation_fails = 0
	L1D_cache_core[77]: Access = 0, Miss = 0, Miss_rate = -nan, Pending_hits = 0, Reservation_fails = 0
	L1D_cache_core[78]: Access = 0, Miss = 0, Miss_rate = -nan, Pending_hits = 0, Reservation_fails = 0
	L1D_cache_core[79]: Access = 0, Miss = 0, Miss_rate = -nan, Pending_hits = 0, Reservation_fails = 0
	L1D_total_cache_accesses = 541184
	L1D_total_cache_misses = 33404
	L1D_total_cache_miss_rate = 0.0617
	L1D_total_cache_pending_hits = 12412
	L1D_total_cache_reservation_fails = 26776
	L1D_cache_data_port_util = 0.857
	L1D_cache_fill_port_util = 0.202
L1C_cache:
	L1C_total_cache_accesses = 0
	L1C_total_cache_misses = 0
	L1C_total_cache_pending_hits = 0
	L1C_total_cache_reservation_fails = 0
L1T_cache:
	L1T_total_cache_accesses = 0
	L1T_total_cache_misses = 0
	L1T_total_cache_pending_hits = 0
	L1T_total_cache_reservation_fails = 0

Total_core_cache_stats:
	Total_core_cache_stats_breakdown[GLOBAL_ACC_R][HIT] = 495368
	Total_core_cache_stats_breakdown[GLOBAL_ACC_R][HIT_RESERVED] = 12412
	Total_core_cache_stats_breakdown[GLOBAL_ACC_R][MISS] = 8255
	Total_core_cache_stats_breakdown[GLOBAL_ACC_R][RESERVATION_FAIL] = 26230
	Total_core_cache_stats_breakdown[GLOBAL_ACC_R][SECTOR_MISS] = 24765
	Total_core_cache_stats_breakdown[GLOBAL_ACC_R][MSHR_HIT] = 12412
	Total_core_cache_stats_breakdown[LOCAL_ACC_R][HIT] = 0
	Total_core_cache_stats_breakdown[LOCAL_ACC_R][HIT_RESERVED] = 0
	Total_core_cache_stats_breakdown[LOCAL_ACC_R][MISS] = 0
	Total_core_cache_stats_breakdown[LOCAL_ACC_R][RESERVATION_FAIL] = 0
	Total_core_cache_stats_breakdown[LOCAL_ACC_R][SECTOR_MISS] = 0
	Total_core_cache_stats_breakdown[LOCAL_ACC_R][MSHR_HIT] = 0
	Total_core_cache_stats_breakdown[CONST_ACC_R][HIT] = 0
	Total_core_cache_stats_breakdown[CONST_ACC_R][HIT_RESERVED] = 0
	Total_core_cache_stats_breakdown[CONST_ACC_R][MISS] = 0
	Total_core_cache_stats_breakdown[CONST_ACC_R][RESERVATION_FAIL] = 0
	Total_core_cache_stats_breakdown[CONST_ACC_R][SECTOR_MISS] = 0
	Total_core_cache_stats_breakdown[CONST_ACC_R][MSHR_HIT] = 0
	Total_core_cache_stats_breakdown[TEXTURE_ACC_R][HIT] = 0
	Total_core_cache_stats_breakdown[TEXTURE_ACC_R][HIT_RESERVED] = 0
	Total_core_cache_stats_breakdown[TEXTURE_ACC_R][MISS] = 0
	Total_core_cache_stats_breakdown[TEXTURE_ACC_R][RESERVATION_FAIL] = 0
	Total_core_cache_stats_breakdown[TEXTURE_ACC_R][SECTOR_MISS] = 0
	Total_core_cache_stats_breakdown[TEXTURE_ACC_R][MSHR_HIT] = 0
	Total_core_cache_stats_breakdown[GLOBAL_ACC_W][HIT] = 0
	Total_core_cache_stats_breakdown[GLOBAL_ACC_W][HIT_RESERVED] = 0
	Total_core_cache_stats_breakdown[GLOBAL_ACC_W][MISS] = 96
	Total_core_cache_stats_breakdown[GLOBAL_ACC_W][RESERVATION_FAIL] = 546
	Total_core_cache_stats_breakdown[GLOBAL_ACC_W][SECTOR_MISS] = 288
	Total_core_cache_stats_breakdown[GLOBAL_ACC_W][MSHR_HIT] = 0
	Total_core_cache_stats_breakdown[LOCAL_ACC_W][HIT] = 0
	Total_core_cache_stats_breakdown[LOCAL_ACC_W][HIT_RESERVED] = 0
	Total_core_cache_stats_breakdown[LOCAL_ACC_W][MISS] = 0
	Total_core_cache_stats_breakdown[LOCAL_ACC_W][RESERVATION_FAIL] = 0
	Total_core_cache_stats_breakdown[LOCAL_ACC_W][SECTOR_MISS] = 0
	Total_core_cache_stats_breakdown[LOCAL_ACC_W][MSHR_HIT] = 0
	Total_core_cache_stats_breakdown[L1_WRBK_ACC][HIT] = 0
	Total_core_cache_stats_breakdown[L1_WRBK_ACC][HIT_RESERVED] = 0
	Total_core_cache_stats_breakdown[L1_WRBK_ACC][MISS] = 0
	Total_core_cache_stats_breakdown[L1_WRBK_ACC][RESERVATION_FAIL] = 0
	Total_core_cache_stats_breakdown[L1_WRBK_ACC][SECTOR_MISS] = 0
	Total_core_cache_stats_breakdown[L1_WRBK_ACC][MSHR_HIT] = 0
	Total_core_cache_stats_breakdown[L2_WRBK_ACC][HIT] = 0
	Total_core_cache_stats_breakdown[L2_WRBK_ACC][HIT_RESERVED] = 0
	Total_core_cache_stats_breakdown[L2_WRBK_ACC][MISS] = 0
	Total_core_cache_stats_breakdown[L2_WRBK_ACC][RESERVATION_FAIL] = 0
	Total_core_cache_stats_breakdown[L2_WRBK_ACC][SECTOR_MISS] = 0
	Total_core_cache_stats_breakdown[L2_WRBK_ACC][MSHR_HIT] = 0
	Total_core_cache_stats_breakdown[INST_ACC_R][HIT] = 145059
	Total_core_cache_stats_breakdown[INST_ACC_R][HIT_RESERVED] = 0
	Total_core_cache_stats_breakdown[INST_ACC_R][MISS] = 1384
	Total_core_cache_stats_breakdown[INST_ACC_R][RESERVATION_FAIL] = 0
	Total_core_cache_stats_breakdown[INST_ACC_R][SECTOR_MISS] = 0
	Total_core_cache_stats_breakdown[INST_ACC_R][MSHR_HIT] = 1339
	Total_core_cache_stats_breakdown[L1_WR_ALLOC_R][HIT] = 0
	Total_core_cache_stats_breakdown[L1_WR_ALLOC_R][HIT_RESERVED] = 0
	Total_core_cache_stats_breakdown[L1_WR_ALLOC_R][MISS] = 0
	Total_core_cache_stats_breakdown[L1_WR_ALLOC_R][RESERVATION_FAIL] = 0
	Total_core_cache_stats_breakdown[L1_WR_ALLOC_R][SECTOR_MISS] = 0
	Total_core_cache_stats_breakdown[L1_WR_ALLOC_R][MSHR_HIT] = 0
	Total_core_cache_stats_breakdown[L2_WR_ALLOC_R][HIT] = 0
	Total_core_cache_stats_breakdown[L2_WR_ALLOC_R][HIT_RESERVED] = 0
	Total_core_cache_stats_breakdown[L2_WR_ALLOC_R][MISS] = 0
	Total_core_cache_stats_breakdown[L2_WR_ALLOC_R][RESERVATION_FAIL] = 0
	Total_core_cache_stats_breakdown[L2_WR_ALLOC_R][SECTOR_MISS] = 0
	Total_core_cache_stats_breakdown[L2_WR_ALLOC_R][MSHR_HIT] = 0
	Total_core_cache_stats_breakdown[GLOBAL_ACC_R][TOTAL_ACCESS] = 540800
	Total_core_cache_stats_breakdown[GLOBAL_ACC_W][TOTAL_ACCESS] = 384
	Total_core_cache_stats_breakdown[INST_ACC_R][TOTAL_ACCESS] = 146443

Total_core_cache_fail_stats:
	Total_core_cache_fail_stats_breakdown[GLOBAL_ACC_R][MISS_QUEUE_FULL] = 9641
	Total_core_cache_fail_stats_breakdown[GLOBAL_ACC_R][MSHR_ENRTY_FAIL] = 16487
	Total_core_cache_fail_stats_breakdown[GLOBAL_ACC_R][MSHR_MERGE_ENRTY_FAIL] = 102
	Total_core_cache_fail_stats_breakdown[GLOBAL_ACC_W][MISS_QUEUE_FULL] = 546
ctas_completed 1, Shader 0 warp_id issue ditsribution:
warp_id:
0, 1, 2, 3, 4, 5, 6, 7, 8, 9, 10, 11, 12, 13, 14, 15, 16, 17, 18, 19, 20, 21, 22, 23, 24, 25, 26, 27, 28, 29, 30, 31, 
distro:
9052, 9052, 9052, 9052, 9052, 9052, 9052, 9052, 9052, 9052, 9052, 9052, 9052, 9052, 9052, 9052, 9052, 9052, 9052, 9052, 9052, 9052, 9052, 9052, 9052, 9052, 9052, 9052, 9052, 9052, 9052, 9052, 
gpgpu_n_tot_thrd_icount = 9262080
gpgpu_n_tot_w_icount = 289664
gpgpu_n_stall_shd_mem = 12159
gpgpu_n_mem_read_local = 0
gpgpu_n_mem_write_local = 0
gpgpu_n_mem_read_global = 33020
gpgpu_n_mem_write_global = 384
gpgpu_n_mem_texture = 0
gpgpu_n_mem_const = 0
gpgpu_n_load_insn  = 4326400
gpgpu_n_store_insn = 3072
gpgpu_n_shmem_insn = 0
gpgpu_n_sstarr_insn = 0
gpgpu_n_tex_insn = 0
gpgpu_n_const_mem_insn = 0
gpgpu_n_param_mem_insn = 0
gpgpu_n_shmem_bkconflict = 0
gpgpu_n_l1cache_bkconflict = 12159
gpgpu_n_intrawarp_mshr_merge = 0
gpgpu_n_cmem_portconflict = 0
gpgpu_stall_shd_mem[c_mem][resource_stall] = 0
gpgpu_stall_shd_mem[s_mem][bk_conf] = 0
gpgpu_stall_shd_mem[gl_mem][resource_stall] = 12159
gpgpu_stall_shd_mem[gl_mem][coal_stall] = 0
gpgpu_stall_shd_mem[gl_mem][data_port_stall] = 0
gpu_reg_bank_conflict_stalls = 0
Warp Occupancy Distribution:
Stall:314039	W0_Idle:47725	W0_Scoreboard:4048	W1:0	W2:0	W3:0	W4:0	W5:0	W6:0	W7:0	W8:0	W9:0	W10:0	W11:0	W12:0	W13:0	W14:0	W15:0	W16:0	W17:0	W18:0	W19:0	W20:0	W21:0	W22:0	W23:0	W24:0	W25:0	W26:0	W27:0	W28:0	W29:0	W30:0	W31:0	W32:289440
single_issue_nums: WS0:72416	WS1:72416	WS2:72416	WS3:72416	
dual_issue_nums: WS0:0	WS1:0	WS2:0	WS3:0	
traffic_breakdown_coretomem[GLOBAL_ACC_R] = 264160 {8:33020,}
traffic_breakdown_coretomem[GLOBAL_ACC_W] = 15360 {40:384,}
traffic_breakdown_coretomem[INST_ACC_R] = 360 {8:45,}
traffic_breakdown_memtocore[GLOBAL_ACC_R] = 1320800 {40:33020,}
traffic_breakdown_memtocore[GLOBAL_ACC_W] = 3072 {8:384,}
traffic_breakdown_memtocore[INST_ACC_R] = 7200 {40:180,}
maxmflatency = 556 
max_icnt2mem_latency = 146 
maxmrqlatency = 36 
max_icnt2sh_latency = 183 
averagemflatency = 268 
avg_icnt2mem_latency = 41 
avg_mrq_latency = 1 
avg_icnt2sh_latency = 4 
mrq_lat_table:13684 	2688 	94 	66 	90 	70 	0 	0 	0 	0 	0 	0 	0 	0 	0 	0 	0 	0 	0 	0 	0 	0 	0 	0 	0 	0 	0 	0 	0 	0 	0 	0 	
dq_lat_table:0 	0 	0 	0 	0 	0 	0 	0 	0 	0 	0 	0 	0 	0 	0 	0 	0 	0 	0 	0 	0 	0 	0 	0 	0 	0 	0 	0 	0 	0 	0 	0 	
mf_lat_table:0 	0 	0 	0 	0 	0 	0 	16792 	16609 	3 	0 	0 	0 	0 	0 	0 	0 	0 	0 	0 	0 	0 	0 	0 	0 	0 	0 	0 	0 	0 	0 	0 	
icnt2mem_lat_table:0 	45 	0 	0 	19067 	8020 	6082 	235 	0 	0 	0 	0 	0 	0 	0 	0 	0 	0 	0 	0 	0 	0 	0 	0 	
icnt2sh_lat_table:0 	24705 	4706 	2604 	912 	411 	59 	7 	0 	0 	0 	0 	0 	0 	0 	0 	0 	0 	0 	0 	0 	0 	0 	0 	
mf_lat_pw_table:0 	0 	0 	0 	0 	0 	0 	279 	39 	0 	0 	0 	0 	0 	0 	0 	0 	0 	0 	0 	0 	0 	0 	0 	0 	0 	0 	0 	0 	0 	0 	0 	
maximum concurrent accesses to same row:
dram[0]:        56         0         0         0         0         0         0         0         0         0         0         0         0         0         0         0 
dram[1]:        56         0         0         0         0         0         0         0         0         0         0         0         0         0         0         0 
dram[2]:        56         0         0         0         0         0         0         0         0         0         0         0         0         0         0         0 
dram[3]:        56         0         0         0         0         0         0         0         0         0         0         0         0         0         0         0 
dram[4]:         0         0         0         0         0         0         0         0         0         0         0         0         0         0         0         0 
dram[5]:         0         0         0         0         0         0         0         0         0         0         0         0         0         0         0         0 
dram[6]:        56         0         0         0         0         0         0         0         0         0         0         0         0         0         0         0 
dram[7]:        56         0         0         0         0         0         0         0         0         0         0         0         0         0         0         0 
dram[8]:        16         0         0         0         0         0         0         0         0         0         0         0         0         0         0         0 
dram[9]:         8         0         0         0         0         0         0         0         0         0         0         0         0         0         0         0 
dram[10]:        32         0         0         0         0         0         0         0         0         0         0         0         0         0         0         0 
dram[11]:        24         0         0         0         0         0         0         0         0         0         0         0         0         0         0         0 
dram[12]:         8         0         0         0         0         0         0         0         0         0         0         0         0         0         0         0 
dram[13]:         8         0         0         0         0         0         0         0         0         0         0         0         0         0         0         0 
dram[14]:         8         0         0         0         0         0         0         0         0         0         0         0         0         0         0         0 
dram[15]:         8         0         0         0         0         0         0         0         0         0         0         0         0         0         0         0 
dram[16]:         0         0         0         0         0         0         0         0         0         0         0         0         0         0         0         0 
dram[17]:         0         0         0         0         0         0         0         0         0         0         0         0         0         0         0         0 
dram[18]:         0         0         0         0         0         0         0         0         0         0         0         0         0         0         0         0 
dram[19]:         0         0         0         0         0         0         0         0         0         0         0         0         0         0         0         0 
dram[20]:         0         0         0         0         0         0         0         0         0         0         0         0         0         0         0         0 
dram[21]:        56         0         0         0         0         0         0         0         0         0         0         0         0         0         0         0 
dram[22]:         0         0         0         0         0         0         0         0         0         0         0         0         0         0         0         0 
dram[23]:         0         0         0         0         0         0         0         0         0         0         0         0         0         0         0         0 
dram[24]:        56         0         0         0         0         0         0         0         0         0         0         0         0         0         0         0 
dram[25]:        56         0         0         0         0         0         0         0         0         0         0         0         0         0         0         0 
dram[26]:        56         0         0         0         0         0         0         0         0         0         0         0         0         0         0         0 
dram[27]:        56         0         0         0         0         0         0         0         0         0         0         0         0         0         0         0 
dram[28]:        56         0         0         0         0         0         0         0         0         0         0         0         0         0         0         0 
dram[29]:        56         0         0         0         0         0         0         0         0         0         0         0         0         0         0         0 
dram[30]:        56         0         0         0         0         0         0         0         0         0         0         0         0         0         0         0 
dram[31]:        56         0         0         0         0         0         0         0         0         0         0         0         0         0         0         0 
maximum service time to same row:
dram[0]:     20984      7043     13651     13723     16645     17709     22474     23360     25759         0         0         0         0         0         0         0 
dram[1]:     20006      7039     13482     13494     17545     18010     21762     22996     26444         0         0         0         0         0         0         0 
dram[2]:     22733      7125     13651     13724     17155     18175     22153     23147     25364         0         0         0         0         0         0         0 
dram[3]:     21736      7027     13715     13726     18159     18394     21616     22766     26224         0         0         0         0         0         0         0 
dram[4]:      8152      7058     13398     13409     17015     18082     21924     22856     26140         0         0         0         0         0         0         0 
dram[5]:      8075      7052     13964     14040     16478     17786     21318     22523     26610         0         0         0         0         0         0         0 
dram[6]:     18732      7046     13803     13873     16926     18089     21678     22546     25979         0         0         0         0         0         0         0 
dram[7]:     18274      7048     13808     13876     18017     18480     21090     22302     26519         0         0         0         0         0         0         0 
dram[8]:      8220      7035     13960     14037     17565     18555     21467     22527     26604         0         0         0         0         0         0         0 
dram[9]:      8110      7050     13953     13972     16922     18025     20860     22237     25288         0         0         0         0         0         0         0 
dram[10]:     13772      7051     14045     14040     17227     18252     21093     22386     26452         0         0         0         0         0         0         0 
dram[11]:      8236      7054     13893     13964     16568     17850     22605     22842     25597         0         0         0         0         0         0         0 
dram[12]:      5992      7047     13956     13965     18255     18860     20856     22076     25291         0         0         0         0         0         0         0 
dram[13]:      5268      7059     13647     13719     17780     18936     22157     22382     25685         0         0         0         0         0         0         0 
dram[14]:      7348      7060     13794     13806     17862     18607     21322     22454     26829         0         0         0         0         0         0         0 
dram[15]:      6689      7055     13491     13557     17083     18091     22157     22683     25517         0         0         0         0         0         0         0 
dram[16]:      8510      8063     13716     14205     16641     16702     22473     22533     25758     25762         0         0         0         0         0         0 
dram[17]:      8525      8042     13482     14170     17488     17558     21755     21767     26437     26448         0         0         0         0         0         0 
dram[18]:      8494      8058     13718     14241     17154     17163     22149     22157     25295     25365         0         0         0         0         0         0 
dram[19]:      8514      8034     13719     14318     18085     18236     21615     21680     26215     26223         0         0         0         0         0         0 
dram[20]:      8518      8026     13410     14173     17003     17012     21923     21985     26139     26143         0         0         0         0         0         0 
dram[21]:     29516      8059     14035     14237     16477     16486     21314     21322     26609     26677         0         0         0         0         0         0 
dram[22]:      8517      8075     13810     14417     16861     16934     21676     21691     25922     25986         0         0         0         0         0         0 
dram[23]:      8529      8054     13811     14317     18015     18018     21092     21098     26517     26523         0         0         0         0         0         0 
dram[24]:     27124      8038     13969     14727     17557     17565     21465     21531     26599     26609         0         0         0         0         0         0 
dram[25]:     26320      8076     13968     14661     16862     16931     20859     20863     25285     25356         0         0         0         0         0         0 
dram[26]:     28749      8079     13968     14577     17227     17239     21093     21100     26449     26516         0         0         0         0         0         0 
dram[27]:     27950      8064     13956     14558     16566     16629     22466     22614     25586     25597         0         0         0         0         0         0 
dram[28]:     23962      8050     13964     14322     18251     18319     20847     20853     25288     25356         0         0         0         0         0         0 
dram[29]:     23171      8060     13647     14237     17717     17792     22153     22222     25684     25689         0         0         0         0         0         0 
dram[30]:     25494      8046     13796     14245     17862     17926     21318     21389     26828     26834         0         0         0         0         0         0 
dram[31]:     24736      8078     13495     14185     17079     17086     22146     22154     25521     25517         0         0         0         0         0         0 
average row accesses per activate:
dram[0]: 32.000000 64.000000 64.000000 64.000000 64.000000 64.000000 64.000000 64.000000  8.000000      -nan      -nan      -nan      -nan      -nan      -nan      -nan 
dram[1]: 32.000000 64.000000 64.000000 64.000000 64.000000 64.000000 64.000000 64.000000  8.000000      -nan      -nan      -nan      -nan      -nan      -nan      -nan 
dram[2]: 32.000000 64.000000 64.000000 64.000000 64.000000 64.000000 64.000000 64.000000  8.000000      -nan      -nan      -nan      -nan      -nan      -nan      -nan 
dram[3]: 32.000000 64.000000 64.000000 64.000000 64.000000 64.000000 64.000000 64.000000  8.000000      -nan      -nan      -nan      -nan      -nan      -nan      -nan 
dram[4]: 56.000000 64.000000 64.000000 64.000000 64.000000 64.000000 64.000000 64.000000  8.000000      -nan      -nan      -nan      -nan      -nan      -nan      -nan 
dram[5]: 56.000000 64.000000 64.000000 64.000000 64.000000 64.000000 64.000000 64.000000  8.000000      -nan      -nan      -nan      -nan      -nan      -nan      -nan 
dram[6]: 32.000000 64.000000 64.000000 64.000000 64.000000 64.000000 64.000000 64.000000  8.000000      -nan      -nan      -nan      -nan      -nan      -nan      -nan 
dram[7]: 30.000000 64.000000 64.000000 64.000000 64.000000 64.000000 64.000000 64.000000  8.000000      -nan      -nan      -nan      -nan      -nan      -nan      -nan 
dram[8]: 21.333334 64.000000 64.000000 64.000000 64.000000 64.000000 64.000000 64.000000  8.000000      -nan      -nan      -nan      -nan      -nan      -nan      -nan 
dram[9]: 16.000000 64.000000 64.000000 64.000000 64.000000 64.000000 64.000000 64.000000  8.000000      -nan      -nan      -nan      -nan      -nan      -nan      -nan 
dram[10]: 16.000000 64.000000 64.000000 64.000000 64.000000 64.000000 64.000000 64.000000  8.000000      -nan      -nan      -nan      -nan      -nan      -nan      -nan 
dram[11]: 12.800000 64.000000 64.000000 64.000000 64.000000 64.000000 64.000000 64.000000  8.000000      -nan      -nan      -nan      -nan      -nan      -nan      -nan 
dram[12]: 32.000000 64.000000 64.000000 64.000000 64.000000 64.000000 64.000000 64.000000  8.000000      -nan      -nan      -nan      -nan      -nan      -nan      -nan 
dram[13]: 32.000000 64.000000 64.000000 64.000000 64.000000 64.000000 64.000000 64.000000  8.000000      -nan      -nan      -nan      -nan      -nan      -nan      -nan 
dram[14]: 32.000000 64.000000 64.000000 64.000000 64.000000 64.000000 64.000000 64.000000  8.000000      -nan      -nan      -nan      -nan      -nan      -nan      -nan 
dram[15]: 32.000000 64.000000 64.000000 64.000000 64.000000 64.000000 64.000000 64.000000  8.000000      -nan      -nan      -nan      -nan      -nan      -nan      -nan 
dram[16]: 56.000000 64.000000 64.000000 64.000000 64.000000 64.000000 64.000000 64.000000  8.000000  8.000000      -nan      -nan      -nan      -nan      -nan      -nan 
dram[17]: 56.000000 64.000000 64.000000 64.000000 64.000000 64.000000 64.000000 64.000000  8.000000  8.000000      -nan      -nan      -nan      -nan      -nan      -nan 
dram[18]: 56.000000 64.000000 64.000000 64.000000 64.000000 64.000000 64.000000 64.000000  8.000000  8.000000      -nan      -nan      -nan      -nan      -nan      -nan 
dram[19]: 56.000000 64.000000 64.000000 64.000000 64.000000 64.000000 64.000000 64.000000  8.000000  8.000000      -nan      -nan      -nan      -nan      -nan      -nan 
dram[20]: 56.000000 64.000000 64.000000 64.000000 64.000000 64.000000 64.000000 64.000000  8.000000  8.000000      -nan      -nan      -nan      -nan      -nan      -nan 
dram[21]: 32.000000 64.000000 64.000000 64.000000 64.000000 64.000000 64.000000 64.000000  8.000000  8.000000      -nan      -nan      -nan      -nan      -nan      -nan 
dram[22]: 56.000000 64.000000 64.000000 64.000000 64.000000 64.000000 64.000000 64.000000  8.000000  8.000000      -nan      -nan      -nan      -nan      -nan      -nan 
dram[23]: 56.000000 64.000000 64.000000 64.000000 64.000000 64.000000 64.000000 64.000000  8.000000  8.000000      -nan      -nan      -nan      -nan      -nan      -nan 
dram[24]: 32.000000 64.000000 64.000000 64.000000 64.000000 64.000000 64.000000 64.000000  8.000000  8.000000      -nan      -nan      -nan      -nan      -nan      -nan 
dram[25]: 32.000000 64.000000 64.000000 64.000000 64.000000 64.000000 64.000000 64.000000  8.000000  8.000000      -nan      -nan      -nan      -nan      -nan      -nan 
dram[26]: 32.000000 64.000000 64.000000 64.000000 64.000000 64.000000 64.000000 64.000000  8.000000  8.000000      -nan      -nan      -nan      -nan      -nan      -nan 
dram[27]: 32.000000 64.000000 64.000000 64.000000 64.000000 64.000000 64.000000 64.000000  8.000000  8.000000      -nan      -nan      -nan      -nan      -nan      -nan 
dram[28]: 32.000000 64.000000 64.000000 64.000000 64.000000 64.000000 64.000000 64.000000  8.000000  8.000000      -nan      -nan      -nan      -nan      -nan      -nan 
dram[29]: 32.000000 64.000000 64.000000 64.000000 64.000000 64.000000 64.000000 64.000000  8.000000  8.000000      -nan      -nan      -nan      -nan      -nan      -nan 
dram[30]: 32.000000 64.000000 64.000000 64.000000 64.000000 64.000000 64.000000 64.000000  8.000000  8.000000      -nan      -nan      -nan      -nan      -nan      -nan 
dram[31]: 32.000000 64.000000 64.000000 64.000000 64.000000 64.000000 64.000000 64.000000  8.000000  8.000000      -nan      -nan      -nan      -nan      -nan      -nan 
average row locality = 16692/335 = 49.826866
number of total memory accesses made:
dram[0]:         0         0         0         0         0         0         0         0         0         0         0         0         0         0         0         0 
dram[1]:         0         0         0         0         0         0         0         0         0         0         0         0         0         0         0         0 
dram[2]:         0         0         0         0         0         0         0         0         0         0         0         0         0         0         0         0 
dram[3]:         0         0         0         0         0         0         0         0         0         0         0         0         0         0         0         0 
dram[4]:         0         0         0         0         0         0         0         0         0         0         0         0         0         0         0         0 
dram[5]:         0         0         0         0         0         0         0         0         0         0         0         0         0         0         0         0 
dram[6]:         0         0         0         0         0         0         0         0         0         0         0         0         0         0         0         0 
dram[7]:         0         0         0         0         0         0         0         0         0         0         0         0         0         0         0         0 
dram[8]:         0         0         0         0         0         0         0         0         0         0         0         0         0         0         0         0 
dram[9]:         0         0         0         0         0         0         0         0         0         0         0         0         0         0         0         0 
dram[10]:         0         0         0         0         0         0         0         0         0         0         0         0         0         0         0         0 
dram[11]:         0         0         0         0         0         0         0         0         0         0         0         0         0         0         0         0 
dram[12]:         0         0         0         0         0         0         0         0         0         0         0         0         0         0         0         0 
dram[13]:         0         0         0         0         0         0         0         0         0         0         0         0         0         0         0         0 
dram[14]:         0         0         0         0         0         0         0         0         0         0         0         0         0         0         0         0 
dram[15]:         0         0         0         0         0         0         0         0         0         0         0         0         0         0         0         0 
dram[16]:         0         0         0         0         0         0         0         0         0         0         0         0         0         0         0         0 
dram[17]:         0         0         0         0         0         0         0         0         0         0         0         0         0         0         0         0 
dram[18]:         0         0         0         0         0         0         0         0         0         0         0         0         0         0         0         0 
dram[19]:         0         0         0         0         0         0         0         0         0         0         0         0         0         0         0         0 
dram[20]:         0         0         0         0         0         0         0         0         0         0         0         0         0         0         0         0 
dram[21]:         0         0         0         0         0         0         0         0         0         0         0         0         0         0         0         0 
dram[22]:         0         0         0         0         0         0         0         0         0         0         0         0         0         0         0         0 
dram[23]:         0         0         0         0         0         0         0         0         0         0         0         0         0         0         0         0 
dram[24]:         0         0         0         0         0         0         0         0         0         0         0         0         0         0         0         0 
dram[25]:         0         0         0         0         0         0         0         0         0         0         0         0         0         0         0         0 
dram[26]:         0         0         0         0         0         0         0         0         0         0         0         0         0         0         0         0 
dram[27]:         0         0         0         0         0         0         0         0         0         0         0         0         0         0         0         0 
dram[28]:         0         0         0         0         0         0         0         0         0         0         0         0         0         0         0         0 
dram[29]:         0         0         0         0         0         0         0         0         0         0         0         0         0         0         0         0 
dram[30]:         0         0         0         0         0         0         0         0         0         0         0         0         0         0         0         0 
dram[31]:         0         0         0         0         0         0         0         0         0         0         0         0         0         0         0         0 
total accesses: 0
min_bank_accesses = 0!
min_chip_accesses = 0!
number of total read accesses:
dram[0]:        64        64        64        64        64        64        64        64         8         0         0         0         0         0         0         0 
dram[1]:        64        64        64        64        64        64        64        64         8         0         0         0         0         0         0         0 
dram[2]:        64        64        64        64        64        64        64        64         8         0         0         0         0         0         0         0 
dram[3]:        64        64        64        64        64        64        64        64         8         0         0         0         0         0         0         0 
dram[4]:        56        64        64        64        64        64        64        64         8         0         0         0         0         0         0         0 
dram[5]:        56        64        64        64        64        64        64        64         8         0         0         0         0         0         0         0 
dram[6]:        64        64        64        64        64        64        64        64         8         0         0         0         0         0         0         0 
dram[7]:        60        64        64        64        64        64        64        64         8         0         0         0         0         0         0         0 
dram[8]:        64        64        64        64        64        64        64        64         8         0         0         0         0         0         0         0 
dram[9]:        64        64        64        64        64        64        64        64         8         0         0         0         0         0         0         0 
dram[10]:        64        64        64        64        64        64        64        64         8         0         0         0         0         0         0         0 
dram[11]:        64        64        64        64        64        64        64        64         8         0         0         0         0         0         0         0 
dram[12]:        64        64        64        64        64        64        64        64         8         0         0         0         0         0         0         0 
dram[13]:        64        64        64        64        64        64        64        64         8         0         0         0         0         0         0         0 
dram[14]:        64        64        64        64        64        64        64        64         8         0         0         0         0         0         0         0 
dram[15]:        64        64        64        64        64        64        64        64         8         0         0         0         0         0         0         0 
dram[16]:        56        64        64        64        64        64        64        64         8         8         0         0         0         0         0         0 
dram[17]:        56        64        64        64        64        64        64        64         8         8         0         0         0         0         0         0 
dram[18]:        56        64        64        64        64        64        64        64         8         8         0         0         0         0         0         0 
dram[19]:        56        64        64        64        64        64        64        64         8         8         0         0         0         0         0         0 
dram[20]:        56        64        64        64        64        64        64        64         8         8         0         0         0         0         0         0 
dram[21]:        64        64        64        64        64        64        64        64         8         8         0         0         0         0         0         0 
dram[22]:        56        64        64        64        64        64        64        64         8         8         0         0         0         0         0         0 
dram[23]:        56        64        64        64        64        64        64        64         8         8         0         0         0         0         0         0 
dram[24]:        64        64        64        64        64        64        64        64         8         8         0         0         0         0         0         0 
dram[25]:        64        64        64        64        64        64        64        64         8         8         0         0         0         0         0         0 
dram[26]:        64        64        64        64        64        64        64        64         8         8         0         0         0         0         0         0 
dram[27]:        64        64        64        64        64        64        64        64         8         8         0         0         0         0         0         0 
dram[28]:        64        64        64        64        64        64        64        64         8         8         0         0         0         0         0         0 
dram[29]:        64        64        64        64        64        64        64        64         8         8         0         0         0         0         0         0 
dram[30]:        64        64        64        64        64        64        64        64         8         8         0         0         0         0         0         0 
dram[31]:        64        64        64        64        64        64        64        64         8         8         0         0         0         0         0         0 
total dram reads = 16692
min_bank_accesses = 0!
chip skew: 528/512 = 1.03
number of total write accesses:
dram[0]:         0         0         0         0         0         0         0         0         0         0         0         0         0         0         0         0 
dram[1]:         0         0         0         0         0         0         0         0         0         0         0         0         0         0         0         0 
dram[2]:         0         0         0         0         0         0         0         0         0         0         0         0         0         0         0         0 
dram[3]:         0         0         0         0         0         0         0         0         0         0         0         0         0         0         0         0 
dram[4]:         0         0         0         0         0         0         0         0         0         0         0         0         0         0         0         0 
dram[5]:         0         0         0         0         0         0         0         0         0         0         0         0         0         0         0         0 
dram[6]:         0         0         0         0         0         0         0         0         0         0         0         0         0         0         0         0 
dram[7]:         0         0         0         0         0         0         0         0         0         0         0         0         0         0         0         0 
dram[8]:         0         0         0         0         0         0         0         0         0         0         0         0         0         0         0         0 
dram[9]:         0         0         0         0         0         0         0         0         0         0         0         0         0         0         0         0 
dram[10]:         0         0         0         0         0         0         0         0         0         0         0         0         0         0         0         0 
dram[11]:         0         0         0         0         0         0         0         0         0         0         0         0         0         0         0         0 
dram[12]:         0         0         0         0         0         0         0         0         0         0         0         0         0         0         0         0 
dram[13]:         0         0         0         0         0         0         0         0         0         0         0         0         0         0         0         0 
dram[14]:         0         0         0         0         0         0         0         0         0         0         0         0         0         0         0         0 
dram[15]:         0         0         0         0         0         0         0         0         0         0         0         0         0         0         0         0 
dram[16]:         0         0         0         0         0         0         0         0         0         0         0         0         0         0         0         0 
dram[17]:         0         0         0         0         0         0         0         0         0         0         0         0         0         0         0         0 
dram[18]:         0         0         0         0         0         0         0         0         0         0         0         0         0         0         0         0 
dram[19]:         0         0         0         0         0         0         0         0         0         0         0         0         0         0         0         0 
dram[20]:         0         0         0         0         0         0         0         0         0         0         0         0         0         0         0         0 
dram[21]:         0         0         0         0         0         0         0         0         0         0         0         0         0         0         0         0 
dram[22]:         0         0         0         0         0         0         0         0         0         0         0         0         0         0         0         0 
dram[23]:         0         0         0         0         0         0         0         0         0         0         0         0         0         0         0         0 
dram[24]:         0         0         0         0         0         0         0         0         0         0         0         0         0         0         0         0 
dram[25]:         0         0         0         0         0         0         0         0         0         0         0         0         0         0         0         0 
dram[26]:         0         0         0         0         0         0         0         0         0         0         0         0         0         0         0         0 
dram[27]:         0         0         0         0         0         0         0         0         0         0         0         0         0         0         0         0 
dram[28]:         0         0         0         0         0         0         0         0         0         0         0         0         0         0         0         0 
dram[29]:         0         0         0         0         0         0         0         0         0         0         0         0         0         0         0         0 
dram[30]:         0         0         0         0         0         0         0         0         0         0         0         0         0         0         0         0 
dram[31]:         0         0         0         0         0         0         0         0         0         0         0         0         0         0         0         0 
total dram writes = 0
min_bank_accesses = 0!
min_chip_accesses = 0!
average mf latency per bank:
dram[0]:        506       553       541       541       530       530       529       528       531    none      none      none      none      none      none      none  
dram[1]:        505       550       545       549       527       528       530       529       534    none      none      none      none      none      none      none  
dram[2]:        507       554       545       542       528       531       528       528       533    none      none      none      none      none      none      none  
dram[3]:        505       551       544       548       528       528       529       530       533    none      none      none      none      none      none      none  
dram[4]:        575       553       543       548       528       528       529       530       538    none      none      none      none      none      none      none  
dram[5]:        575       548       545       550       529       527       530       529       526    none      none      none      none      none      none      none  
dram[6]:        503       555       546       542       528       528       528       531       531    none      none      none      none      none      none      none  
dram[7]:        537       549       548       552       530       527       528       529       543    none      none      none      none      none      none      none  
dram[8]:        509       548       543       543       530       527       528       530       540    none      none      none      none      none      none      none  
dram[9]:        512       556       540       545       530       530       530       528       532    none      none      none      none      none      none      none  
dram[10]:        505       558       551       551       528       530       529       527       542    none      none      none      none      none      none      none  
dram[11]:        501       552       548       549       533       527       527       531       534    none      none      none      none      none      none      none  
dram[12]:        505       547       550       542       529       530       529       530       528    none      none      none      none      none      none      none  
dram[13]:        507       548       548       548       527       529       530       530       530    none      none      none      none      none      none      none  
dram[14]:        507       550       539       543       529       529       530       529       529    none      none      none      none      none      none      none  
dram[15]:        503       551       542       544       526       527       527       528       528    none      none      none      none      none      none      none  
dram[16]:        584       553       542       539       526       526       528       530       535       531    none      none      none      none      none      none  
dram[17]:        578       546       547       544       527       529       528       529       534       533    none      none      none      none      none      none  
dram[18]:        577       551       544       542       528       530       530       529       536       532    none      none      none      none      none      none  
dram[19]:        581       547       544       548       528       527       529       529       534       532    none      none      none      none      none      none  
dram[20]:        580       543       545       542       528       528       529       528       533       529    none      none      none      none      none      none  
dram[21]:        505       543       545       544       529       530       529       532       529       524    none      none      none      none      none      none  
dram[22]:        580       545       549       548       528       528       529       529       529       532    none      none      none      none      none      none  
dram[23]:        579       547       544       547       529       531       530       531       540       528    none      none      none      none      none      none  
dram[24]:        509       545       543       541       528       530       529       528       543       531    none      none      none      none      none      none  
dram[25]:        506       546       541       541       529       530       528       532       539       536    none      none      none      none      none      none  
dram[26]:        510       542       547       542       530       529       529       529       533       530    none      none      none      none      none      none  
dram[27]:        507       546       550       544       530       531       527       530       530       530    none      none      none      none      none      none  
dram[28]:        505       543       541       546       529       529       528       530       534       435    none      none      none      none      none      none  
dram[29]:        506       550       546       543       530       529       531       530       534       529    none      none      none      none      none      none  
dram[30]:        505       542       539       538       528       527       529       528       526       529    none      none      none      none      none      none  
dram[31]:        503       547       544       541       527       531       530       530       536       526    none      none      none      none      none      none  
maximum mf latency per bank:
dram[0]:        398       418       431       414       426       431       420       422       375       262         0         0         0         0         0         0
dram[1]:        413       445       421       431       376       416       426       425       372       262         0         0         0         0         0         0
dram[2]:        417       430       445       454       415       435       426       419       380       262         0         0         0         0         0         0
dram[3]:        416       439       418       430       420       424       426       425       375       262         0         0         0         0         0         0
dram[4]:        419       440       399       433       432       423       417       427       422       262         0         0         0         0         0         0
dram[5]:        390       400       404       502       419       372       427       424       373       262         0         0         0         0         0         0
dram[6]:        395       427       442       417       417       415       419       432       371       262         0         0         0         0         0         0
dram[7]:        398       395       548       556       427       374       421       420       391       262         0         0         0         0         0         0
dram[8]:        400       420       398       417       429       376       373       429       426       262         0         0         0         0         0         0
dram[9]:        435       439       414       430       420       430       426       420       374       262         0         0         0         0         0         0
dram[10]:        394       493       478       441       428       427       428       376       427       262         0         0         0         0         0         0
dram[11]:        394       424       423       423       429       426       374       426       378       262         0         0         0         0         0         0
dram[12]:        399       396       453       403       431       426       419       430       375       262         0         0         0         0         0         0
dram[13]:        437       409       470       501       410       383       423       425       374       262         0         0         0         0         0         0
dram[14]:        401       437       395       421       422       426       425       422       370       262         0         0         0         0         0         0
dram[15]:        412       428       414       427       372       423       378       428       372       235         0         0         0         0         0         0
dram[16]:        414       437       426       431       375       375       426       424       374       374         0         0         0         0         0         0
dram[17]:        443       402       438       446       373       420       375       425       374       373         0         0         0         0         0         0
dram[18]:        397       445       436       419       460       431       423       410       426       374         0         0         0         0         0         0
dram[19]:        434       459       428       430       423       375       428       430       375       374         0         0         0         0         0         0
dram[20]:        398       397       463       471       376       418       426       430       381       368         0         0         0         0         0         0
dram[21]:        394       411       434       419       421       400       422       426       374       368         0         0         0         0         0         0
dram[22]:        400       396       466       457       377       383       426       386       364       371         0         0         0         0         0         0
dram[23]:        399       403       419       426       428       423       428       427       398       372         0         0         0         0         0         0
dram[24]:        431       406       394       422       424       427       375       375       392       373         0         0         0         0         0         0
dram[25]:        396       433       396       401       417       431       424       428       428       420         0         0         0         0         0         0
dram[26]:        436       406       425       400       429       428       430       425       375       368         0         0         0         0         0         0
dram[27]:        400       426       438       432       421       429       374       420       372       370         0         0         0         0         0         0
dram[28]:        393       403       420       429       426       439       374       426       401       377         0         0         0         0         0         0
dram[29]:        416       435       483       444       422       424       426       435       381       370         0         0         0         0         0         0
dram[30]:        411       422       409       399       431       427       426       432       369       368         0         0         0         0         0         0
dram[31]:        417       448       437       424       380       431       423       382       378       374         0         0         0         0         0         0
Memory Partition 0: 
Cache L2_bank_000:
MSHR contents

Cache L2_bank_001:
MSHR contents

In Dram Latency Queue (total = 0): 
DRAM[0]: 16 bks, busW=16 BL=2 CL=12, tRRD=3 tCCD=1, tRCD=12 tRAS=28 tRP=12 tRC=40
n_cmd=126759 n_nop=126228 n_act=10 n_pre=1 n_ref_event=0 n_req=520 n_rd=520 n_rd_L2_A=0 n_write=0 n_wr_bk=0 bw_util=0.004102
n_activity=5238 dram_eff=0.09927
bk0: 64a 126715i bk1: 64a 126740i bk2: 64a 126746i bk3: 64a 126746i bk4: 64a 126746i bk5: 64a 126747i bk6: 64a 126746i bk7: 64a 126743i bk8: 8a 126747i bk9: 0a 126759i bk10: 0a 126759i bk11: 0a 126759i bk12: 0a 126759i bk13: 0a 126759i bk14: 0a 126759i bk15: 0a 126759i 

------------------------------------------------------------------------

Row_Buffer_Locality = 0.980769
Row_Buffer_Locality_read = 0.980769
Row_Buffer_Locality_write = -nan
Bank_Level_Parallism = 1.002972
Bank_Level_Parallism_Col = 1.003072
Bank_Level_Parallism_Ready = 1.000000
write_to_read_ratio_blp_rw_average = 0.000000
GrpLevelPara = 1.003072 

BW Util details:
bwutil = 0.004102 
total_CMD = 126759 
util_bw = 520 
Wasted_Col = 141 
Wasted_Row = 12 
Idle = 126086 

BW Util Bottlenecks: 
RCDc_limit = 118 
RCDWRc_limit = 0 
WTRc_limit = 0 
RTWc_limit = 0 
CCDLc_limit = 23 
rwq = 0 
CCDLc_limit_alone = 23 
WTRc_limit_alone = 0 
RTWc_limit_alone = 0 

Commands details: 
total_CMD = 126759 
n_nop = 126228 
Read = 520 
Write = 0 
L2_Alloc = 0 
L2_WB = 0 
n_act = 10 
n_pre = 1 
n_ref = 0 
n_req = 520 
total_req = 520 

Dual Bus Interface Util: 
issued_total_row = 11 
issued_total_col = 520 
Row_Bus_Util =  0.000087 
CoL_Bus_Util = 0.004102 
Either_Row_CoL_Bus_Util = 0.004189 
Issued_on_Two_Bus_Simul_Util = 0.000000 
issued_two_Eff = 0.000000 
queue_avg = 0.000978 


dram_util_bins: 0 0 0 0 0 0 0 0 0 0
dram_eff_bins: 0 0 0 0 0 0 0 0 0 0
mrqq: max=3 avg=0.000978234
Memory Partition 1: 
Cache L2_bank_002:
MSHR contents

Cache L2_bank_003:
MSHR contents

In Dram Latency Queue (total = 0): 
DRAM[1]: 16 bks, busW=16 BL=2 CL=12, tRRD=3 tCCD=1, tRCD=12 tRAS=28 tRP=12 tRC=40
n_cmd=126759 n_nop=126228 n_act=10 n_pre=1 n_ref_event=0 n_req=520 n_rd=520 n_rd_L2_A=0 n_write=0 n_wr_bk=0 bw_util=0.004102
n_activity=5064 dram_eff=0.1027
bk0: 64a 126707i bk1: 64a 126735i bk2: 64a 126741i bk3: 64a 126743i bk4: 64a 126746i bk5: 64a 126747i bk6: 64a 126747i bk7: 64a 126745i bk8: 8a 126747i bk9: 0a 126759i bk10: 0a 126759i bk11: 0a 126759i bk12: 0a 126759i bk13: 0a 126759i bk14: 0a 126759i bk15: 0a 126759i 

------------------------------------------------------------------------

Row_Buffer_Locality = 0.980769
Row_Buffer_Locality_read = 0.980769
Row_Buffer_Locality_write = -nan
Bank_Level_Parallism = 1.011679
Bank_Level_Parallism_Col = 1.010542
Bank_Level_Parallism_Ready = 1.001923
write_to_read_ratio_blp_rw_average = 0.000000
GrpLevelPara = 1.010542 

BW Util details:
bwutil = 0.004102 
total_CMD = 126759 
util_bw = 520 
Wasted_Col = 153 
Wasted_Row = 12 
Idle = 126074 

BW Util Bottlenecks: 
RCDc_limit = 116 
RCDWRc_limit = 0 
WTRc_limit = 0 
RTWc_limit = 0 
CCDLc_limit = 40 
rwq = 0 
CCDLc_limit_alone = 40 
WTRc_limit_alone = 0 
RTWc_limit_alone = 0 

Commands details: 
total_CMD = 126759 
n_nop = 126228 
Read = 520 
Write = 0 
L2_Alloc = 0 
L2_WB = 0 
n_act = 10 
n_pre = 1 
n_ref = 0 
n_req = 520 
total_req = 520 

Dual Bus Interface Util: 
issued_total_row = 11 
issued_total_col = 520 
Row_Bus_Util =  0.000087 
CoL_Bus_Util = 0.004102 
Either_Row_CoL_Bus_Util = 0.004189 
Issued_on_Two_Bus_Simul_Util = 0.000000 
issued_two_Eff = 0.000000 
queue_avg = 0.001231 


dram_util_bins: 0 0 0 0 0 0 0 0 0 0
dram_eff_bins: 0 0 0 0 0 0 0 0 0 0
mrqq: max=4 avg=0.00123068
Memory Partition 2: 
Cache L2_bank_004:
MSHR contents

Cache L2_bank_005:
MSHR contents

In Dram Latency Queue (total = 0): 
DRAM[2]: 16 bks, busW=16 BL=2 CL=12, tRRD=3 tCCD=1, tRCD=12 tRAS=28 tRP=12 tRC=40
n_cmd=126759 n_nop=126228 n_act=10 n_pre=1 n_ref_event=0 n_req=520 n_rd=520 n_rd_L2_A=0 n_write=0 n_wr_bk=0 bw_util=0.004102
n_activity=5028 dram_eff=0.1034
bk0: 64a 126710i bk1: 64a 126737i bk2: 64a 126745i bk3: 64a 126746i bk4: 64a 126747i bk5: 64a 126744i bk6: 64a 126747i bk7: 64a 126746i bk8: 8a 126746i bk9: 0a 126759i bk10: 0a 126759i bk11: 0a 126759i bk12: 0a 126759i bk13: 0a 126759i bk14: 0a 126759i bk15: 0a 126759i 

------------------------------------------------------------------------

Row_Buffer_Locality = 0.980769
Row_Buffer_Locality_read = 0.980769
Row_Buffer_Locality_write = -nan
Bank_Level_Parallism = 1.005891
Bank_Level_Parallism_Col = 1.006088
Bank_Level_Parallism_Ready = 1.001923
write_to_read_ratio_blp_rw_average = 0.000000
GrpLevelPara = 1.006088 

BW Util details:
bwutil = 0.004102 
total_CMD = 126759 
util_bw = 520 
Wasted_Col = 147 
Wasted_Row = 12 
Idle = 126080 

BW Util Bottlenecks: 
RCDc_limit = 117 
RCDWRc_limit = 0 
WTRc_limit = 0 
RTWc_limit = 0 
CCDLc_limit = 30 
rwq = 0 
CCDLc_limit_alone = 30 
WTRc_limit_alone = 0 
RTWc_limit_alone = 0 

Commands details: 
total_CMD = 126759 
n_nop = 126228 
Read = 520 
Write = 0 
L2_Alloc = 0 
L2_WB = 0 
n_act = 10 
n_pre = 1 
n_ref = 0 
n_req = 520 
total_req = 520 

Dual Bus Interface Util: 
issued_total_row = 11 
issued_total_col = 520 
Row_Bus_Util =  0.000087 
CoL_Bus_Util = 0.004102 
Either_Row_CoL_Bus_Util = 0.004189 
Issued_on_Two_Bus_Simul_Util = 0.000000 
issued_two_Eff = 0.000000 
queue_avg = 0.001104 


dram_util_bins: 0 0 0 0 0 0 0 0 0 0
dram_eff_bins: 0 0 0 0 0 0 0 0 0 0
mrqq: max=4 avg=0.00110446
Memory Partition 3: 
Cache L2_bank_006:
MSHR contents

Cache L2_bank_007:
MSHR contents

In Dram Latency Queue (total = 0): 
DRAM[3]: 16 bks, busW=16 BL=2 CL=12, tRRD=3 tCCD=1, tRCD=12 tRAS=28 tRP=12 tRC=40
n_cmd=126759 n_nop=126228 n_act=10 n_pre=1 n_ref_event=0 n_req=520 n_rd=520 n_rd_L2_A=0 n_write=0 n_wr_bk=0 bw_util=0.004102
n_activity=5241 dram_eff=0.09922
bk0: 64a 126715i bk1: 64a 126736i bk2: 64a 126743i bk3: 64a 126747i bk4: 64a 126745i bk5: 64a 126747i bk6: 64a 126747i bk7: 64a 126747i bk8: 8a 126747i bk9: 0a 126759i bk10: 0a 126759i bk11: 0a 126759i bk12: 0a 126759i bk13: 0a 126759i bk14: 0a 126759i bk15: 0a 126759i 

------------------------------------------------------------------------

Row_Buffer_Locality = 0.980769
Row_Buffer_Locality_read = 0.980769
Row_Buffer_Locality_write = -nan
Bank_Level_Parallism = 1.010448
Bank_Level_Parallism_Col = 1.009245
Bank_Level_Parallism_Ready = 1.000000
write_to_read_ratio_blp_rw_average = 0.000000
GrpLevelPara = 1.009245 

BW Util details:
bwutil = 0.004102 
total_CMD = 126759 
util_bw = 520 
Wasted_Col = 138 
Wasted_Row = 12 
Idle = 126089 

BW Util Bottlenecks: 
RCDc_limit = 117 
RCDWRc_limit = 0 
WTRc_limit = 0 
RTWc_limit = 0 
CCDLc_limit = 25 
rwq = 0 
CCDLc_limit_alone = 25 
WTRc_limit_alone = 0 
RTWc_limit_alone = 0 

Commands details: 
total_CMD = 126759 
n_nop = 126228 
Read = 520 
Write = 0 
L2_Alloc = 0 
L2_WB = 0 
n_act = 10 
n_pre = 1 
n_ref = 0 
n_req = 520 
total_req = 520 

Dual Bus Interface Util: 
issued_total_row = 11 
issued_total_col = 520 
Row_Bus_Util =  0.000087 
CoL_Bus_Util = 0.004102 
Either_Row_CoL_Bus_Util = 0.004189 
Issued_on_Two_Bus_Simul_Util = 0.000000 
issued_two_Eff = 0.000000 
queue_avg = 0.001523 


dram_util_bins: 0 0 0 0 0 0 0 0 0 0
dram_eff_bins: 0 0 0 0 0 0 0 0 0 0
mrqq: max=7 avg=0.00152257
Memory Partition 4: 
Cache L2_bank_008:
MSHR contents

Cache L2_bank_009:
MSHR contents

In Dram Latency Queue (total = 0): 
DRAM[4]: 16 bks, busW=16 BL=2 CL=12, tRRD=3 tCCD=1, tRCD=12 tRAS=28 tRP=12 tRC=40
n_cmd=126759 n_nop=126238 n_act=9 n_pre=0 n_ref_event=0 n_req=512 n_rd=512 n_rd_L2_A=0 n_write=0 n_wr_bk=0 bw_util=0.004039
n_activity=5256 dram_eff=0.09741
bk0: 56a 126741i bk1: 64a 126747i bk2: 64a 126745i bk3: 64a 126739i bk4: 64a 126746i bk5: 64a 126746i bk6: 64a 126746i bk7: 64a 126743i bk8: 8a 126747i bk9: 0a 126759i bk10: 0a 126759i bk11: 0a 126759i bk12: 0a 126759i bk13: 0a 126759i bk14: 0a 126759i bk15: 0a 126759i 

------------------------------------------------------------------------

Row_Buffer_Locality = 0.982422
Row_Buffer_Locality_read = 0.982422
Row_Buffer_Locality_write = -nan
Bank_Level_Parallism = 1.012598
Bank_Level_Parallism_Col = 1.011164
Bank_Level_Parallism_Ready = 1.000000
write_to_read_ratio_blp_rw_average = 0.000000
GrpLevelPara = 1.011164 

BW Util details:
bwutil = 0.004039 
total_CMD = 126759 
util_bw = 512 
Wasted_Col = 123 
Wasted_Row = 0 
Idle = 126124 

BW Util Bottlenecks: 
RCDc_limit = 103 
RCDWRc_limit = 0 
WTRc_limit = 0 
RTWc_limit = 0 
CCDLc_limit = 23 
rwq = 0 
CCDLc_limit_alone = 23 
WTRc_limit_alone = 0 
RTWc_limit_alone = 0 

Commands details: 
total_CMD = 126759 
n_nop = 126238 
Read = 512 
Write = 0 
L2_Alloc = 0 
L2_WB = 0 
n_act = 9 
n_pre = 0 
n_ref = 0 
n_req = 512 
total_req = 512 

Dual Bus Interface Util: 
issued_total_row = 9 
issued_total_col = 512 
Row_Bus_Util =  0.000071 
CoL_Bus_Util = 0.004039 
Either_Row_CoL_Bus_Util = 0.004110 
Issued_on_Two_Bus_Simul_Util = 0.000000 
issued_two_Eff = 0.000000 
queue_avg = 0.000079 


dram_util_bins: 0 0 0 0 0 0 0 0 0 0
dram_eff_bins: 0 0 0 0 0 0 0 0 0 0
mrqq: max=1 avg=7.88899e-05
Memory Partition 5: 
Cache L2_bank_010:
MSHR contents

Cache L2_bank_011:
MSHR contents

In Dram Latency Queue (total = 0): 
DRAM[5]: 16 bks, busW=16 BL=2 CL=12, tRRD=3 tCCD=1, tRCD=12 tRAS=28 tRP=12 tRC=40
n_cmd=126759 n_nop=126238 n_act=9 n_pre=0 n_ref_event=0 n_req=512 n_rd=512 n_rd_L2_A=0 n_write=0 n_wr_bk=0 bw_util=0.004039
n_activity=5288 dram_eff=0.09682
bk0: 56a 126743i bk1: 64a 126747i bk2: 64a 126741i bk3: 64a 126746i bk4: 64a 126747i bk5: 64a 126746i bk6: 64a 126743i bk7: 64a 126746i bk8: 8a 126747i bk9: 0a 126759i bk10: 0a 126759i bk11: 0a 126759i bk12: 0a 126759i bk13: 0a 126759i bk14: 0a 126759i bk15: 0a 126759i 

------------------------------------------------------------------------

Row_Buffer_Locality = 0.982422
Row_Buffer_Locality_read = 0.982422
Row_Buffer_Locality_write = -nan
Bank_Level_Parallism = 1.001572
Bank_Level_Parallism_Col = 1.001595
Bank_Level_Parallism_Ready = 1.000000
write_to_read_ratio_blp_rw_average = 0.000000
GrpLevelPara = 1.001595 

BW Util details:
bwutil = 0.004039 
total_CMD = 126759 
util_bw = 512 
Wasted_Col = 124 
Wasted_Row = 0 
Idle = 126123 

BW Util Bottlenecks: 
RCDc_limit = 107 
RCDWRc_limit = 0 
WTRc_limit = 0 
RTWc_limit = 0 
CCDLc_limit = 17 
rwq = 0 
CCDLc_limit_alone = 17 
WTRc_limit_alone = 0 
RTWc_limit_alone = 0 

Commands details: 
total_CMD = 126759 
n_nop = 126238 
Read = 512 
Write = 0 
L2_Alloc = 0 
L2_WB = 0 
n_act = 9 
n_pre = 0 
n_ref = 0 
n_req = 512 
total_req = 512 

Dual Bus Interface Util: 
issued_total_row = 9 
issued_total_col = 512 
Row_Bus_Util =  0.000071 
CoL_Bus_Util = 0.004039 
Either_Row_CoL_Bus_Util = 0.004110 
Issued_on_Two_Bus_Simul_Util = 0.000000 
issued_two_Eff = 0.000000 
queue_avg = 0.000063 


dram_util_bins: 0 0 0 0 0 0 0 0 0 0
dram_eff_bins: 0 0 0 0 0 0 0 0 0 0
mrqq: max=1 avg=6.31119e-05
Memory Partition 6: 
Cache L2_bank_012:
MSHR contents

Cache L2_bank_013:
MSHR contents

In Dram Latency Queue (total = 0): 
DRAM[6]: 16 bks, busW=16 BL=2 CL=12, tRRD=3 tCCD=1, tRCD=12 tRAS=28 tRP=12 tRC=40
n_cmd=126759 n_nop=126228 n_act=10 n_pre=1 n_ref_event=0 n_req=520 n_rd=520 n_rd_L2_A=0 n_write=0 n_wr_bk=0 bw_util=0.004102
n_activity=5349 dram_eff=0.09721
bk0: 64a 126715i bk1: 64a 126741i bk2: 64a 126743i bk3: 64a 126747i bk4: 64a 126747i bk5: 64a 126747i bk6: 64a 126747i bk7: 64a 126745i bk8: 8a 126746i bk9: 0a 126759i bk10: 0a 126759i bk11: 0a 126759i bk12: 0a 126759i bk13: 0a 126759i bk14: 0a 126759i bk15: 0a 126759i 

------------------------------------------------------------------------

Row_Buffer_Locality = 0.980769
Row_Buffer_Locality_read = 0.980769
Row_Buffer_Locality_write = -nan
Bank_Level_Parallism = 1.005979
Bank_Level_Parallism_Col = 1.004630
Bank_Level_Parallism_Ready = 1.000000
write_to_read_ratio_blp_rw_average = 0.000000
GrpLevelPara = 1.004630 

BW Util details:
bwutil = 0.004102 
total_CMD = 126759 
util_bw = 520 
Wasted_Col = 138 
Wasted_Row = 11 
Idle = 126090 

BW Util Bottlenecks: 
RCDc_limit = 117 
RCDWRc_limit = 0 
WTRc_limit = 0 
RTWc_limit = 0 
CCDLc_limit = 21 
rwq = 0 
CCDLc_limit_alone = 21 
WTRc_limit_alone = 0 
RTWc_limit_alone = 0 

Commands details: 
total_CMD = 126759 
n_nop = 126228 
Read = 520 
Write = 0 
L2_Alloc = 0 
L2_WB = 0 
n_act = 10 
n_pre = 1 
n_ref = 0 
n_req = 520 
total_req = 520 

Dual Bus Interface Util: 
issued_total_row = 11 
issued_total_col = 520 
Row_Bus_Util =  0.000087 
CoL_Bus_Util = 0.004102 
Either_Row_CoL_Bus_Util = 0.004189 
Issued_on_Two_Bus_Simul_Util = 0.000000 
issued_two_Eff = 0.000000 
queue_avg = 0.000710 


dram_util_bins: 0 0 0 0 0 0 0 0 0 0
dram_eff_bins: 0 0 0 0 0 0 0 0 0 0
mrqq: max=3 avg=0.000710009
Memory Partition 7: 
Cache L2_bank_014:
MSHR contents

Cache L2_bank_015:
MSHR contents

In Dram Latency Queue (total = 0): 
DRAM[7]: 16 bks, busW=16 BL=2 CL=12, tRRD=3 tCCD=1, tRCD=12 tRAS=28 tRP=12 tRC=40
n_cmd=126759 n_nop=126232 n_act=10 n_pre=1 n_ref_event=0 n_req=516 n_rd=516 n_rd_L2_A=0 n_write=0 n_wr_bk=0 bw_util=0.004071
n_activity=5394 dram_eff=0.09566
bk0: 60a 126714i bk1: 64a 126747i bk2: 64a 126742i bk3: 64a 126745i bk4: 64a 126746i bk5: 64a 126746i bk6: 64a 126743i bk7: 64a 126743i bk8: 8a 126741i bk9: 0a 126759i bk10: 0a 126759i bk11: 0a 126759i bk12: 0a 126759i bk13: 0a 126759i bk14: 0a 126759i bk15: 0a 126759i 

------------------------------------------------------------------------

Row_Buffer_Locality = 0.980620
Row_Buffer_Locality_read = 0.980620
Row_Buffer_Locality_write = -nan
Bank_Level_Parallism = 1.027190
Bank_Level_Parallism_Col = 1.024922
Bank_Level_Parallism_Ready = 1.003876
write_to_read_ratio_blp_rw_average = 0.000000
GrpLevelPara = 1.001558 

BW Util details:
bwutil = 0.004071 
total_CMD = 126759 
util_bw = 516 
Wasted_Col = 135 
Wasted_Row = 11 
Idle = 126097 

BW Util Bottlenecks: 
RCDc_limit = 117 
RCDWRc_limit = 0 
WTRc_limit = 0 
RTWc_limit = 0 
CCDLc_limit = 31 
rwq = 0 
CCDLc_limit_alone = 31 
WTRc_limit_alone = 0 
RTWc_limit_alone = 0 

Commands details: 
total_CMD = 126759 
n_nop = 126232 
Read = 516 
Write = 0 
L2_Alloc = 0 
L2_WB = 0 
n_act = 10 
n_pre = 1 
n_ref = 0 
n_req = 516 
total_req = 516 

Dual Bus Interface Util: 
issued_total_row = 11 
issued_total_col = 516 
Row_Bus_Util =  0.000087 
CoL_Bus_Util = 0.004071 
Either_Row_CoL_Bus_Util = 0.004157 
Issued_on_Two_Bus_Simul_Util = 0.000000 
issued_two_Eff = 0.000000 
queue_avg = 0.000742 


dram_util_bins: 0 0 0 0 0 0 0 0 0 0
dram_eff_bins: 0 0 0 0 0 0 0 0 0 0
mrqq: max=3 avg=0.000741565
Memory Partition 8: 
Cache L2_bank_016:
MSHR contents

Cache L2_bank_017:
MSHR contents

In Dram Latency Queue (total = 0): 
DRAM[8]: 16 bks, busW=16 BL=2 CL=12, tRRD=3 tCCD=1, tRCD=12 tRAS=28 tRP=12 tRC=40
n_cmd=126759 n_nop=126226 n_act=11 n_pre=2 n_ref_event=0 n_req=520 n_rd=520 n_rd_L2_A=0 n_write=0 n_wr_bk=0 bw_util=0.004102
n_activity=5249 dram_eff=0.09907
bk0: 64a 126681i bk1: 64a 126743i bk2: 64a 126747i bk3: 64a 126746i bk4: 64a 126747i bk5: 64a 126741i bk6: 64a 126746i bk7: 64a 126744i bk8: 8a 126747i bk9: 0a 126759i bk10: 0a 126759i bk11: 0a 126759i bk12: 0a 126759i bk13: 0a 126759i bk14: 0a 126759i bk15: 0a 126759i 

------------------------------------------------------------------------

Row_Buffer_Locality = 0.978846
Row_Buffer_Locality_read = 0.978846
Row_Buffer_Locality_write = -nan
Bank_Level_Parallism = 1.004249
Bank_Level_Parallism_Col = 1.004471
Bank_Level_Parallism_Ready = 1.000000
write_to_read_ratio_blp_rw_average = 0.000000
GrpLevelPara = 1.004471 

BW Util details:
bwutil = 0.004102 
total_CMD = 126759 
util_bw = 520 
Wasted_Col = 162 
Wasted_Row = 24 
Idle = 126053 

BW Util Bottlenecks: 
RCDc_limit = 129 
RCDWRc_limit = 0 
WTRc_limit = 0 
RTWc_limit = 0 
CCDLc_limit = 33 
rwq = 0 
CCDLc_limit_alone = 33 
WTRc_limit_alone = 0 
RTWc_limit_alone = 0 

Commands details: 
total_CMD = 126759 
n_nop = 126226 
Read = 520 
Write = 0 
L2_Alloc = 0 
L2_WB = 0 
n_act = 11 
n_pre = 2 
n_ref = 0 
n_req = 520 
total_req = 520 

Dual Bus Interface Util: 
issued_total_row = 13 
issued_total_col = 520 
Row_Bus_Util =  0.000103 
CoL_Bus_Util = 0.004102 
Either_Row_CoL_Bus_Util = 0.004205 
Issued_on_Two_Bus_Simul_Util = 0.000000 
issued_two_Eff = 0.000000 
queue_avg = 0.001822 


dram_util_bins: 0 0 0 0 0 0 0 0 0 0
dram_eff_bins: 0 0 0 0 0 0 0 0 0 0
mrqq: max=5 avg=0.00182236
Memory Partition 9: 
Cache L2_bank_018:
MSHR contents

Cache L2_bank_019:
MSHR contents

In Dram Latency Queue (total = 0): 
DRAM[9]: 16 bks, busW=16 BL=2 CL=12, tRRD=3 tCCD=1, tRCD=12 tRAS=28 tRP=12 tRC=40
n_cmd=126759 n_nop=126224 n_act=12 n_pre=3 n_ref_event=0 n_req=520 n_rd=520 n_rd_L2_A=0 n_write=0 n_wr_bk=0 bw_util=0.004102
n_activity=5326 dram_eff=0.09763
bk0: 64a 126662i bk1: 64a 126745i bk2: 64a 126747i bk3: 64a 126747i bk4: 64a 126747i bk5: 64a 126746i bk6: 64a 126747i bk7: 64a 126747i bk8: 8a 126747i bk9: 0a 126759i bk10: 0a 126759i bk11: 0a 126759i bk12: 0a 126759i bk13: 0a 126759i bk14: 0a 126759i bk15: 0a 126759i 

------------------------------------------------------------------------

Row_Buffer_Locality = 0.976923
Row_Buffer_Locality_read = 0.976923
Row_Buffer_Locality_write = -nan
Bank_Level_Parallism = 1.007032
Bank_Level_Parallism_Col = 1.006042
Bank_Level_Parallism_Ready = 1.000000
write_to_read_ratio_blp_rw_average = 0.000000
GrpLevelPara = 1.006042 

BW Util details:
bwutil = 0.004102 
total_CMD = 126759 
util_bw = 520 
Wasted_Col = 154 
Wasted_Row = 37 
Idle = 126048 

BW Util Bottlenecks: 
RCDc_limit = 140 
RCDWRc_limit = 0 
WTRc_limit = 0 
RTWc_limit = 0 
CCDLc_limit = 14 
rwq = 0 
CCDLc_limit_alone = 14 
WTRc_limit_alone = 0 
RTWc_limit_alone = 0 

Commands details: 
total_CMD = 126759 
n_nop = 126224 
Read = 520 
Write = 0 
L2_Alloc = 0 
L2_WB = 0 
n_act = 12 
n_pre = 3 
n_ref = 0 
n_req = 520 
total_req = 520 

Dual Bus Interface Util: 
issued_total_row = 15 
issued_total_col = 520 
Row_Bus_Util =  0.000118 
CoL_Bus_Util = 0.004102 
Either_Row_CoL_Bus_Util = 0.004221 
Issued_on_Two_Bus_Simul_Util = 0.000000 
issued_two_Eff = 0.000000 
queue_avg = 0.001412 


dram_util_bins: 0 0 0 0 0 0 0 0 0 0
dram_eff_bins: 0 0 0 0 0 0 0 0 0 0
mrqq: max=3 avg=0.00141213
Memory Partition 10: 
Cache L2_bank_020:
MSHR contents

Cache L2_bank_021:
MSHR contents

In Dram Latency Queue (total = 0): 
DRAM[10]: 16 bks, busW=16 BL=2 CL=12, tRRD=3 tCCD=1, tRCD=12 tRAS=28 tRP=12 tRC=40
n_cmd=126759 n_nop=126224 n_act=12 n_pre=3 n_ref_event=0 n_req=520 n_rd=520 n_rd_L2_A=0 n_write=0 n_wr_bk=0 bw_util=0.004102
n_activity=5374 dram_eff=0.09676
bk0: 64a 126660i bk1: 64a 126742i bk2: 64a 126744i bk3: 64a 126747i bk4: 64a 126747i bk5: 64a 126745i bk6: 64a 126747i bk7: 64a 126746i bk8: 8a 126747i bk9: 0a 126759i bk10: 0a 126759i bk11: 0a 126759i bk12: 0a 126759i bk13: 0a 126759i bk14: 0a 126759i bk15: 0a 126759i 

------------------------------------------------------------------------

Row_Buffer_Locality = 0.976923
Row_Buffer_Locality_read = 0.976923
Row_Buffer_Locality_write = -nan
Bank_Level_Parallism = 1.018233
Bank_Level_Parallism_Col = 1.018018
Bank_Level_Parallism_Ready = 1.000000
write_to_read_ratio_blp_rw_average = 0.000000
GrpLevelPara = 1.018018 

BW Util details:
bwutil = 0.004102 
total_CMD = 126759 
util_bw = 520 
Wasted_Col = 157 
Wasted_Row = 36 
Idle = 126046 

BW Util Bottlenecks: 
RCDc_limit = 139 
RCDWRc_limit = 0 
WTRc_limit = 0 
RTWc_limit = 0 
CCDLc_limit = 26 
rwq = 0 
CCDLc_limit_alone = 26 
WTRc_limit_alone = 0 
RTWc_limit_alone = 0 

Commands details: 
total_CMD = 126759 
n_nop = 126224 
Read = 520 
Write = 0 
L2_Alloc = 0 
L2_WB = 0 
n_act = 12 
n_pre = 3 
n_ref = 0 
n_req = 520 
total_req = 520 

Dual Bus Interface Util: 
issued_total_row = 15 
issued_total_col = 520 
Row_Bus_Util =  0.000118 
CoL_Bus_Util = 0.004102 
Either_Row_CoL_Bus_Util = 0.004221 
Issued_on_Two_Bus_Simul_Util = 0.000000 
issued_two_Eff = 0.000000 
queue_avg = 0.001933 


dram_util_bins: 0 0 0 0 0 0 0 0 0 0
dram_eff_bins: 0 0 0 0 0 0 0 0 0 0
mrqq: max=3 avg=0.0019328
Memory Partition 11: 
Cache L2_bank_022:
MSHR contents

Cache L2_bank_023:
MSHR contents

In Dram Latency Queue (total = 0): 
DRAM[11]: 16 bks, busW=16 BL=2 CL=12, tRRD=3 tCCD=1, tRCD=12 tRAS=28 tRP=12 tRC=40
n_cmd=126759 n_nop=126222 n_act=13 n_pre=4 n_ref_event=0 n_req=520 n_rd=520 n_rd_L2_A=0 n_write=0 n_wr_bk=0 bw_util=0.004102
n_activity=5183 dram_eff=0.1003
bk0: 64a 126633i bk1: 64a 126741i bk2: 64a 126741i bk3: 64a 126744i bk4: 64a 126743i bk5: 64a 126744i bk6: 64a 126746i bk7: 64a 126747i bk8: 8a 126747i bk9: 0a 126759i bk10: 0a 126759i bk11: 0a 126759i bk12: 0a 126759i bk13: 0a 126759i bk14: 0a 126759i bk15: 0a 126759i 

------------------------------------------------------------------------

Row_Buffer_Locality = 0.975000
Row_Buffer_Locality_read = 0.975000
Row_Buffer_Locality_write = -nan
Bank_Level_Parallism = 1.009235
Bank_Level_Parallism_Col = 1.008596
Bank_Level_Parallism_Ready = 1.001923
write_to_read_ratio_blp_rw_average = 0.000000
GrpLevelPara = 1.008596 

BW Util details:
bwutil = 0.004102 
total_CMD = 126759 
util_bw = 520 
Wasted_Col = 191 
Wasted_Row = 47 
Idle = 126001 

BW Util Bottlenecks: 
RCDc_limit = 152 
RCDWRc_limit = 0 
WTRc_limit = 0 
RTWc_limit = 0 
CCDLc_limit = 39 
rwq = 0 
CCDLc_limit_alone = 39 
WTRc_limit_alone = 0 
RTWc_limit_alone = 0 

Commands details: 
total_CMD = 126759 
n_nop = 126222 
Read = 520 
Write = 0 
L2_Alloc = 0 
L2_WB = 0 
n_act = 13 
n_pre = 4 
n_ref = 0 
n_req = 520 
total_req = 520 

Dual Bus Interface Util: 
issued_total_row = 17 
issued_total_col = 520 
Row_Bus_Util =  0.000134 
CoL_Bus_Util = 0.004102 
Either_Row_CoL_Bus_Util = 0.004236 
Issued_on_Two_Bus_Simul_Util = 0.000000 
issued_two_Eff = 0.000000 
queue_avg = 0.002382 


dram_util_bins: 0 0 0 0 0 0 0 0 0 0
dram_eff_bins: 0 0 0 0 0 0 0 0 0 0
mrqq: max=3 avg=0.00238247
Memory Partition 12: 
Cache L2_bank_024:
MSHR contents

Cache L2_bank_025:
MSHR contents

In Dram Latency Queue (total = 0): 
DRAM[12]: 16 bks, busW=16 BL=2 CL=12, tRRD=3 tCCD=1, tRCD=12 tRAS=28 tRP=12 tRC=40
n_cmd=126759 n_nop=126228 n_act=10 n_pre=1 n_ref_event=0 n_req=520 n_rd=520 n_rd_L2_A=0 n_write=0 n_wr_bk=0 bw_util=0.004102
n_activity=5365 dram_eff=0.09692
bk0: 64a 126712i bk1: 64a 126744i bk2: 64a 126744i bk3: 64a 126747i bk4: 64a 126744i bk5: 64a 126746i bk6: 64a 126744i bk7: 64a 126746i bk8: 8a 126747i bk9: 0a 126759i bk10: 0a 126759i bk11: 0a 126759i bk12: 0a 126759i bk13: 0a 126759i bk14: 0a 126759i bk15: 0a 126759i 

------------------------------------------------------------------------

Row_Buffer_Locality = 0.980769
Row_Buffer_Locality_read = 0.980769
Row_Buffer_Locality_write = -nan
Bank_Level_Parallism = 1.018045
Bank_Level_Parallism_Col = 1.017081
Bank_Level_Parallism_Ready = 1.000000
write_to_read_ratio_blp_rw_average = 0.000000
GrpLevelPara = 1.017081 

BW Util details:
bwutil = 0.004102 
total_CMD = 126759 
util_bw = 520 
Wasted_Col = 133 
Wasted_Row = 12 
Idle = 126094 

BW Util Bottlenecks: 
RCDc_limit = 116 
RCDWRc_limit = 0 
WTRc_limit = 0 
RTWc_limit = 0 
CCDLc_limit = 25 
rwq = 0 
CCDLc_limit_alone = 25 
WTRc_limit_alone = 0 
RTWc_limit_alone = 0 

Commands details: 
total_CMD = 126759 
n_nop = 126228 
Read = 520 
Write = 0 
L2_Alloc = 0 
L2_WB = 0 
n_act = 10 
n_pre = 1 
n_ref = 0 
n_req = 520 
total_req = 520 

Dual Bus Interface Util: 
issued_total_row = 11 
issued_total_col = 520 
Row_Bus_Util =  0.000087 
CoL_Bus_Util = 0.004102 
Either_Row_CoL_Bus_Util = 0.004189 
Issued_on_Two_Bus_Simul_Util = 0.000000 
issued_two_Eff = 0.000000 
queue_avg = 0.000552 


dram_util_bins: 0 0 0 0 0 0 0 0 0 0
dram_eff_bins: 0 0 0 0 0 0 0 0 0 0
mrqq: max=3 avg=0.000552229
Memory Partition 13: 
Cache L2_bank_026:
MSHR contents

Cache L2_bank_027:
MSHR contents

In Dram Latency Queue (total = 0): 
DRAM[13]: 16 bks, busW=16 BL=2 CL=12, tRRD=3 tCCD=1, tRCD=12 tRAS=28 tRP=12 tRC=40
n_cmd=126759 n_nop=126228 n_act=10 n_pre=1 n_ref_event=0 n_req=520 n_rd=520 n_rd_L2_A=0 n_write=0 n_wr_bk=0 bw_util=0.004102
n_activity=5271 dram_eff=0.09865
bk0: 64a 126710i bk1: 64a 126747i bk2: 64a 126743i bk3: 64a 126746i bk4: 64a 126742i bk5: 64a 126743i bk6: 64a 126745i bk7: 64a 126747i bk8: 8a 126746i bk9: 0a 126759i bk10: 0a 126759i bk11: 0a 126759i bk12: 0a 126759i bk13: 0a 126759i bk14: 0a 126759i bk15: 0a 126759i 

------------------------------------------------------------------------

Row_Buffer_Locality = 0.980769
Row_Buffer_Locality_read = 0.980769
Row_Buffer_Locality_write = -nan
Bank_Level_Parallism = 1.002941
Bank_Level_Parallism_Col = 1.003039
Bank_Level_Parallism_Ready = 1.000000
write_to_read_ratio_blp_rw_average = 0.000000
GrpLevelPara = 1.003039 

BW Util details:
bwutil = 0.004102 
total_CMD = 126759 
util_bw = 520 
Wasted_Col = 148 
Wasted_Row = 12 
Idle = 126079 

BW Util Bottlenecks: 
RCDc_limit = 118 
RCDWRc_limit = 0 
WTRc_limit = 0 
RTWc_limit = 0 
CCDLc_limit = 30 
rwq = 0 
CCDLc_limit_alone = 30 
WTRc_limit_alone = 0 
RTWc_limit_alone = 0 

Commands details: 
total_CMD = 126759 
n_nop = 126228 
Read = 520 
Write = 0 
L2_Alloc = 0 
L2_WB = 0 
n_act = 10 
n_pre = 1 
n_ref = 0 
n_req = 520 
total_req = 520 

Dual Bus Interface Util: 
issued_total_row = 11 
issued_total_col = 520 
Row_Bus_Util =  0.000087 
CoL_Bus_Util = 0.004102 
Either_Row_CoL_Bus_Util = 0.004189 
Issued_on_Two_Bus_Simul_Util = 0.000000 
issued_two_Eff = 0.000000 
queue_avg = 0.000655 


dram_util_bins: 0 0 0 0 0 0 0 0 0 0
dram_eff_bins: 0 0 0 0 0 0 0 0 0 0
mrqq: max=3 avg=0.000654786
Memory Partition 14: 
Cache L2_bank_028:
MSHR contents

Cache L2_bank_029:
MSHR contents

In Dram Latency Queue (total = 0): 
DRAM[14]: 16 bks, busW=16 BL=2 CL=12, tRRD=3 tCCD=1, tRCD=12 tRAS=28 tRP=12 tRC=40
n_cmd=126759 n_nop=126228 n_act=10 n_pre=1 n_ref_event=0 n_req=520 n_rd=520 n_rd_L2_A=0 n_write=0 n_wr_bk=0 bw_util=0.004102
n_activity=5158 dram_eff=0.1008
bk0: 64a 126708i bk1: 64a 126740i bk2: 64a 126746i bk3: 64a 126747i bk4: 64a 126747i bk5: 64a 126746i bk6: 64a 126745i bk7: 64a 126741i bk8: 8a 126747i bk9: 0a 126759i bk10: 0a 126759i bk11: 0a 126759i bk12: 0a 126759i bk13: 0a 126759i bk14: 0a 126759i bk15: 0a 126759i 

------------------------------------------------------------------------

Row_Buffer_Locality = 0.980769
Row_Buffer_Locality_read = 0.980769
Row_Buffer_Locality_write = -nan
Bank_Level_Parallism = 1.008850
Bank_Level_Parallism_Col = 1.007610
Bank_Level_Parallism_Ready = 1.000000
write_to_read_ratio_blp_rw_average = 0.000000
GrpLevelPara = 1.007610 

BW Util details:
bwutil = 0.004102 
total_CMD = 126759 
util_bw = 520 
Wasted_Col = 146 
Wasted_Row = 12 
Idle = 126081 

BW Util Bottlenecks: 
RCDc_limit = 117 
RCDWRc_limit = 0 
WTRc_limit = 0 
RTWc_limit = 0 
CCDLc_limit = 32 
rwq = 0 
CCDLc_limit_alone = 32 
WTRc_limit_alone = 0 
RTWc_limit_alone = 0 

Commands details: 
total_CMD = 126759 
n_nop = 126228 
Read = 520 
Write = 0 
L2_Alloc = 0 
L2_WB = 0 
n_act = 10 
n_pre = 1 
n_ref = 0 
n_req = 520 
total_req = 520 

Dual Bus Interface Util: 
issued_total_row = 11 
issued_total_col = 520 
Row_Bus_Util =  0.000087 
CoL_Bus_Util = 0.004102 
Either_Row_CoL_Bus_Util = 0.004189 
Issued_on_Two_Bus_Simul_Util = 0.000000 
issued_two_Eff = 0.000000 
queue_avg = 0.001002 


dram_util_bins: 0 0 0 0 0 0 0 0 0 0
dram_eff_bins: 0 0 0 0 0 0 0 0 0 0
mrqq: max=4 avg=0.0010019
Memory Partition 15: 
Cache L2_bank_030:
MSHR contents

Cache L2_bank_031:
MSHR contents

In Dram Latency Queue (total = 0): 
DRAM[15]: 16 bks, busW=16 BL=2 CL=12, tRRD=3 tCCD=1, tRCD=12 tRAS=28 tRP=12 tRC=40
n_cmd=126759 n_nop=126228 n_act=10 n_pre=1 n_ref_event=0 n_req=520 n_rd=520 n_rd_L2_A=0 n_write=0 n_wr_bk=0 bw_util=0.004102
n_activity=5183 dram_eff=0.1003
bk0: 64a 126710i bk1: 64a 126742i bk2: 64a 126742i bk3: 64a 126747i bk4: 64a 126746i bk5: 64a 126747i bk6: 64a 126746i bk7: 64a 126745i bk8: 8a 126747i bk9: 0a 126759i bk10: 0a 126759i bk11: 0a 126759i bk12: 0a 126759i bk13: 0a 126759i bk14: 0a 126759i bk15: 0a 126759i 

------------------------------------------------------------------------

Row_Buffer_Locality = 0.980769
Row_Buffer_Locality_read = 0.980769
Row_Buffer_Locality_write = -nan
Bank_Level_Parallism = 1.002954
Bank_Level_Parallism_Col = 1.003053
Bank_Level_Parallism_Ready = 1.000000
write_to_read_ratio_blp_rw_average = 0.000000
GrpLevelPara = 1.003053 

BW Util details:
bwutil = 0.004102 
total_CMD = 126759 
util_bw = 520 
Wasted_Col = 145 
Wasted_Row = 12 
Idle = 126082 

BW Util Bottlenecks: 
RCDc_limit = 118 
RCDWRc_limit = 0 
WTRc_limit = 0 
RTWc_limit = 0 
CCDLc_limit = 27 
rwq = 0 
CCDLc_limit_alone = 27 
WTRc_limit_alone = 0 
RTWc_limit_alone = 0 

Commands details: 
total_CMD = 126759 
n_nop = 126228 
Read = 520 
Write = 0 
L2_Alloc = 0 
L2_WB = 0 
n_act = 10 
n_pre = 1 
n_ref = 0 
n_req = 520 
total_req = 520 

Dual Bus Interface Util: 
issued_total_row = 11 
issued_total_col = 520 
Row_Bus_Util =  0.000087 
CoL_Bus_Util = 0.004102 
Either_Row_CoL_Bus_Util = 0.004189 
Issued_on_Two_Bus_Simul_Util = 0.000000 
issued_two_Eff = 0.000000 
queue_avg = 0.000552 


dram_util_bins: 0 0 0 0 0 0 0 0 0 0
dram_eff_bins: 0 0 0 0 0 0 0 0 0 0
mrqq: max=3 avg=0.000552229
Memory Partition 16: 
Cache L2_bank_032:
MSHR contents

Cache L2_bank_033:
MSHR contents

In Dram Latency Queue (total = 0): 
DRAM[16]: 16 bks, busW=16 BL=2 CL=12, tRRD=3 tCCD=1, tRCD=12 tRAS=28 tRP=12 tRC=40
n_cmd=126759 n_nop=126229 n_act=10 n_pre=0 n_ref_event=0 n_req=520 n_rd=520 n_rd_L2_A=0 n_write=0 n_wr_bk=0 bw_util=0.004102
n_activity=5017 dram_eff=0.1036
bk0: 56a 126745i bk1: 64a 126745i bk2: 64a 126744i bk3: 64a 126745i bk4: 64a 126746i bk5: 64a 126745i bk6: 64a 126745i bk7: 64a 126747i bk8: 8a 126747i bk9: 8a 126746i bk10: 0a 126759i bk11: 0a 126759i bk12: 0a 126759i bk13: 0a 126759i bk14: 0a 126759i bk15: 0a 126759i 

------------------------------------------------------------------------

Row_Buffer_Locality = 0.980769
Row_Buffer_Locality_read = 0.980769
Row_Buffer_Locality_write = -nan
Bank_Level_Parallism = 1.018663
Bank_Level_Parallism_Col = 1.017350
Bank_Level_Parallism_Ready = 1.001923
write_to_read_ratio_blp_rw_average = 0.000000
GrpLevelPara = 1.017350 

BW Util details:
bwutil = 0.004102 
total_CMD = 126759 
util_bw = 520 
Wasted_Col = 123 
Wasted_Row = 0 
Idle = 126116 

BW Util Bottlenecks: 
RCDc_limit = 118 
RCDWRc_limit = 0 
WTRc_limit = 0 
RTWc_limit = 0 
CCDLc_limit = 14 
rwq = 0 
CCDLc_limit_alone = 14 
WTRc_limit_alone = 0 
RTWc_limit_alone = 0 

Commands details: 
total_CMD = 126759 
n_nop = 126229 
Read = 520 
Write = 0 
L2_Alloc = 0 
L2_WB = 0 
n_act = 10 
n_pre = 0 
n_ref = 0 
n_req = 520 
total_req = 520 

Dual Bus Interface Util: 
issued_total_row = 10 
issued_total_col = 520 
Row_Bus_Util =  0.000079 
CoL_Bus_Util = 0.004102 
Either_Row_CoL_Bus_Util = 0.004181 
Issued_on_Two_Bus_Simul_Util = 0.000000 
issued_two_Eff = 0.000000 
queue_avg = 0.000505 


dram_util_bins: 0 0 0 0 0 0 0 0 0 0
dram_eff_bins: 0 0 0 0 0 0 0 0 0 0
mrqq: max=2 avg=0.000504895
Memory Partition 17: 
Cache L2_bank_034:
MSHR contents

Cache L2_bank_035:
MSHR contents

In Dram Latency Queue (total = 0): 
DRAM[17]: 16 bks, busW=16 BL=2 CL=12, tRRD=3 tCCD=1, tRCD=12 tRAS=28 tRP=12 tRC=40
n_cmd=126759 n_nop=126229 n_act=10 n_pre=0 n_ref_event=0 n_req=520 n_rd=520 n_rd_L2_A=0 n_write=0 n_wr_bk=0 bw_util=0.004102
n_activity=5132 dram_eff=0.1013
bk0: 56a 126738i bk1: 64a 126744i bk2: 64a 126746i bk3: 64a 126745i bk4: 64a 126746i bk5: 64a 126743i bk6: 64a 126742i bk7: 64a 126747i bk8: 8a 126747i bk9: 8a 126747i bk10: 0a 126759i bk11: 0a 126759i bk12: 0a 126759i bk13: 0a 126759i bk14: 0a 126759i bk15: 0a 126759i 

------------------------------------------------------------------------

Row_Buffer_Locality = 0.980769
Row_Buffer_Locality_read = 0.980769
Row_Buffer_Locality_write = -nan
Bank_Level_Parallism = 1.018377
Bank_Level_Parallism_Col = 1.015504
Bank_Level_Parallism_Ready = 1.000000
write_to_read_ratio_blp_rw_average = 0.000000
GrpLevelPara = 1.015504 

BW Util details:
bwutil = 0.004102 
total_CMD = 126759 
util_bw = 520 
Wasted_Col = 133 
Wasted_Row = 0 
Idle = 126106 

BW Util Bottlenecks: 
RCDc_limit = 115 
RCDWRc_limit = 0 
WTRc_limit = 0 
RTWc_limit = 0 
CCDLc_limit = 25 
rwq = 0 
CCDLc_limit_alone = 25 
WTRc_limit_alone = 0 
RTWc_limit_alone = 0 

Commands details: 
total_CMD = 126759 
n_nop = 126229 
Read = 520 
Write = 0 
L2_Alloc = 0 
L2_WB = 0 
n_act = 10 
n_pre = 0 
n_ref = 0 
n_req = 520 
total_req = 520 

Dual Bus Interface Util: 
issued_total_row = 10 
issued_total_col = 520 
Row_Bus_Util =  0.000079 
CoL_Bus_Util = 0.004102 
Either_Row_CoL_Bus_Util = 0.004181 
Issued_on_Two_Bus_Simul_Util = 0.000000 
issued_two_Eff = 0.000000 
queue_avg = 0.000655 


dram_util_bins: 0 0 0 0 0 0 0 0 0 0
dram_eff_bins: 0 0 0 0 0 0 0 0 0 0
mrqq: max=3 avg=0.000654786
Memory Partition 18: 
Cache L2_bank_036:
MSHR contents

Cache L2_bank_037:
MSHR contents

In Dram Latency Queue (total = 0): 
DRAM[18]: 16 bks, busW=16 BL=2 CL=12, tRRD=3 tCCD=1, tRCD=12 tRAS=28 tRP=12 tRC=40
n_cmd=126759 n_nop=126229 n_act=10 n_pre=0 n_ref_event=0 n_req=520 n_rd=520 n_rd_L2_A=0 n_write=0 n_wr_bk=0 bw_util=0.004102
n_activity=4903 dram_eff=0.1061
bk0: 56a 126741i bk1: 64a 126742i bk2: 64a 126747i bk3: 64a 126742i bk4: 64a 126739i bk5: 64a 126742i bk6: 64a 126746i bk7: 64a 126747i bk8: 8a 126747i bk9: 8a 126746i bk10: 0a 126759i bk11: 0a 126759i bk12: 0a 126759i bk13: 0a 126759i bk14: 0a 126759i bk15: 0a 126759i 

------------------------------------------------------------------------

Row_Buffer_Locality = 0.980769
Row_Buffer_Locality_read = 0.980769
Row_Buffer_Locality_write = -nan
Bank_Level_Parallism = 1.027565
Bank_Level_Parallism_Col = 1.024806
Bank_Level_Parallism_Ready = 1.000000
write_to_read_ratio_blp_rw_average = 0.000000
GrpLevelPara = 1.024806 

BW Util details:
bwutil = 0.004102 
total_CMD = 126759 
util_bw = 520 
Wasted_Col = 133 
Wasted_Row = 0 
Idle = 126106 

BW Util Bottlenecks: 
RCDc_limit = 113 
RCDWRc_limit = 0 
WTRc_limit = 0 
RTWc_limit = 0 
CCDLc_limit = 31 
rwq = 0 
CCDLc_limit_alone = 31 
WTRc_limit_alone = 0 
RTWc_limit_alone = 0 

Commands details: 
total_CMD = 126759 
n_nop = 126229 
Read = 520 
Write = 0 
L2_Alloc = 0 
L2_WB = 0 
n_act = 10 
n_pre = 0 
n_ref = 0 
n_req = 520 
total_req = 520 

Dual Bus Interface Util: 
issued_total_row = 10 
issued_total_col = 520 
Row_Bus_Util =  0.000079 
CoL_Bus_Util = 0.004102 
Either_Row_CoL_Bus_Util = 0.004181 
Issued_on_Two_Bus_Simul_Util = 0.000000 
issued_two_Eff = 0.000000 
queue_avg = 0.000584 


dram_util_bins: 0 0 0 0 0 0 0 0 0 0
dram_eff_bins: 0 0 0 0 0 0 0 0 0 0
mrqq: max=3 avg=0.000583785
Memory Partition 19: 
Cache L2_bank_038:
MSHR contents

Cache L2_bank_039:
MSHR contents

In Dram Latency Queue (total = 0): 
DRAM[19]: 16 bks, busW=16 BL=2 CL=12, tRRD=3 tCCD=1, tRCD=12 tRAS=28 tRP=12 tRC=40
n_cmd=126759 n_nop=126229 n_act=10 n_pre=0 n_ref_event=0 n_req=520 n_rd=520 n_rd_L2_A=0 n_write=0 n_wr_bk=0 bw_util=0.004102
n_activity=4878 dram_eff=0.1066
bk0: 56a 126738i bk1: 64a 126744i bk2: 64a 126743i bk3: 64a 126742i bk4: 64a 126747i bk5: 64a 126732i bk6: 64a 126747i bk7: 64a 126747i bk8: 8a 126747i bk9: 8a 126747i bk10: 0a 126759i bk11: 0a 126759i bk12: 0a 126759i bk13: 0a 126759i bk14: 0a 126759i bk15: 0a 126759i 

------------------------------------------------------------------------

Row_Buffer_Locality = 0.980769
Row_Buffer_Locality_read = 0.980769
Row_Buffer_Locality_write = -nan
Bank_Level_Parallism = 1.018072
Bank_Level_Parallism_Col = 1.016794
Bank_Level_Parallism_Ready = 1.000000
write_to_read_ratio_blp_rw_average = 0.000000
GrpLevelPara = 1.016794 

BW Util details:
bwutil = 0.004102 
total_CMD = 126759 
util_bw = 520 
Wasted_Col = 144 
Wasted_Row = 0 
Idle = 126095 

BW Util Bottlenecks: 
RCDc_limit = 114 
RCDWRc_limit = 0 
WTRc_limit = 0 
RTWc_limit = 0 
CCDLc_limit = 36 
rwq = 0 
CCDLc_limit_alone = 36 
WTRc_limit_alone = 0 
RTWc_limit_alone = 0 

Commands details: 
total_CMD = 126759 
n_nop = 126229 
Read = 520 
Write = 0 
L2_Alloc = 0 
L2_WB = 0 
n_act = 10 
n_pre = 0 
n_ref = 0 
n_req = 520 
total_req = 520 

Dual Bus Interface Util: 
issued_total_row = 10 
issued_total_col = 520 
Row_Bus_Util =  0.000079 
CoL_Bus_Util = 0.004102 
Either_Row_CoL_Bus_Util = 0.004181 
Issued_on_Two_Bus_Simul_Util = 0.000000 
issued_two_Eff = 0.000000 
queue_avg = 0.000576 


dram_util_bins: 0 0 0 0 0 0 0 0 0 0
dram_eff_bins: 0 0 0 0 0 0 0 0 0 0
mrqq: max=3 avg=0.000575896
Memory Partition 20: 
Cache L2_bank_040:
MSHR contents

Cache L2_bank_041:
MSHR contents

In Dram Latency Queue (total = 0): 
DRAM[20]: 16 bks, busW=16 BL=2 CL=12, tRRD=3 tCCD=1, tRCD=12 tRAS=28 tRP=12 tRC=40
n_cmd=126759 n_nop=126229 n_act=10 n_pre=0 n_ref_event=0 n_req=520 n_rd=520 n_rd_L2_A=0 n_write=0 n_wr_bk=0 bw_util=0.004102
n_activity=5555 dram_eff=0.09361
bk0: 56a 126747i bk1: 64a 126743i bk2: 64a 126746i bk3: 64a 126741i bk4: 64a 126747i bk5: 64a 126747i bk6: 64a 126746i bk7: 64a 126747i bk8: 8a 126747i bk9: 8a 126747i bk10: 0a 126759i bk11: 0a 126759i bk12: 0a 126759i bk13: 0a 126759i bk14: 0a 126759i bk15: 0a 126759i 

------------------------------------------------------------------------

Row_Buffer_Locality = 0.980769
Row_Buffer_Locality_read = 0.980769
Row_Buffer_Locality_write = -nan
Bank_Level_Parallism = 1.028391
Bank_Level_Parallism_Col = 1.025559
Bank_Level_Parallism_Ready = 1.000000
write_to_read_ratio_blp_rw_average = 0.000000
GrpLevelPara = 1.025559 

BW Util details:
bwutil = 0.004102 
total_CMD = 126759 
util_bw = 520 
Wasted_Col = 114 
Wasted_Row = 0 
Idle = 126125 

BW Util Bottlenecks: 
RCDc_limit = 116 
RCDWRc_limit = 0 
WTRc_limit = 0 
RTWc_limit = 0 
CCDLc_limit = 12 
rwq = 0 
CCDLc_limit_alone = 12 
WTRc_limit_alone = 0 
RTWc_limit_alone = 0 

Commands details: 
total_CMD = 126759 
n_nop = 126229 
Read = 520 
Write = 0 
L2_Alloc = 0 
L2_WB = 0 
n_act = 10 
n_pre = 0 
n_ref = 0 
n_req = 520 
total_req = 520 

Dual Bus Interface Util: 
issued_total_row = 10 
issued_total_col = 520 
Row_Bus_Util =  0.000079 
CoL_Bus_Util = 0.004102 
Either_Row_CoL_Bus_Util = 0.004181 
Issued_on_Two_Bus_Simul_Util = 0.000000 
issued_two_Eff = 0.000000 
queue_avg = 0.000434 


dram_util_bins: 0 0 0 0 0 0 0 0 0 0
dram_eff_bins: 0 0 0 0 0 0 0 0 0 0
mrqq: max=3 avg=0.000433894
Memory Partition 21: 
Cache L2_bank_042:
MSHR contents

Cache L2_bank_043:
MSHR contents

In Dram Latency Queue (total = 0): 
DRAM[21]: 16 bks, busW=16 BL=2 CL=12, tRRD=3 tCCD=1, tRCD=12 tRAS=28 tRP=12 tRC=40
n_cmd=126759 n_nop=126219 n_act=11 n_pre=1 n_ref_event=0 n_req=528 n_rd=528 n_rd_L2_A=0 n_write=0 n_wr_bk=0 bw_util=0.004165
n_activity=5089 dram_eff=0.1038
bk0: 64a 126714i bk1: 64a 126742i bk2: 64a 126745i bk3: 64a 126742i bk4: 64a 126746i bk5: 64a 126744i bk6: 64a 126747i bk7: 64a 126746i bk8: 8a 126746i bk9: 8a 126747i bk10: 0a 126759i bk11: 0a 126759i bk12: 0a 126759i bk13: 0a 126759i bk14: 0a 126759i bk15: 0a 126759i 

------------------------------------------------------------------------

Row_Buffer_Locality = 0.979167
Row_Buffer_Locality_read = 0.979167
Row_Buffer_Locality_write = -nan
Bank_Level_Parallism = 1.024927
Bank_Level_Parallism_Col = 1.022693
Bank_Level_Parallism_Ready = 1.000000
write_to_read_ratio_blp_rw_average = 0.000000
GrpLevelPara = 1.022693 

BW Util details:
bwutil = 0.004165 
total_CMD = 126759 
util_bw = 528 
Wasted_Col = 142 
Wasted_Row = 12 
Idle = 126077 

BW Util Bottlenecks: 
RCDc_limit = 127 
RCDWRc_limit = 0 
WTRc_limit = 0 
RTWc_limit = 0 
CCDLc_limit = 27 
rwq = 0 
CCDLc_limit_alone = 27 
WTRc_limit_alone = 0 
RTWc_limit_alone = 0 

Commands details: 
total_CMD = 126759 
n_nop = 126219 
Read = 528 
Write = 0 
L2_Alloc = 0 
L2_WB = 0 
n_act = 11 
n_pre = 1 
n_ref = 0 
n_req = 528 
total_req = 528 

Dual Bus Interface Util: 
issued_total_row = 12 
issued_total_col = 528 
Row_Bus_Util =  0.000095 
CoL_Bus_Util = 0.004165 
Either_Row_CoL_Bus_Util = 0.004260 
Issued_on_Two_Bus_Simul_Util = 0.000000 
issued_two_Eff = 0.000000 
queue_avg = 0.001041 


dram_util_bins: 0 0 0 0 0 0 0 0 0 0
dram_eff_bins: 0 0 0 0 0 0 0 0 0 0
mrqq: max=3 avg=0.00104135
Memory Partition 22: 
Cache L2_bank_044:
MSHR contents

Cache L2_bank_045:
MSHR contents

In Dram Latency Queue (total = 0): 
DRAM[22]: 16 bks, busW=16 BL=2 CL=12, tRRD=3 tCCD=1, tRCD=12 tRAS=28 tRP=12 tRC=40
n_cmd=126759 n_nop=126229 n_act=10 n_pre=0 n_ref_event=0 n_req=520 n_rd=520 n_rd_L2_A=0 n_write=0 n_wr_bk=0 bw_util=0.004102
n_activity=5357 dram_eff=0.09707
bk0: 56a 126743i bk1: 64a 126746i bk2: 64a 126747i bk3: 64a 126746i bk4: 64a 126746i bk5: 64a 126747i bk6: 64a 126747i bk7: 64a 126746i bk8: 8a 126746i bk9: 8a 126746i bk10: 0a 126759i bk11: 0a 126759i bk12: 0a 126759i bk13: 0a 126759i bk14: 0a 126759i bk15: 0a 126759i 

------------------------------------------------------------------------

Row_Buffer_Locality = 0.980769
Row_Buffer_Locality_read = 0.980769
Row_Buffer_Locality_write = -nan
Bank_Level_Parallism = 1.010886
Bank_Level_Parallism_Col = 1.009464
Bank_Level_Parallism_Ready = 1.000000
write_to_read_ratio_blp_rw_average = 0.000000
GrpLevelPara = 1.009464 

BW Util details:
bwutil = 0.004102 
total_CMD = 126759 
util_bw = 520 
Wasted_Col = 123 
Wasted_Row = 0 
Idle = 126116 

BW Util Bottlenecks: 
RCDc_limit = 114 
RCDWRc_limit = 0 
WTRc_limit = 0 
RTWc_limit = 0 
CCDLc_limit = 10 
rwq = 0 
CCDLc_limit_alone = 10 
WTRc_limit_alone = 0 
RTWc_limit_alone = 0 

Commands details: 
total_CMD = 126759 
n_nop = 126229 
Read = 520 
Write = 0 
L2_Alloc = 0 
L2_WB = 0 
n_act = 10 
n_pre = 0 
n_ref = 0 
n_req = 520 
total_req = 520 

Dual Bus Interface Util: 
issued_total_row = 10 
issued_total_col = 520 
Row_Bus_Util =  0.000079 
CoL_Bus_Util = 0.004102 
Either_Row_CoL_Bus_Util = 0.004181 
Issued_on_Two_Bus_Simul_Util = 0.000000 
issued_two_Eff = 0.000000 
queue_avg = 0.000024 


dram_util_bins: 0 0 0 0 0 0 0 0 0 0
dram_eff_bins: 0 0 0 0 0 0 0 0 0 0
mrqq: max=1 avg=2.3667e-05
Memory Partition 23: 
Cache L2_bank_046:
MSHR contents

Cache L2_bank_047:
MSHR contents

In Dram Latency Queue (total = 0): 
DRAM[23]: 16 bks, busW=16 BL=2 CL=12, tRRD=3 tCCD=1, tRCD=12 tRAS=28 tRP=12 tRC=40
n_cmd=126759 n_nop=126230 n_act=10 n_pre=0 n_ref_event=0 n_req=520 n_rd=520 n_rd_L2_A=0 n_write=0 n_wr_bk=0 bw_util=0.004102
n_activity=5183 dram_eff=0.1003
bk0: 56a 126747i bk1: 64a 126743i bk2: 64a 126746i bk3: 64a 126746i bk4: 64a 126747i bk5: 64a 126746i bk6: 64a 126743i bk7: 64a 126746i bk8: 8a 126746i bk9: 8a 126747i bk10: 0a 126759i bk11: 0a 126759i bk12: 0a 126759i bk13: 0a 126759i bk14: 0a 126759i bk15: 0a 126759i 

------------------------------------------------------------------------

Row_Buffer_Locality = 0.980769
Row_Buffer_Locality_read = 0.980769
Row_Buffer_Locality_write = -nan
Bank_Level_Parallism = 1.060065
Bank_Level_Parallism_Col = 1.054187
Bank_Level_Parallism_Ready = 1.000000
write_to_read_ratio_blp_rw_average = 0.000000
GrpLevelPara = 1.054187 

BW Util details:
bwutil = 0.004102 
total_CMD = 126759 
util_bw = 520 
Wasted_Col = 96 
Wasted_Row = 0 
Idle = 126143 

BW Util Bottlenecks: 
RCDc_limit = 107 
RCDWRc_limit = 0 
WTRc_limit = 0 
RTWc_limit = 0 
CCDLc_limit = 12 
rwq = 0 
CCDLc_limit_alone = 12 
WTRc_limit_alone = 0 
RTWc_limit_alone = 0 

Commands details: 
total_CMD = 126759 
n_nop = 126230 
Read = 520 
Write = 0 
L2_Alloc = 0 
L2_WB = 0 
n_act = 10 
n_pre = 0 
n_ref = 0 
n_req = 520 
total_req = 520 

Dual Bus Interface Util: 
issued_total_row = 10 
issued_total_col = 520 
Row_Bus_Util =  0.000079 
CoL_Bus_Util = 0.004102 
Either_Row_CoL_Bus_Util = 0.004173 
Issued_on_Two_Bus_Simul_Util = 0.000008 
issued_two_Eff = 0.001890 
queue_avg = 0.000418 


dram_util_bins: 0 0 0 0 0 0 0 0 0 0
dram_eff_bins: 0 0 0 0 0 0 0 0 0 0
mrqq: max=4 avg=0.000418116
Memory Partition 24: 
Cache L2_bank_048:
MSHR contents

Cache L2_bank_049:
MSHR contents

In Dram Latency Queue (total = 0): 
DRAM[24]: 16 bks, busW=16 BL=2 CL=12, tRRD=3 tCCD=1, tRCD=12 tRAS=28 tRP=12 tRC=40
n_cmd=126759 n_nop=126219 n_act=11 n_pre=1 n_ref_event=0 n_req=528 n_rd=528 n_rd_L2_A=0 n_write=0 n_wr_bk=0 bw_util=0.004165
n_activity=5366 dram_eff=0.0984
bk0: 64a 126712i bk1: 64a 126734i bk2: 64a 126747i bk3: 64a 126745i bk4: 64a 126747i bk5: 64a 126747i bk6: 64a 126742i bk7: 64a 126743i bk8: 8a 126746i bk9: 8a 126747i bk10: 0a 126759i bk11: 0a 126759i bk12: 0a 126759i bk13: 0a 126759i bk14: 0a 126759i bk15: 0a 126759i 

------------------------------------------------------------------------

Row_Buffer_Locality = 0.979167
Row_Buffer_Locality_read = 0.979167
Row_Buffer_Locality_write = -nan
Bank_Level_Parallism = 1.024602
Bank_Level_Parallism_Col = 1.022388
Bank_Level_Parallism_Ready = 1.001894
write_to_read_ratio_blp_rw_average = 0.000000
GrpLevelPara = 1.022388 

BW Util details:
bwutil = 0.004165 
total_CMD = 126759 
util_bw = 528 
Wasted_Col = 151 
Wasted_Row = 12 
Idle = 126068 

BW Util Bottlenecks: 
RCDc_limit = 126 
RCDWRc_limit = 0 
WTRc_limit = 0 
RTWc_limit = 0 
CCDLc_limit = 35 
rwq = 0 
CCDLc_limit_alone = 35 
WTRc_limit_alone = 0 
RTWc_limit_alone = 0 

Commands details: 
total_CMD = 126759 
n_nop = 126219 
Read = 528 
Write = 0 
L2_Alloc = 0 
L2_WB = 0 
n_act = 11 
n_pre = 1 
n_ref = 0 
n_req = 528 
total_req = 528 

Dual Bus Interface Util: 
issued_total_row = 12 
issued_total_col = 528 
Row_Bus_Util =  0.000095 
CoL_Bus_Util = 0.004165 
Either_Row_CoL_Bus_Util = 0.004260 
Issued_on_Two_Bus_Simul_Util = 0.000000 
issued_two_Eff = 0.000000 
queue_avg = 0.001278 


dram_util_bins: 0 0 0 0 0 0 0 0 0 0
dram_eff_bins: 0 0 0 0 0 0 0 0 0 0
mrqq: max=3 avg=0.00127802
Memory Partition 25: 
Cache L2_bank_050:
MSHR contents

Cache L2_bank_051:
MSHR contents

In Dram Latency Queue (total = 0): 
DRAM[25]: 16 bks, busW=16 BL=2 CL=12, tRRD=3 tCCD=1, tRCD=12 tRAS=28 tRP=12 tRC=40
n_cmd=126759 n_nop=126219 n_act=11 n_pre=1 n_ref_event=0 n_req=528 n_rd=528 n_rd_L2_A=0 n_write=0 n_wr_bk=0 bw_util=0.004165
n_activity=4988 dram_eff=0.1059
bk0: 64a 126709i bk1: 64a 126741i bk2: 64a 126743i bk3: 64a 126746i bk4: 64a 126746i bk5: 64a 126747i bk6: 64a 126741i bk7: 64a 126743i bk8: 8a 126747i bk9: 8a 126746i bk10: 0a 126759i bk11: 0a 126759i bk12: 0a 126759i bk13: 0a 126759i bk14: 0a 126759i bk15: 0a 126759i 

------------------------------------------------------------------------

Row_Buffer_Locality = 0.979167
Row_Buffer_Locality_read = 0.979167
Row_Buffer_Locality_write = -nan
Bank_Level_Parallism = 1.020144
Bank_Level_Parallism_Col = 1.019316
Bank_Level_Parallism_Ready = 1.000000
write_to_read_ratio_blp_rw_average = 0.000000
GrpLevelPara = 1.019316 

BW Util details:
bwutil = 0.004165 
total_CMD = 126759 
util_bw = 528 
Wasted_Col = 155 
Wasted_Row = 12 
Idle = 126064 

BW Util Bottlenecks: 
RCDc_limit = 128 
RCDWRc_limit = 0 
WTRc_limit = 0 
RTWc_limit = 0 
CCDLc_limit = 37 
rwq = 0 
CCDLc_limit_alone = 37 
WTRc_limit_alone = 0 
RTWc_limit_alone = 0 

Commands details: 
total_CMD = 126759 
n_nop = 126219 
Read = 528 
Write = 0 
L2_Alloc = 0 
L2_WB = 0 
n_act = 11 
n_pre = 1 
n_ref = 0 
n_req = 528 
total_req = 528 

Dual Bus Interface Util: 
issued_total_row = 12 
issued_total_col = 528 
Row_Bus_Util =  0.000095 
CoL_Bus_Util = 0.004165 
Either_Row_CoL_Bus_Util = 0.004260 
Issued_on_Two_Bus_Simul_Util = 0.000000 
issued_two_Eff = 0.000000 
queue_avg = 0.001128 


dram_util_bins: 0 0 0 0 0 0 0 0 0 0
dram_eff_bins: 0 0 0 0 0 0 0 0 0 0
mrqq: max=3 avg=0.00112813
Memory Partition 26: 
Cache L2_bank_052:
MSHR contents

Cache L2_bank_053:
MSHR contents

In Dram Latency Queue (total = 0): 
DRAM[26]: 16 bks, busW=16 BL=2 CL=12, tRRD=3 tCCD=1, tRCD=12 tRAS=28 tRP=12 tRC=40
n_cmd=126759 n_nop=126219 n_act=11 n_pre=1 n_ref_event=0 n_req=528 n_rd=528 n_rd_L2_A=0 n_write=0 n_wr_bk=0 bw_util=0.004165
n_activity=5165 dram_eff=0.1022
bk0: 64a 126710i bk1: 64a 126740i bk2: 64a 126747i bk3: 64a 126746i bk4: 64a 126747i bk5: 64a 126746i bk6: 64a 126744i bk7: 64a 126746i bk8: 8a 126747i bk9: 8a 126746i bk10: 0a 126759i bk11: 0a 126759i bk12: 0a 126759i bk13: 0a 126759i bk14: 0a 126759i bk15: 0a 126759i 

------------------------------------------------------------------------

Row_Buffer_Locality = 0.979167
Row_Buffer_Locality_read = 0.979167
Row_Buffer_Locality_write = -nan
Bank_Level_Parallism = 1.024927
Bank_Level_Parallism_Col = 1.022693
Bank_Level_Parallism_Ready = 1.000000
write_to_read_ratio_blp_rw_average = 0.000000
GrpLevelPara = 1.022693 

BW Util details:
bwutil = 0.004165 
total_CMD = 126759 
util_bw = 528 
Wasted_Col = 142 
Wasted_Row = 12 
Idle = 126077 

BW Util Bottlenecks: 
RCDc_limit = 126 
RCDWRc_limit = 0 
WTRc_limit = 0 
RTWc_limit = 0 
CCDLc_limit = 27 
rwq = 0 
CCDLc_limit_alone = 27 
WTRc_limit_alone = 0 
RTWc_limit_alone = 0 

Commands details: 
total_CMD = 126759 
n_nop = 126219 
Read = 528 
Write = 0 
L2_Alloc = 0 
L2_WB = 0 
n_act = 11 
n_pre = 1 
n_ref = 0 
n_req = 528 
total_req = 528 

Dual Bus Interface Util: 
issued_total_row = 12 
issued_total_col = 528 
Row_Bus_Util =  0.000095 
CoL_Bus_Util = 0.004165 
Either_Row_CoL_Bus_Util = 0.004260 
Issued_on_Two_Bus_Simul_Util = 0.000000 
issued_two_Eff = 0.000000 
queue_avg = 0.000781 


dram_util_bins: 0 0 0 0 0 0 0 0 0 0
dram_eff_bins: 0 0 0 0 0 0 0 0 0 0
mrqq: max=3 avg=0.00078101
Memory Partition 27: 
Cache L2_bank_054:
MSHR contents

Cache L2_bank_055:
MSHR contents

In Dram Latency Queue (total = 0): 
DRAM[27]: 16 bks, busW=16 BL=2 CL=12, tRRD=3 tCCD=1, tRCD=12 tRAS=28 tRP=12 tRC=40
n_cmd=126759 n_nop=126219 n_act=11 n_pre=1 n_ref_event=0 n_req=528 n_rd=528 n_rd_L2_A=0 n_write=0 n_wr_bk=0 bw_util=0.004165
n_activity=5318 dram_eff=0.09929
bk0: 64a 126716i bk1: 64a 126741i bk2: 64a 126747i bk3: 64a 126746i bk4: 64a 126745i bk5: 64a 126744i bk6: 64a 126746i bk7: 64a 126746i bk8: 8a 126746i bk9: 8a 126747i bk10: 0a 126759i bk11: 0a 126759i bk12: 0a 126759i bk13: 0a 126759i bk14: 0a 126759i bk15: 0a 126759i 

------------------------------------------------------------------------

Row_Buffer_Locality = 0.979167
Row_Buffer_Locality_read = 0.979167
Row_Buffer_Locality_write = -nan
Bank_Level_Parallism = 1.013139
Bank_Level_Parallism_Col = 1.012066
Bank_Level_Parallism_Ready = 1.001894
write_to_read_ratio_blp_rw_average = 0.000000
GrpLevelPara = 1.012066 

BW Util details:
bwutil = 0.004165 
total_CMD = 126759 
util_bw = 528 
Wasted_Col = 145 
Wasted_Row = 12 
Idle = 126074 

BW Util Bottlenecks: 
RCDc_limit = 129 
RCDWRc_limit = 0 
WTRc_limit = 0 
RTWc_limit = 0 
CCDLc_limit = 21 
rwq = 0 
CCDLc_limit_alone = 21 
WTRc_limit_alone = 0 
RTWc_limit_alone = 0 

Commands details: 
total_CMD = 126759 
n_nop = 126219 
Read = 528 
Write = 0 
L2_Alloc = 0 
L2_WB = 0 
n_act = 11 
n_pre = 1 
n_ref = 0 
n_req = 528 
total_req = 528 

Dual Bus Interface Util: 
issued_total_row = 12 
issued_total_col = 528 
Row_Bus_Util =  0.000095 
CoL_Bus_Util = 0.004165 
Either_Row_CoL_Bus_Util = 0.004260 
Issued_on_Two_Bus_Simul_Util = 0.000000 
issued_two_Eff = 0.000000 
queue_avg = 0.000836 


dram_util_bins: 0 0 0 0 0 0 0 0 0 0
dram_eff_bins: 0 0 0 0 0 0 0 0 0 0
mrqq: max=3 avg=0.000836233
Memory Partition 28: 
Cache L2_bank_056:
MSHR contents

Cache L2_bank_057:
MSHR contents

In Dram Latency Queue (total = 0): 
DRAM[28]: 16 bks, busW=16 BL=2 CL=12, tRRD=3 tCCD=1, tRCD=12 tRAS=28 tRP=12 tRC=40
n_cmd=126759 n_nop=126219 n_act=11 n_pre=1 n_ref_event=0 n_req=528 n_rd=528 n_rd_L2_A=0 n_write=0 n_wr_bk=0 bw_util=0.004165
n_activity=5378 dram_eff=0.09818
bk0: 64a 126707i bk1: 64a 126736i bk2: 64a 126747i bk3: 64a 126745i bk4: 64a 126746i bk5: 64a 126747i bk6: 64a 126746i bk7: 64a 126747i bk8: 8a 126747i bk9: 8a 126746i bk10: 0a 126759i bk11: 0a 126759i bk12: 0a 126759i bk13: 0a 126759i bk14: 0a 126759i bk15: 0a 126759i 

------------------------------------------------------------------------

Row_Buffer_Locality = 0.979167
Row_Buffer_Locality_read = 0.979167
Row_Buffer_Locality_write = -nan
Bank_Level_Parallism = 1.012950
Bank_Level_Parallism_Col = 1.011887
Bank_Level_Parallism_Ready = 1.000000
write_to_read_ratio_blp_rw_average = 0.000000
GrpLevelPara = 1.011887 

BW Util details:
bwutil = 0.004165 
total_CMD = 126759 
util_bw = 528 
Wasted_Col = 155 
Wasted_Row = 12 
Idle = 126064 

BW Util Bottlenecks: 
RCDc_limit = 130 
RCDWRc_limit = 0 
WTRc_limit = 0 
RTWc_limit = 0 
CCDLc_limit = 32 
rwq = 0 
CCDLc_limit_alone = 32 
WTRc_limit_alone = 0 
RTWc_limit_alone = 0 

Commands details: 
total_CMD = 126759 
n_nop = 126219 
Read = 528 
Write = 0 
L2_Alloc = 0 
L2_WB = 0 
n_act = 11 
n_pre = 1 
n_ref = 0 
n_req = 528 
total_req = 528 

Dual Bus Interface Util: 
issued_total_row = 12 
issued_total_col = 528 
Row_Bus_Util =  0.000095 
CoL_Bus_Util = 0.004165 
Either_Row_CoL_Bus_Util = 0.004260 
Issued_on_Two_Bus_Simul_Util = 0.000000 
issued_two_Eff = 0.000000 
queue_avg = 0.001404 


dram_util_bins: 0 0 0 0 0 0 0 0 0 0
dram_eff_bins: 0 0 0 0 0 0 0 0 0 0
mrqq: max=3 avg=0.00140424
Memory Partition 29: 
Cache L2_bank_058:
MSHR contents

Cache L2_bank_059:
MSHR contents

In Dram Latency Queue (total = 0): 
DRAM[29]: 16 bks, busW=16 BL=2 CL=12, tRRD=3 tCCD=1, tRCD=12 tRAS=28 tRP=12 tRC=40
n_cmd=126759 n_nop=126219 n_act=11 n_pre=1 n_ref_event=0 n_req=528 n_rd=528 n_rd_L2_A=0 n_write=0 n_wr_bk=0 bw_util=0.004165
n_activity=5208 dram_eff=0.1014
bk0: 64a 126714i bk1: 64a 126743i bk2: 64a 126747i bk3: 64a 126746i bk4: 64a 126745i bk5: 64a 126744i bk6: 64a 126745i bk7: 64a 126747i bk8: 8a 126746i bk9: 8a 126746i bk10: 0a 126759i bk11: 0a 126759i bk12: 0a 126759i bk13: 0a 126759i bk14: 0a 126759i bk15: 0a 126759i 

------------------------------------------------------------------------

Row_Buffer_Locality = 0.979167
Row_Buffer_Locality_read = 0.979167
Row_Buffer_Locality_write = -nan
Bank_Level_Parallism = 1.020558
Bank_Level_Parallism_Col = 1.019727
Bank_Level_Parallism_Ready = 1.001894
write_to_read_ratio_blp_rw_average = 0.000000
GrpLevelPara = 1.019727 

BW Util details:
bwutil = 0.004165 
total_CMD = 126759 
util_bw = 528 
Wasted_Col = 141 
Wasted_Row = 12 
Idle = 126078 

BW Util Bottlenecks: 
RCDc_limit = 128 
RCDWRc_limit = 0 
WTRc_limit = 0 
RTWc_limit = 0 
CCDLc_limit = 22 
rwq = 0 
CCDLc_limit_alone = 22 
WTRc_limit_alone = 0 
RTWc_limit_alone = 0 

Commands details: 
total_CMD = 126759 
n_nop = 126219 
Read = 528 
Write = 0 
L2_Alloc = 0 
L2_WB = 0 
n_act = 11 
n_pre = 1 
n_ref = 0 
n_req = 528 
total_req = 528 

Dual Bus Interface Util: 
issued_total_row = 12 
issued_total_col = 528 
Row_Bus_Util =  0.000095 
CoL_Bus_Util = 0.004165 
Either_Row_CoL_Bus_Util = 0.004260 
Issued_on_Two_Bus_Simul_Util = 0.000000 
issued_two_Eff = 0.000000 
queue_avg = 0.001120 


dram_util_bins: 0 0 0 0 0 0 0 0 0 0
dram_eff_bins: 0 0 0 0 0 0 0 0 0 0
mrqq: max=3 avg=0.00112024
Memory Partition 30: 
Cache L2_bank_060:
MSHR contents

Cache L2_bank_061:
MSHR contents

In Dram Latency Queue (total = 0): 
DRAM[30]: 16 bks, busW=16 BL=2 CL=12, tRRD=3 tCCD=1, tRCD=12 tRAS=28 tRP=12 tRC=40
n_cmd=126759 n_nop=126219 n_act=11 n_pre=1 n_ref_event=0 n_req=528 n_rd=528 n_rd_L2_A=0 n_write=0 n_wr_bk=0 bw_util=0.004165
n_activity=5390 dram_eff=0.09796
bk0: 64a 126714i bk1: 64a 126740i bk2: 64a 126747i bk3: 64a 126746i bk4: 64a 126746i bk5: 64a 126746i bk6: 64a 126740i bk7: 64a 126742i bk8: 8a 126747i bk9: 8a 126747i bk10: 0a 126759i bk11: 0a 126759i bk12: 0a 126759i bk13: 0a 126759i bk14: 0a 126759i bk15: 0a 126759i 

------------------------------------------------------------------------

Row_Buffer_Locality = 0.979167
Row_Buffer_Locality_read = 0.979167
Row_Buffer_Locality_write = -nan
Bank_Level_Parallism = 1.014430
Bank_Level_Parallism_Col = 1.013413
Bank_Level_Parallism_Ready = 1.000000
write_to_read_ratio_blp_rw_average = 0.000000
GrpLevelPara = 1.013413 

BW Util details:
bwutil = 0.004165 
total_CMD = 126759 
util_bw = 528 
Wasted_Col = 153 
Wasted_Row = 12 
Idle = 126066 

BW Util Bottlenecks: 
RCDc_limit = 129 
RCDWRc_limit = 0 
WTRc_limit = 0 
RTWc_limit = 0 
CCDLc_limit = 31 
rwq = 0 
CCDLc_limit_alone = 31 
WTRc_limit_alone = 0 
RTWc_limit_alone = 0 

Commands details: 
total_CMD = 126759 
n_nop = 126219 
Read = 528 
Write = 0 
L2_Alloc = 0 
L2_WB = 0 
n_act = 11 
n_pre = 1 
n_ref = 0 
n_req = 528 
total_req = 528 

Dual Bus Interface Util: 
issued_total_row = 12 
issued_total_col = 528 
Row_Bus_Util =  0.000095 
CoL_Bus_Util = 0.004165 
Either_Row_CoL_Bus_Util = 0.004260 
Issued_on_Two_Bus_Simul_Util = 0.000000 
issued_two_Eff = 0.000000 
queue_avg = 0.000955 


dram_util_bins: 0 0 0 0 0 0 0 0 0 0
dram_eff_bins: 0 0 0 0 0 0 0 0 0 0
mrqq: max=3 avg=0.000954567
Memory Partition 31: 
Cache L2_bank_062:
MSHR contents

Cache L2_bank_063:
MSHR contents

In Dram Latency Queue (total = 0): 
DRAM[31]: 16 bks, busW=16 BL=2 CL=12, tRRD=3 tCCD=1, tRCD=12 tRAS=28 tRP=12 tRC=40
n_cmd=126759 n_nop=126219 n_act=11 n_pre=1 n_ref_event=0 n_req=528 n_rd=528 n_rd_L2_A=0 n_write=0 n_wr_bk=0 bw_util=0.004165
n_activity=4931 dram_eff=0.1071
bk0: 64a 126709i bk1: 64a 126742i bk2: 64a 126744i bk3: 64a 126741i bk4: 64a 126746i bk5: 64a 126746i bk6: 64a 126747i bk7: 64a 126747i bk8: 8a 126747i bk9: 8a 126746i bk10: 0a 126759i bk11: 0a 126759i bk12: 0a 126759i bk13: 0a 126759i bk14: 0a 126759i bk15: 0a 126759i 

------------------------------------------------------------------------

Row_Buffer_Locality = 0.979167
Row_Buffer_Locality_read = 0.979167
Row_Buffer_Locality_write = -nan
Bank_Level_Parallism = 1.049254
Bank_Level_Parallism_Col = 1.046154
Bank_Level_Parallism_Ready = 1.003788
write_to_read_ratio_blp_rw_average = 0.000000
GrpLevelPara = 1.046154 

BW Util details:
bwutil = 0.004165 
total_CMD = 126759 
util_bw = 528 
Wasted_Col = 130 
Wasted_Row = 12 
Idle = 126089 

BW Util Bottlenecks: 
RCDc_limit = 126 
RCDWRc_limit = 0 
WTRc_limit = 0 
RTWc_limit = 0 
CCDLc_limit = 27 
rwq = 0 
CCDLc_limit_alone = 27 
WTRc_limit_alone = 0 
RTWc_limit_alone = 0 

Commands details: 
total_CMD = 126759 
n_nop = 126219 
Read = 528 
Write = 0 
L2_Alloc = 0 
L2_WB = 0 
n_act = 11 
n_pre = 1 
n_ref = 0 
n_req = 528 
total_req = 528 

Dual Bus Interface Util: 
issued_total_row = 12 
issued_total_col = 528 
Row_Bus_Util =  0.000095 
CoL_Bus_Util = 0.004165 
Either_Row_CoL_Bus_Util = 0.004260 
Issued_on_Two_Bus_Simul_Util = 0.000000 
issued_two_Eff = 0.000000 
queue_avg = 0.000868 


dram_util_bins: 0 0 0 0 0 0 0 0 0 0
dram_eff_bins: 0 0 0 0 0 0 0 0 0 0
mrqq: max=3 avg=0.000867789

========= L2 cache stats =========
L2_cache_bank[0]: Access = 512, Miss = 264, Miss_rate = 0.516, Pending_hits = 0, Reservation_fails = 0
L2_cache_bank[1]: Access = 536, Miss = 272, Miss_rate = 0.507, Pending_hits = 0, Reservation_fails = 0
L2_cache_bank[2]: Access = 512, Miss = 264, Miss_rate = 0.516, Pending_hits = 0, Reservation_fails = 0
L2_cache_bank[3]: Access = 536, Miss = 272, Miss_rate = 0.507, Pending_hits = 0, Reservation_fails = 0
L2_cache_bank[4]: Access = 512, Miss = 264, Miss_rate = 0.516, Pending_hits = 0, Reservation_fails = 0
L2_cache_bank[5]: Access = 536, Miss = 272, Miss_rate = 0.507, Pending_hits = 0, Reservation_fails = 0
L2_cache_bank[6]: Access = 512, Miss = 264, Miss_rate = 0.516, Pending_hits = 0, Reservation_fails = 0
L2_cache_bank[7]: Access = 536, Miss = 272, Miss_rate = 0.507, Pending_hits = 0, Reservation_fails = 0
L2_cache_bank[8]: Access = 512, Miss = 264, Miss_rate = 0.516, Pending_hits = 0, Reservation_fails = 0
L2_cache_bank[9]: Access = 528, Miss = 264, Miss_rate = 0.500, Pending_hits = 0, Reservation_fails = 0
L2_cache_bank[10]: Access = 512, Miss = 264, Miss_rate = 0.516, Pending_hits = 0, Reservation_fails = 0
L2_cache_bank[11]: Access = 528, Miss = 264, Miss_rate = 0.500, Pending_hits = 0, Reservation_fails = 0
L2_cache_bank[12]: Access = 512, Miss = 264, Miss_rate = 0.516, Pending_hits = 0, Reservation_fails = 0
L2_cache_bank[13]: Access = 536, Miss = 272, Miss_rate = 0.507, Pending_hits = 0, Reservation_fails = 0
L2_cache_bank[14]: Access = 512, Miss = 264, Miss_rate = 0.516, Pending_hits = 0, Reservation_fails = 0
L2_cache_bank[15]: Access = 532, Miss = 268, Miss_rate = 0.504, Pending_hits = 0, Reservation_fails = 0
L2_cache_bank[16]: Access = 512, Miss = 264, Miss_rate = 0.516, Pending_hits = 0, Reservation_fails = 0
L2_cache_bank[17]: Access = 536, Miss = 272, Miss_rate = 0.507, Pending_hits = 0, Reservation_fails = 0
L2_cache_bank[18]: Access = 512, Miss = 264, Miss_rate = 0.516, Pending_hits = 0, Reservation_fails = 0
L2_cache_bank[19]: Access = 536, Miss = 272, Miss_rate = 0.507, Pending_hits = 0, Reservation_fails = 0
L2_cache_bank[20]: Access = 512, Miss = 264, Miss_rate = 0.516, Pending_hits = 0, Reservation_fails = 0
L2_cache_bank[21]: Access = 536, Miss = 272, Miss_rate = 0.507, Pending_hits = 0, Reservation_fails = 0
L2_cache_bank[22]: Access = 512, Miss = 264, Miss_rate = 0.516, Pending_hits = 0, Reservation_fails = 0
L2_cache_bank[23]: Access = 536, Miss = 272, Miss_rate = 0.507, Pending_hits = 0, Reservation_fails = 0
L2_cache_bank[24]: Access = 512, Miss = 264, Miss_rate = 0.516, Pending_hits = 0, Reservation_fails = 0
L2_cache_bank[25]: Access = 536, Miss = 272, Miss_rate = 0.507, Pending_hits = 0, Reservation_fails = 0
L2_cache_bank[26]: Access = 512, Miss = 264, Miss_rate = 0.516, Pending_hits = 0, Reservation_fails = 0
L2_cache_bank[27]: Access = 536, Miss = 272, Miss_rate = 0.507, Pending_hits = 0, Reservation_fails = 0
L2_cache_bank[28]: Access = 512, Miss = 264, Miss_rate = 0.516, Pending_hits = 0, Reservation_fails = 0
L2_cache_bank[29]: Access = 536, Miss = 272, Miss_rate = 0.507, Pending_hits = 0, Reservation_fails = 0
L2_cache_bank[30]: Access = 512, Miss = 264, Miss_rate = 0.516, Pending_hits = 0, Reservation_fails = 0
L2_cache_bank[31]: Access = 536, Miss = 272, Miss_rate = 0.507, Pending_hits = 0, Reservation_fails = 0
L2_cache_bank[32]: Access = 520, Miss = 264, Miss_rate = 0.508, Pending_hits = 0, Reservation_fails = 0
L2_cache_bank[33]: Access = 528, Miss = 264, Miss_rate = 0.500, Pending_hits = 0, Reservation_fails = 0
L2_cache_bank[34]: Access = 520, Miss = 264, Miss_rate = 0.508, Pending_hits = 0, Reservation_fails = 0
L2_cache_bank[35]: Access = 528, Miss = 264, Miss_rate = 0.500, Pending_hits = 0, Reservation_fails = 0
L2_cache_bank[36]: Access = 520, Miss = 264, Miss_rate = 0.508, Pending_hits = 0, Reservation_fails = 0
L2_cache_bank[37]: Access = 528, Miss = 264, Miss_rate = 0.500, Pending_hits = 0, Reservation_fails = 0
L2_cache_bank[38]: Access = 520, Miss = 264, Miss_rate = 0.508, Pending_hits = 0, Reservation_fails = 0
L2_cache_bank[39]: Access = 528, Miss = 264, Miss_rate = 0.500, Pending_hits = 0, Reservation_fails = 0
L2_cache_bank[40]: Access = 520, Miss = 264, Miss_rate = 0.508, Pending_hits = 0, Reservation_fails = 0
L2_cache_bank[41]: Access = 528, Miss = 264, Miss_rate = 0.500, Pending_hits = 0, Reservation_fails = 0
L2_cache_bank[42]: Access = 520, Miss = 264, Miss_rate = 0.508, Pending_hits = 0, Reservation_fails = 0
L2_cache_bank[43]: Access = 536, Miss = 272, Miss_rate = 0.507, Pending_hits = 0, Reservation_fails = 0
L2_cache_bank[44]: Access = 520, Miss = 264, Miss_rate = 0.508, Pending_hits = 0, Reservation_fails = 0
L2_cache_bank[45]: Access = 528, Miss = 264, Miss_rate = 0.500, Pending_hits = 0, Reservation_fails = 0
L2_cache_bank[46]: Access = 520, Miss = 264, Miss_rate = 0.508, Pending_hits = 0, Reservation_fails = 0
L2_cache_bank[47]: Access = 528, Miss = 264, Miss_rate = 0.500, Pending_hits = 0, Reservation_fails = 0
L2_cache_bank[48]: Access = 520, Miss = 264, Miss_rate = 0.508, Pending_hits = 0, Reservation_fails = 0
L2_cache_bank[49]: Access = 536, Miss = 272, Miss_rate = 0.507, Pending_hits = 0, Reservation_fails = 0
L2_cache_bank[50]: Access = 520, Miss = 264, Miss_rate = 0.508, Pending_hits = 0, Reservation_fails = 0
L2_cache_bank[51]: Access = 536, Miss = 272, Miss_rate = 0.507, Pending_hits = 0, Reservation_fails = 0
L2_cache_bank[52]: Access = 520, Miss = 264, Miss_rate = 0.508, Pending_hits = 0, Reservation_fails = 0
L2_cache_bank[53]: Access = 536, Miss = 272, Miss_rate = 0.507, Pending_hits = 0, Reservation_fails = 0
L2_cache_bank[54]: Access = 520, Miss = 264, Miss_rate = 0.508, Pending_hits = 0, Reservation_fails = 0
L2_cache_bank[55]: Access = 536, Miss = 272, Miss_rate = 0.507, Pending_hits = 0, Reservation_fails = 0
L2_cache_bank[56]: Access = 516, Miss = 264, Miss_rate = 0.512, Pending_hits = 0, Reservation_fails = 0
L2_cache_bank[57]: Access = 536, Miss = 272, Miss_rate = 0.507, Pending_hits = 0, Reservation_fails = 0
L2_cache_bank[58]: Access = 520, Miss = 264, Miss_rate = 0.508, Pending_hits = 0, Reservation_fails = 0
L2_cache_bank[59]: Access = 536, Miss = 272, Miss_rate = 0.507, Pending_hits = 0, Reservation_fails = 0
L2_cache_bank[60]: Access = 520, Miss = 264, Miss_rate = 0.508, Pending_hits = 0, Reservation_fails = 0
L2_cache_bank[61]: Access = 536, Miss = 272, Miss_rate = 0.507, Pending_hits = 0, Reservation_fails = 0
L2_cache_bank[62]: Access = 520, Miss = 264, Miss_rate = 0.508, Pending_hits = 0, Reservation_fails = 0
L2_cache_bank[63]: Access = 536, Miss = 272, Miss_rate = 0.507, Pending_hits = 0, Reservation_fails = 0
L2_total_cache_accesses = 33584
L2_total_cache_misses = 17076
L2_total_cache_miss_rate = 0.5085
L2_total_cache_pending_hits = 0
L2_total_cache_reservation_fails = 0
L2_total_cache_breakdown:
	L2_cache_stats_breakdown[GLOBAL_ACC_R][HIT] = 16508
	L2_cache_stats_breakdown[GLOBAL_ACC_R][HIT_RESERVED] = 0
	L2_cache_stats_breakdown[GLOBAL_ACC_R][MISS] = 4128
	L2_cache_stats_breakdown[GLOBAL_ACC_R][RESERVATION_FAIL] = 0
	L2_cache_stats_breakdown[GLOBAL_ACC_R][SECTOR_MISS] = 12384
	L2_cache_stats_breakdown[GLOBAL_ACC_R][MSHR_HIT] = 0
	L2_cache_stats_breakdown[LOCAL_ACC_R][HIT] = 0
	L2_cache_stats_breakdown[LOCAL_ACC_R][HIT_RESERVED] = 0
	L2_cache_stats_breakdown[LOCAL_ACC_R][MISS] = 0
	L2_cache_stats_breakdown[LOCAL_ACC_R][RESERVATION_FAIL] = 0
	L2_cache_stats_breakdown[LOCAL_ACC_R][SECTOR_MISS] = 0
	L2_cache_stats_breakdown[LOCAL_ACC_R][MSHR_HIT] = 0
	L2_cache_stats_breakdown[CONST_ACC_R][HIT] = 0
	L2_cache_stats_breakdown[CONST_ACC_R][HIT_RESERVED] = 0
	L2_cache_stats_breakdown[CONST_ACC_R][MISS] = 0
	L2_cache_stats_breakdown[CONST_ACC_R][RESERVATION_FAIL] = 0
	L2_cache_stats_breakdown[CONST_ACC_R][SECTOR_MISS] = 0
	L2_cache_stats_breakdown[CONST_ACC_R][MSHR_HIT] = 0
	L2_cache_stats_breakdown[TEXTURE_ACC_R][HIT] = 0
	L2_cache_stats_breakdown[TEXTURE_ACC_R][HIT_RESERVED] = 0
	L2_cache_stats_breakdown[TEXTURE_ACC_R][MISS] = 0
	L2_cache_stats_breakdown[TEXTURE_ACC_R][RESERVATION_FAIL] = 0
	L2_cache_stats_breakdown[TEXTURE_ACC_R][SECTOR_MISS] = 0
	L2_cache_stats_breakdown[TEXTURE_ACC_R][MSHR_HIT] = 0
	L2_cache_stats_breakdown[GLOBAL_ACC_W][HIT] = 0
	L2_cache_stats_breakdown[GLOBAL_ACC_W][HIT_RESERVED] = 0
	L2_cache_stats_breakdown[GLOBAL_ACC_W][MISS] = 96
	L2_cache_stats_breakdown[GLOBAL_ACC_W][RESERVATION_FAIL] = 0
	L2_cache_stats_breakdown[GLOBAL_ACC_W][SECTOR_MISS] = 288
	L2_cache_stats_breakdown[GLOBAL_ACC_W][MSHR_HIT] = 0
	L2_cache_stats_breakdown[LOCAL_ACC_W][HIT] = 0
	L2_cache_stats_breakdown[LOCAL_ACC_W][HIT_RESERVED] = 0
	L2_cache_stats_breakdown[LOCAL_ACC_W][MISS] = 0
	L2_cache_stats_breakdown[LOCAL_ACC_W][RESERVATION_FAIL] = 0
	L2_cache_stats_breakdown[LOCAL_ACC_W][SECTOR_MISS] = 0
	L2_cache_stats_breakdown[LOCAL_ACC_W][MSHR_HIT] = 0
	L2_cache_stats_breakdown[L1_WRBK_ACC][HIT] = 0
	L2_cache_stats_breakdown[L1_WRBK_ACC][HIT_RESERVED] = 0
	L2_cache_stats_breakdown[L1_WRBK_ACC][MISS] = 0
	L2_cache_stats_breakdown[L1_WRBK_ACC][RESERVATION_FAIL] = 0
	L2_cache_stats_breakdown[L1_WRBK_ACC][SECTOR_MISS] = 0
	L2_cache_stats_breakdown[L1_WRBK_ACC][MSHR_HIT] = 0
	L2_cache_stats_breakdown[L2_WRBK_ACC][HIT] = 0
	L2_cache_stats_breakdown[L2_WRBK_ACC][HIT_RESERVED] = 0
	L2_cache_stats_breakdown[L2_WRBK_ACC][MISS] = 0
	L2_cache_stats_breakdown[L2_WRBK_ACC][RESERVATION_FAIL] = 0
	L2_cache_stats_breakdown[L2_WRBK_ACC][SECTOR_MISS] = 0
	L2_cache_stats_breakdown[L2_WRBK_ACC][MSHR_HIT] = 0
	L2_cache_stats_breakdown[INST_ACC_R][HIT] = 0
	L2_cache_stats_breakdown[INST_ACC_R][HIT_RESERVED] = 0
	L2_cache_stats_breakdown[INST_ACC_R][MISS] = 45
	L2_cache_stats_breakdown[INST_ACC_R][RESERVATION_FAIL] = 0
	L2_cache_stats_breakdown[INST_ACC_R][SECTOR_MISS] = 135
	L2_cache_stats_breakdown[INST_ACC_R][MSHR_HIT] = 0
	L2_cache_stats_breakdown[L1_WR_ALLOC_R][HIT] = 0
	L2_cache_stats_breakdown[L1_WR_ALLOC_R][HIT_RESERVED] = 0
	L2_cache_stats_breakdown[L1_WR_ALLOC_R][MISS] = 0
	L2_cache_stats_breakdown[L1_WR_ALLOC_R][RESERVATION_FAIL] = 0
	L2_cache_stats_breakdown[L1_WR_ALLOC_R][SECTOR_MISS] = 0
	L2_cache_stats_breakdown[L1_WR_ALLOC_R][MSHR_HIT] = 0
	L2_cache_stats_breakdown[L2_WR_ALLOC_R][HIT] = 0
	L2_cache_stats_breakdown[L2_WR_ALLOC_R][HIT_RESERVED] = 0
	L2_cache_stats_breakdown[L2_WR_ALLOC_R][MISS] = 0
	L2_cache_stats_breakdown[L2_WR_ALLOC_R][RESERVATION_FAIL] = 0
	L2_cache_stats_breakdown[L2_WR_ALLOC_R][SECTOR_MISS] = 0
	L2_cache_stats_breakdown[L2_WR_ALLOC_R][MSHR_HIT] = 0
	L2_cache_stats_breakdown[GLOBAL_ACC_R][TOTAL_ACCESS] = 33020
	L2_cache_stats_breakdown[GLOBAL_ACC_W][TOTAL_ACCESS] = 384
	L2_cache_stats_breakdown[INST_ACC_R][TOTAL_ACCESS] = 180
L2_total_cache_reservation_fail_breakdown:
L2_cache_data_port_util = 0.002
L2_cache_fill_port_util = 0.002

icnt_total_pkts_mem_to_simt=33584
icnt_total_pkts_simt_to_mem=33449
LD_mem_lat_dist  0 0 0 0 0 0 0 0 0 0 0 0 0 0 0 0 0 0 0 0 0 0 0 0 0 0 0
ST_mem_lat_dist  0 0 0 0 0 0 0 0 0 0 0 0 0 0 0 0 0 0 0 0 0 0 0 0 0 0 0
----------------------------Interconnect-DETAILS--------------------------------
Req_Network_injected_packets_num = 33449
Req_Network_cycles = 168814
Req_Network_injected_packets_per_cycle =       0.1981 
Req_Network_conflicts_per_cycle =       0.0000
Req_Network_conflicts_per_cycle_util =       0.0000
Req_Bank_Level_Parallism =       1.0000
Req_Network_in_buffer_full_per_cycle =       0.0000
Req_Network_in_buffer_avg_util =       0.0001
Req_Network_out_buffer_full_per_cycle =       0.0000
Req_Network_out_buffer_avg_util =       0.0031

Reply_Network_injected_packets_num = 33584
Reply_Network_cycles = 168814
Reply_Network_injected_packets_per_cycle =        0.1989
Reply_Network_conflicts_per_cycle =        0.3462
Reply_Network_conflicts_per_cycle_util =       1.7401
Reply_Bank_Level_Parallism =       1.0000
Reply_Network_in_buffer_full_per_cycle =       0.0000
Reply_Network_in_buffer_avg_util =       0.0075
Reply_Network_out_buffer_full_per_cycle =       0.0000
Reply_Network_out_buffer_avg_util =       0.0025
----------------------------END-of-Interconnect-DETAILS-------------------------


gpgpu_simulation_time = 0 days, 0 hrs, 0 min, 27 sec (27 sec)
gpgpu_simulation_rate = 343040 (inst/sec)
gpgpu_simulation_rate = 6252 (cycle/sec)
gpgpu_silicon_slowdown = 181062x
GPGPU-Sim: *** simulation thread exiting ***
GPGPU-Sim: *** exit detected ***
