Accel-Sim [build accelsim-commit-97935eb_modified_6.0_26-04-08-13-15-17]

        *** GPGPU-Sim Simulator Version 4.2.0  [build gpgpu-sim_git-commit-97935eb_modified_6.0.] ***


GPGPU-Sim: Configuration options:

-save_embedded_ptx                      0 # saves ptx files embedded in binary as <n>.ptx
-keep                                   0 # keep intermediate files created by GPGPU-Sim when interfacing with external programs
-gpgpu_ptx_save_converted_ptxplus                    0 # Saved converted ptxplus to a file
-gpgpu_occupancy_sm_number                   70 # The SM number to pass to ptxas when getting register usage for computing GPU occupancy. This parameter is required in the config.
-ptx_opcode_latency_int      4,13,4,5,145,21 # Opcode latencies for integers <ADD,MAX,MUL,MAD,DIV,SHFL>Default 1,1,19,25,145,32
-ptx_opcode_latency_fp          4,13,4,5,39 # Opcode latencies for single precision floating points <ADD,MAX,MUL,MAD,DIV>Default 1,1,1,1,30
-ptx_opcode_latency_dp         8,19,8,8,330 # Opcode latencies for double precision floating points <ADD,MAX,MUL,MAD,DIV>Default 8,8,8,8,335
-ptx_opcode_latency_sfu                  100 # Opcode latencies for SFU instructionsDefault 8
-ptx_opcode_latency_tesnor                   64 # Opcode latencies for Tensor instructionsDefault 64
-ptx_opcode_initiation_int          2,2,2,2,8,4 # Opcode initiation intervals for integers <ADD,MAX,MUL,MAD,DIV,SHFL>Default 1,1,4,4,32,4
-ptx_opcode_initiation_fp            2,2,2,2,4 # Opcode initiation intervals for single precision floating points <ADD,MAX,MUL,MAD,DIV>Default 1,1,1,1,5
-ptx_opcode_initiation_dp          4,4,4,4,130 # Opcode initiation intervals for double precision floating points <ADD,MAX,MUL,MAD,DIV>Default 8,8,8,8,130
-ptx_opcode_initiation_sfu                    8 # Opcode initiation intervals for sfu instructionsDefault 8
-ptx_opcode_initiation_tensor                   64 # Opcode initiation intervals for tensor instructionsDefault 64
-cdp_latency         7200,8000,100,12000,1600 # CDP API latency <cudaStreamCreateWithFlags, cudaGetParameterBufferV2_init_perWarp, cudaGetParameterBufferV2_perKernel, cudaLaunchDeviceV2_init_perWarp, cudaLaunchDevicV2_perKernel>Default 7200,8000,100,12000,1600
-network_mode                           2 # Interconnection network mode
-inter_config_file                   mesh # Interconnection network config file
-icnt_in_buffer_limit                  512 # in_buffer_limit
-icnt_out_buffer_limit                  512 # out_buffer_limit
-icnt_subnets                           2 # subnets
-icnt_arbiter_algo                      1 # arbiter_algo
-icnt_verbose                           0 # inct_verbose
-icnt_grant_cycles                      1 # grant_cycles
-gpgpu_ptx_use_cuobjdump                    1 # Use cuobjdump to extract ptx and sass from binaries
-gpgpu_experimental_lib_support                    0 # Try to extract code from cuda libraries [Broken because of unknown cudaGetExportTable]
-checkpoint_option                      0 #  checkpointing flag (0 = no checkpoint)
-checkpoint_kernel                      1 #  checkpointing during execution of which kernel (1- 1st kernel)
-checkpoint_CTA                         0 #  checkpointing after # of CTA (< less than total CTA)
-resume_option                          0 #  resume flag (0 = no resume)
-resume_kernel                          0 #  Resume from which kernel (1= 1st kernel)
-resume_CTA                             0 #  resume from which CTA 
-checkpoint_CTA_t                       0 #  resume from which CTA 
-checkpoint_insn_Y                      0 #  resume from which CTA 
-gpgpu_ptx_convert_to_ptxplus                    0 # Convert SASS (native ISA) to ptxplus and run ptxplus
-gpgpu_ptx_force_max_capability                   70 # Force maximum compute capability
-gpgpu_ptx_inst_debug_to_file                    0 # Dump executed instructions' debug information to file
-gpgpu_ptx_inst_debug_file       inst_debug.txt # Executed instructions' debug output file
-gpgpu_ptx_inst_debug_thread_uid                    1 # Thread UID for executed instructions' debug output
-gpgpu_simd_model                       1 # 1 = post-dominator
-gpgpu_shader_core_pipeline              2048:32 # shader core pipeline config, i.e., {<nthread>:<warpsize>}
-gpgpu_tex_cache:l1  N:4:128:256,L:R:m:N:L,T:512:8,128:2 # per-shader L1 texture cache  (READ-ONLY) config  {<nsets>:<bsize>:<assoc>,<rep>:<wr>:<alloc>:<wr_alloc>,<mshr>:<N>:<merge>,<mq>:<rf>}
-gpgpu_const_cache:l1 N:128:64:8,L:R:f:N:L,S:2:64,4 # per-shader L1 constant memory cache  (READ-ONLY) config  {<nsets>:<bsize>:<assoc>,<rep>:<wr>:<alloc>:<wr_alloc>,<mshr>:<N>:<merge>,<mq>} 
-gpgpu_cache:il1     N:64:128:16,L:R:f:N:L,S:2:48,4 # shader L1 instruction cache config  {<sector?>:<nsets>:<bsize>:<assoc>,<rep>:<wr>:<alloc>:<wr_alloc>:<set_index_fn>,<mshr>:<N>:<merge>,<mq>} 
-gpgpu_cache:dl1     S:4:128:64,L:T:m:L:L,A:512:8,16:0,32 # per-shader L1 data cache config  {<sector?>:<nsets>:<bsize>:<assoc>,<rep>:<wr>:<alloc>:<wr_alloc>:<set_index_fn>,<mshr>:<N>:<merge>,<mq>:<fifo_entry>,<data_port_width> | none}
-gpgpu_l1_cache_write_ratio                   25 # L1D write ratio
-gpgpu_l1_banks                         4 # The number of L1 cache banks
-gpgpu_l1_banks_byte_interleaving                   32 # l1 banks byte interleaving granularity
-gpgpu_l1_banks_hashing_function                    0 # l1 banks hashing function
-gpgpu_l1_latency                      20 # L1 Hit Latency
-gpgpu_smem_latency                    20 # smem Latency
-gpgpu_cache:dl1PrefL1                 none # per-shader L1 data cache config  {<sector?>:<nsets>:<bsize>:<assoc>,<rep>:<wr>:<alloc>:<wr_alloc>:<set_index_fn>,<mshr>:<N>:<merge>,<mq>:<fifo_entry>,<data_port_width> | none}
-gpgpu_cache:dl1PrefShared                 none # per-shader L1 data cache config  {<sector?>:<nsets>:<bsize>:<assoc>,<rep>:<wr>:<alloc>:<wr_alloc>:<set_index_fn>,<mshr>:<N>:<merge>,<mq>:<fifo_entry>,<data_port_width> | none}
-gpgpu_gmem_skip_L1D                    0 # global memory access skip L1D cache (implements -Xptxas -dlcm=cg, default=no skip)
-gpgpu_perfect_mem                      0 # enable perfect memory mode (no cache miss)
-n_regfile_gating_group                    4 # group of lanes that should be read/written together)
-gpgpu_clock_gated_reg_file                    0 # enable clock gated reg file for power calculations
-gpgpu_clock_gated_lanes                    1 # enable clock gated lanes for power calculations
-gpgpu_shader_registers                65536 # Number of registers per shader core. Limits number of concurrent CTAs. (default 8192)
-gpgpu_registers_per_block                65536 # Maximum number of registers per CTA. (default 8192)
-gpgpu_ignore_resources_limitation                    0 # gpgpu_ignore_resources_limitation (default 0)
-gpgpu_shader_cta                      32 # Maximum number of concurrent CTAs in shader (default 32)
-gpgpu_num_cta_barriers                   16 # Maximum number of named barriers per CTA (default 16)
-gpgpu_n_clusters                      80 # number of processing clusters
-gpgpu_n_cores_per_cluster                    1 # number of simd cores per cluster
-gpgpu_n_cluster_ejection_buffer_size                   32 # number of packets in ejection buffer
-gpgpu_n_ldst_response_buffer_size                    2 # number of response packets in ld/st unit ejection buffer
-gpgpu_shmem_per_block                65536 # Size of shared memory per thread block or CTA (default 48kB)
-gpgpu_shmem_size                   98304 # Size of shared memory per shader core (default 16kB)
-gpgpu_shmem_option       0,8,16,32,64,96 # Option list of shared memory sizes
-gpgpu_unified_l1d_size                  128 # Size of unified data cache(L1D + shared memory) in KB
-gpgpu_adaptive_cache_config                    1 # adaptive_cache_config
-gpgpu_shmem_sizeDefault                98304 # Size of shared memory per shader core (default 16kB)
-gpgpu_shmem_size_PrefL1                16384 # Size of shared memory per shader core (default 16kB)
-gpgpu_shmem_size_PrefShared                16384 # Size of shared memory per shader core (default 16kB)
-gpgpu_shmem_num_banks                   32 # Number of banks in the shared memory in each shader core (default 16)
-gpgpu_shmem_limited_broadcast                    0 # Limit shared memory to do one broadcast per cycle (default on)
-gpgpu_shmem_warp_parts                    1 # Number of portions a warp is divided into for shared memory bank conflict check 
-gpgpu_mem_unit_ports                    1 # The number of memory transactions allowed per core cycle
-gpgpu_shmem_warp_parts                    1 # Number of portions a warp is divided into for shared memory bank conflict check 
-gpgpu_warpdistro_shader                   -1 # Specify which shader core to collect the warp size distribution from
-gpgpu_warp_issue_shader                    0 # Specify which shader core to collect the warp issue distribution from
-gpgpu_local_mem_map                    1 # Mapping from local memory space address to simulated GPU physical address space (default = enabled)
-gpgpu_num_reg_banks                   16 # Number of register banks (default = 8)
-gpgpu_reg_bank_use_warp_id                    0 # Use warp ID in mapping registers to banks (default = off)
-gpgpu_sub_core_model                    1 # Sub Core Volta/Pascal model (default = off)
-gpgpu_enable_specialized_operand_collector                    0 # enable_specialized_operand_collector
-gpgpu_operand_collector_num_units_sp                    4 # number of collector units (default = 4)
-gpgpu_operand_collector_num_units_dp                    0 # number of collector units (default = 0)
-gpgpu_operand_collector_num_units_sfu                    4 # number of collector units (default = 4)
-gpgpu_operand_collector_num_units_int                    0 # number of collector units (default = 0)
-gpgpu_operand_collector_num_units_tensor_core                    4 # number of collector units (default = 4)
-gpgpu_operand_collector_num_units_mem                    2 # number of collector units (default = 2)
-gpgpu_operand_collector_num_units_gen                    8 # number of collector units (default = 0)
-gpgpu_operand_collector_num_in_ports_sp                    1 # number of collector unit in ports (default = 1)
-gpgpu_operand_collector_num_in_ports_dp                    0 # number of collector unit in ports (default = 0)
-gpgpu_operand_collector_num_in_ports_sfu                    1 # number of collector unit in ports (default = 1)
-gpgpu_operand_collector_num_in_ports_int                    0 # number of collector unit in ports (default = 0)
-gpgpu_operand_collector_num_in_ports_tensor_core                    1 # number of collector unit in ports (default = 1)
-gpgpu_operand_collector_num_in_ports_mem                    1 # number of collector unit in ports (default = 1)
-gpgpu_operand_collector_num_in_ports_gen                    8 # number of collector unit in ports (default = 0)
-gpgpu_operand_collector_num_out_ports_sp                    1 # number of collector unit in ports (default = 1)
-gpgpu_operand_collector_num_out_ports_dp                    0 # number of collector unit in ports (default = 0)
-gpgpu_operand_collector_num_out_ports_sfu                    1 # number of collector unit in ports (default = 1)
-gpgpu_operand_collector_num_out_ports_int                    0 # number of collector unit in ports (default = 0)
-gpgpu_operand_collector_num_out_ports_tensor_core                    1 # number of collector unit in ports (default = 1)
-gpgpu_operand_collector_num_out_ports_mem                    1 # number of collector unit in ports (default = 1)
-gpgpu_operand_collector_num_out_ports_gen                    8 # number of collector unit in ports (default = 0)
-gpgpu_coalesce_arch                   70 # Coalescing arch (GT200 = 13, Fermi = 20)
-gpgpu_num_sched_per_core                    4 # Number of warp schedulers per core
-gpgpu_max_insn_issue_per_warp                    1 # Max number of instructions that can be issued per warp in one cycle by scheduler (either 1 or 2)
-gpgpu_dual_issue_diff_exec_units                    1 # should dual issue use two different execution unit resources (Default = 1)
-gpgpu_simt_core_sim_order                    1 # Select the simulation order of cores in a cluster (0=Fix, 1=Round-Robin)
-gpgpu_pipeline_widths 4,4,4,4,4,4,4,4,4,4,8,4,4 # Pipeline widths ID_OC_SP,ID_OC_DP,ID_OC_INT,ID_OC_SFU,ID_OC_MEM,OC_EX_SP,OC_EX_DP,OC_EX_INT,OC_EX_SFU,OC_EX_MEM,EX_WB,ID_OC_TENSOR_CORE,OC_EX_TENSOR_CORE
-gpgpu_tensor_core_avail                    1 # Tensor Core Available (default=0)
-gpgpu_num_sp_units                     4 # Number of SP units (default=1)
-gpgpu_num_dp_units                     4 # Number of DP units (default=0)
-gpgpu_num_int_units                    4 # Number of INT units (default=0)
-gpgpu_num_sfu_units                    4 # Number of SF units (default=1)
-gpgpu_num_tensor_core_units                    4 # Number of tensor_core units (default=1)
-gpgpu_num_mem_units                    1 # Number if ldst units (default=1) WARNING: not hooked up to anything
-gpgpu_scheduler                      lrr # Scheduler configuration: < lrr | gto | two_level_active > If two_level_active:<num_active_warps>:<inner_prioritization>:<outer_prioritization>For complete list of prioritization values see shader.h enum scheduler_prioritization_typeDefault: gto
-gpgpu_concurrent_kernel_sm                    0 # Support concurrent kernels on a SM (default = disabled)
-gpgpu_perfect_inst_const_cache                    0 # perfect inst and const cache mode, so all inst and const hits in the cache(default = disabled)
-gpgpu_inst_fetch_throughput                    4 # the number of fetched intruction per warp each cycle
-gpgpu_reg_file_port_throughput                    2 # the number ports of the register file
-specialized_unit_1         1,4,4,4,4,BRA # specialized unit config {<enabled>,<num_units>:<latency>:<initiation>,<ID_OC_SPEC>:<OC_EX_SPEC>,<NAME>}
-specialized_unit_2       1,4,200,4,4,TEX # specialized unit config {<enabled>,<num_units>:<latency>:<initiation>,<ID_OC_SPEC>:<OC_EX_SPEC>,<NAME>}
-specialized_unit_3      1,4,8,4,4,TENSOR # specialized unit config {<enabled>,<num_units>:<latency>:<initiation>,<ID_OC_SPEC>:<OC_EX_SPEC>,<NAME>}
-specialized_unit_4         0,4,4,4,4,BRA # specialized unit config {<enabled>,<num_units>:<latency>:<initiation>,<ID_OC_SPEC>:<OC_EX_SPEC>,<NAME>}
-specialized_unit_5         0,4,4,4,4,BRA # specialized unit config {<enabled>,<num_units>:<latency>:<initiation>,<ID_OC_SPEC>:<OC_EX_SPEC>,<NAME>}
-specialized_unit_6         0,4,4,4,4,BRA # specialized unit config {<enabled>,<num_units>:<latency>:<initiation>,<ID_OC_SPEC>:<OC_EX_SPEC>,<NAME>}
-specialized_unit_7         0,4,4,4,4,BRA # specialized unit config {<enabled>,<num_units>:<latency>:<initiation>,<ID_OC_SPEC>:<OC_EX_SPEC>,<NAME>}
-specialized_unit_8         0,4,4,4,4,BRA # specialized unit config {<enabled>,<num_units>:<latency>:<initiation>,<ID_OC_SPEC>:<OC_EX_SPEC>,<NAME>}
-gpgpu_perf_sim_memcpy                    1 # Fill the L2 cache on memcpy
-gpgpu_simple_dram_model                    0 # simple_dram_model with fixed latency and BW
-gpgpu_dram_scheduler                    1 # 0 = fifo, 1 = FR-FCFS (defaul)
-gpgpu_dram_partition_queues          64:64:64:64 # i2$:$2d:d2$:$2i
-l2_ideal                               0 # Use a ideal L2 cache that always hit
-gpgpu_cache:dl2     S:32:128:24,L:B:m:L:P,A:192:4,32:0,32 # unified banked L2 data cache config  {<sector?>:<nsets>:<bsize>:<assoc>,<rep>:<wr>:<alloc>:<wr_alloc>:<set_index_fn>,<mshr>:<N>:<merge>,<mq>:<fifo_entry>,<data_port_width>
-gpgpu_cache:dl2_texture_only                    0 # L2 cache used for texture only
-gpgpu_n_mem                           32 # number of memory modules (e.g. memory controllers) in gpu
-gpgpu_n_sub_partition_per_mchannel                    2 # number of memory subpartition in each memory module
-gpgpu_n_mem_per_ctrlr                    1 # number of memory chips per memory controller
-gpgpu_memlatency_stat                   14 # track and display latency statistics 0x2 enables MC, 0x4 enables queue logs
-gpgpu_frfcfs_dram_sched_queue_size                   64 # 0 = unlimited (default); # entries per chip
-gpgpu_dram_return_queue_size                  192 # 0 = unlimited (default); # entries per chip
-gpgpu_dram_buswidth                   16 # default = 4 bytes (8 bytes per cycle at DDR)
-gpgpu_dram_burst_length                    2 # Burst length of each DRAM request (default = 4 data bus cycle)
-dram_data_command_freq_ratio                    2 # Frequency ratio between DRAM data bus and command bus (default = 2 times, i.e. DDR)
-gpgpu_dram_timing_opt nbk=16:CCD=1:RRD=3:RCD=12:RAS=28:RP=12:RC=40: CL=12:WL=2:CDLR=3:WR=10:nbkgrp=4:CCDL=2:RTPL=3 # DRAM timing parameters = {nbk:tCCD:tRRD:tRCD:tRAS:tRP:tRC:CL:WL:tCDLR:tWR:nbkgrp:tCCDL:tRTPL}
-gpgpu_l2_rop_latency                  160 # ROP queue latency (default 85)
-l2_instr_verif_lat                     0 # L2 instruction verification latency (default 0)
-dram_latency                         100 # DRAM latency (default 30)
-dram_instr_verif_lat                   20 # DRAM instruction verification latency (default 0)
-l2_data_verif_lat                      0 # L2 data verification latency (default 0)
-dram_data_verif_lat                   20 # DRAM data verification latency (default 0)
-dram_dual_bus_interface                    1 # dual_bus_interface (default = 0) 
-dram_bnk_indexing_policy                    0 # dram_bnk_indexing_policy (0 = normal indexing, 1 = Xoring with the higher bits) (Default = 0)
-dram_bnkgrp_indexing_policy                    1 # dram_bnkgrp_indexing_policy (0 = take higher bits, 1 = take lower bits) (Default = 0)
-dram_seperate_write_queue_enable                    0 # Seperate_Write_Queue_Enable
-dram_write_queue_size             32:28:16 # Write_Queue_Size
-dram_elimnate_rw_turnaround                    0 # elimnate_rw_turnaround i.e set tWTR and tRTW = 0
-icnt_flit_size                        40 # icnt_flit_size
-SST_mode                               0 # SST mode
-gpgpu_mem_addr_mapping dramid@8;00000000.00000000.00000000.00000000.0000RRRR.RRRRRRRR.RBBBCCCB.CCCSSSSS # mapping memory address to dram model {dramid@<start bit>;<memory address map>}
-gpgpu_mem_addr_test                    0 # run sweep test to check address mapping for aliased address
-gpgpu_mem_address_mask                    1 # 0 = old addressing mask, 1 = new addressing mask, 2 = new add. mask + flipped bank sel and chip sel bits
-gpgpu_memory_partition_indexing                    2 # 0 = no indexing, 1 = bitwise xoring, 2 = IPoly, 3 = custom indexing
-accelwattch_xml_file accelwattch_sass_sim.xml # AccelWattch XML file
-power_simulation_enabled                    0 # Turn on power simulator (1=On, 0=Off)
-power_per_cycle_dump                    0 # Dump detailed power output each cycle
-hw_perf_file_name            hw_perf.csv # Hardware Performance Statistics file
-hw_perf_bench_name                       # Kernel Name in Hardware Performance Statistics file
-power_simulation_mode                    0 # Switch performance counter input for power simulation (0=Sim, 1=HW, 2=HW-Sim Hybrid)
-dvfs_enabled                           0 # Turn on DVFS for power model
-aggregate_power_stats                    0 # Accumulate power across all kernels
-accelwattch_hybrid_perfsim_L1_RH                    0 # Get L1 Read Hits for Accelwattch-Hybrid from Accel-Sim
-accelwattch_hybrid_perfsim_L1_RM                    0 # Get L1 Read Misses for Accelwattch-Hybrid from Accel-Sim
-accelwattch_hybrid_perfsim_L1_WH                    0 # Get L1 Write Hits for Accelwattch-Hybrid from Accel-Sim
-accelwattch_hybrid_perfsim_L1_WM                    0 # Get L1 Write Misses for Accelwattch-Hybrid from Accel-Sim
-accelwattch_hybrid_perfsim_L2_RH                    0 # Get L2 Read Hits for Accelwattch-Hybrid from Accel-Sim
-accelwattch_hybrid_perfsim_L2_RM                    0 # Get L2 Read Misses for Accelwattch-Hybrid from Accel-Sim
-accelwattch_hybrid_perfsim_L2_WH                    0 # Get L2 Write Hits for Accelwattch-Hybrid from Accel-Sim
-accelwattch_hybrid_perfsim_L2_WM                    0 # Get L2 Write Misses for Accelwattch-Hybrid from Accel-Sim
-accelwattch_hybrid_perfsim_CC_ACC                    0 # Get Constant Cache Acesses for Accelwattch-Hybrid from Accel-Sim
-accelwattch_hybrid_perfsim_SHARED_ACC                    0 # Get Shared Memory Acesses for Accelwattch-Hybrid from Accel-Sim
-accelwattch_hybrid_perfsim_DRAM_RD                    0 # Get DRAM Reads for Accelwattch-Hybrid from Accel-Sim
-accelwattch_hybrid_perfsim_DRAM_WR                    0 # Get DRAM Writes for Accelwattch-Hybrid from Accel-Sim
-accelwattch_hybrid_perfsim_NOC                    0 # Get Interconnect Acesses for Accelwattch-Hybrid from Accel-Sim
-accelwattch_hybrid_perfsim_PIPE_DUTY                    0 # Get Pipeline Duty Cycle Acesses for Accelwattch-Hybrid from Accel-Sim
-accelwattch_hybrid_perfsim_NUM_SM_IDLE                    0 # Get Number of Idle SMs for Accelwattch-Hybrid from Accel-Sim
-accelwattch_hybrid_perfsim_CYCLES                    0 # Get Executed Cycles for Accelwattch-Hybrid from Accel-Sim
-accelwattch_hybrid_perfsim_VOLTAGE                    0 # Get Chip Voltage for Accelwattch-Hybrid from Accel-Sim
-power_trace_enabled                    0 # produce a file for the power trace (1=On, 0=Off)
-power_trace_zlevel                     6 # Compression level of the power trace output log (0=no comp, 9=highest)
-steady_power_levels_enabled                    0 # produce a file for the steady power levels (1=On, 0=Off)
-steady_state_definition                  8:4 # allowed deviation:number of samples
-gpgpu_max_cycle                        0 # terminates gpu simulation early (0 = no limit)
-gpgpu_max_insn                         0 # terminates gpu simulation early (0 = no limit)
-gpgpu_max_cta                          0 # terminates gpu simulation early (0 = no limit)
-gpgpu_max_completed_cta                    0 # terminates gpu simulation early (0 = no limit)
-gpgpu_runtime_stat                   500 # display runtime statistics such as dram utilization {<freq>:<flag>}
-liveness_message_freq                    1 # Minimum number of seconds between simulation liveness messages (0 = always print)
-gpgpu_compute_capability_major                    7 # Major compute capability version number
-gpgpu_compute_capability_minor                    0 # Minor compute capability version number
-gpgpu_flush_l1_cache                    1 # Flush L1 cache at the end of each kernel call
-gpgpu_flush_l2_cache                    0 # Flush L2 cache at the end of each kernel call
-gpgpu_deadlock_detect                    0 # Stop the simulation at deadlock (1=on (default), 0=off)
-gpgpu_ptx_instruction_classification                    0 # if enabled will classify ptx instruction types per kernel (Max 255 kernels now)
-gpgpu_ptx_sim_mode                     0 # Select between Performance (default) or Functional simulation (1)
-gpgpu_clock_domains 1132.0:1132.0:1132.0:850.0 # Clock Domain Frequencies in MhZ {<Core Clock>:<ICNT Clock>:<L2 Clock>:<DRAM Clock>}
-gpgpu_max_concurrent_kernel                  128 # maximum kernels that can run concurrently on GPU, set this value according to max resident grids for your compute capability
-gpgpu_cflog_interval                    0 # Interval between each snapshot in control flow logger
-visualizer_enabled                     0 # Turn on visualizer output (1=On, 0=Off)
-visualizer_outputfile                 NULL # Specifies the output log file for visualizer
-visualizer_zlevel                      6 # Compression level of the visualizer output log (0=no comp, 9=highest)
-gpgpu_stack_size_limit                 1024 # GPU thread stack size
-gpgpu_heap_size_limit              8388608 # GPU malloc heap size 
-gpgpu_runtime_sync_depth_limit                    2 # GPU device runtime synchronize depth
-gpgpu_runtime_pending_launch_count_limit                 2048 # GPU device runtime pending launch count
-trace_enabled                          0 # Turn on traces
-trace_components                    none # comma seperated list of traces to enable. Complete list found in trace_streams.tup. Default none
-trace_sampling_core                    0 # The core which is printed using CORE_DPRINTF. Default 0
-trace_sampling_memory_partition                   -1 # The memory partition which is printed using MEMPART_DPRINTF. Default -1 (i.e. all)
-enable_ptx_file_line_stats                    1 # Turn on PTX source line statistic profiling. (1 = On)
-ptx_line_stats_filename gpgpu_inst_stats.txt # Output file for PTX source line statistics.
-gpgpu_kernel_launch_latency                 5000 # Kernel launch latency in cycles. Default: 0
-gpgpu_cdp_enabled                      0 # Turn on CDP
-gpgpu_TB_launch_latency                    0 # thread block launch latency in cycles. Default: 0
-trace               /home/rudraroy/chiplease/hw_run/ubench/11.0/l1_bw_32f_unroll_large/NO_ARGS/traces/kernelslist.g # traces kernel filetraces kernel file directory
-trace_opcode_latency_initiation_int                  2,2 # Opcode latencies and initiation for integers in trace driven mode <latency,initiation>
-trace_opcode_latency_initiation_sp                  2,2 # Opcode latencies and initiation for sp in trace driven mode <latency,initiation>
-trace_opcode_latency_initiation_dp                  8,4 # Opcode latencies and initiation for dp in trace driven mode <latency,initiation>
-trace_opcode_latency_initiation_sfu                 20,8 # Opcode latencies and initiation for sfu in trace driven mode <latency,initiation>
-trace_opcode_latency_initiation_tensor                  2,2 # Opcode latencies and initiation for tensor in trace driven mode <latency,initiation>
-trace_opcode_latency_initiation_spec_op_1                  4,4 # specialized unit config <latency,initiation>
-trace_opcode_latency_initiation_spec_op_2                200,4 # specialized unit config <latency,initiation>
-trace_opcode_latency_initiation_spec_op_3                  2,2 # specialized unit config <latency,initiation>
-trace_opcode_latency_initiation_spec_op_4                  4,4 # specialized unit config <latency,initiation>
-trace_opcode_latency_initiation_spec_op_5                  4,4 # specialized unit config <latency,initiation>
-trace_opcode_latency_initiation_spec_op_6                  4,4 # specialized unit config <latency,initiation>
-trace_opcode_latency_initiation_spec_op_7                  4,4 # specialized unit config <latency,initiation>
-trace_opcode_latency_initiation_spec_op_8                  4,4 # specialized unit config <latency,initiation>
DRAM Timing Options:
nbk                                    16 # number of banks
CCD                                     1 # column to column delay
RRD                                     3 # minimal delay between activation of rows in different banks
RCD                                    12 # row to column delay
RAS                                    28 # time needed to activate row
RP                                     12 # time needed to precharge (deactivate) row
RC                                     40 # row cycle time
CDLR                                    3 # switching from write to read (changes tWTR)
WR                                     10 # last data-in to row precharge
CL                                     12 # CAS latency
WL                                      2 # Write latency
nbkgrp                                  4 # number of bank groups
CCDL                                    2 # column to column delay between accesses to different bank groups
RTPL                                    3 # read to precharge delay between accesses to different bank groups
Total number of memory sub partition = 64
addr_dec_mask[CHIP]  = 0000000000001f00 	high:13 low:8
addr_dec_mask[BK]    = 00000000000e2000 	high:20 low:13
addr_dec_mask[ROW]   = 00000001fff00000 	high:33 low:20
addr_dec_mask[COL]   = 000000000001c0ff 	high:17 low:0
addr_dec_mask[BURST] = 000000000000001f 	high:5 low:0
sub_partition_id_mask = 0000000000002000
GPGPU-Sim uArch: clock freqs: 1132000000.000000:1132000000.000000:1132000000.000000:850000000.000000
GPGPU-Sim uArch: clock periods: 0.00000000088339222615:0.00000000088339222615:0.00000000088339222615:0.00000000117647058824
*** Initializing Memory Statistics ***
GPGPU-Sim uArch: performance model initialization complete.
launching memcpy command : MemcpyHtoD,0x00007f51a5702000,528384
Processing kernel /home/rudraroy/chiplease/hw_run/ubench/11.0/l1_bw_32f_unroll_large/NO_ARGS/traces/kernel-1.traceg
-kernel name = _Z5l1_bwPjS_PfS0_
-kernel id = 1
-grid dim = (1,1,1)
-block dim = (1024,1,1)
-shmem = 0
-nregs = 31
-binary version = 70
-cuda stream id = 0
-shmem base_addr = 0x00007f51db000000
-local mem base_addr = 0x00007f51dd000000
-nvbit version = 1.4
-accelsim tracer version = 3
Header info loaded for kernel command : /home/rudraroy/chiplease/hw_run/ubench/11.0/l1_bw_32f_unroll_large/NO_ARGS/traces/kernel-1.traceg
launching kernel name: _Z5l1_bwPjS_PfS0_ uid: 1 cuda_stream_id: 0
GPGPU-Sim uArch: Shader 0 bind to kernel 1 '_Z5l1_bwPjS_PfS0_'
GPGPU-Sim uArch: CTA/core = 2, limited by: threads regs
GPGPU-Sim: Reconfigure L1 cache to 128KB
thread block = 0,0,0
Destroy streams for kernel 1: size 0
kernel_name = _Z5l1_bwPjS_PfS0_ 
kernel_launch_uid = 1 
kernel_stream_id = 0
gpu_sim_cycle = 169079
gpu_sim_insn = 9262080
gpu_ipc =      54.7796
gpu_tot_sim_cycle = 169079
gpu_tot_sim_insn = 9262080
gpu_tot_ipc =      54.7796
gpu_tot_issued_cta = 1
gpu_occupancy = 49.9872% 
gpu_tot_occupancy = 49.9872% 
max_total_param_size = 0
gpu_stall_dramfull = 0
gpu_stall_icnt2sh    = 0
partiton_level_parallism =       0.1978
partiton_level_parallism_total  =       0.1978
partiton_level_parallism_util =       1.0000
partiton_level_parallism_util_total  =       1.0000
L2_BW  =       7.1951 GB/Sec
L2_BW_total  =       7.1951 GB/Sec
gpu_total_sim_rate=463104

========= Core cache stats =========
L1I_cache:
	L1I_total_cache_accesses = 146440
	L1I_total_cache_misses = 1370
	L1I_total_cache_miss_rate = 0.0094
	L1I_total_cache_pending_hits = 0
	L1I_total_cache_reservation_fails = 0
L1D_cache:
	L1D_cache_core[0]: Access = 541184, Miss = 33404, Miss_rate = 0.062, Pending_hits = 14302, Reservation_fails = 26561
	L1D_cache_core[1]: Access = 0, Miss = 0, Miss_rate = -nan, Pending_hits = 0, Reservation_fails = 0
	L1D_cache_core[2]: Access = 0, Miss = 0, Miss_rate = -nan, Pending_hits = 0, Reservation_fails = 0
	L1D_cache_core[3]: Access = 0, Miss = 0, Miss_rate = -nan, Pending_hits = 0, Reservation_fails = 0
	L1D_cache_core[4]: Access = 0, Miss = 0, Miss_rate = -nan, Pending_hits = 0, Reservation_fails = 0
	L1D_cache_core[5]: Access = 0, Miss = 0, Miss_rate = -nan, Pending_hits = 0, Reservation_fails = 0
	L1D_cache_core[6]: Access = 0, Miss = 0, Miss_rate = -nan, Pending_hits = 0, Reservation_fails = 0
	L1D_cache_core[7]: Access = 0, Miss = 0, Miss_rate = -nan, Pending_hits = 0, Reservation_fails = 0
	L1D_cache_core[8]: Access = 0, Miss = 0, Miss_rate = -nan, Pending_hits = 0, Reservation_fails = 0
	L1D_cache_core[9]: Access = 0, Miss = 0, Miss_rate = -nan, Pending_hits = 0, Reservation_fails = 0
	L1D_cache_core[10]: Access = 0, Miss = 0, Miss_rate = -nan, Pending_hits = 0, Reservation_fails = 0
	L1D_cache_core[11]: Access = 0, Miss = 0, Miss_rate = -nan, Pending_hits = 0, Reservation_fails = 0
	L1D_cache_core[12]: Access = 0, Miss = 0, Miss_rate = -nan, Pending_hits = 0, Reservation_fails = 0
	L1D_cache_core[13]: Access = 0, Miss = 0, Miss_rate = -nan, Pending_hits = 0, Reservation_fails = 0
	L1D_cache_core[14]: Access = 0, Miss = 0, Miss_rate = -nan, Pending_hits = 0, Reservation_fails = 0
	L1D_cache_core[15]: Access = 0, Miss = 0, Miss_rate = -nan, Pending_hits = 0, Reservation_fails = 0
	L1D_cache_core[16]: Access = 0, Miss = 0, Miss_rate = -nan, Pending_hits = 0, Reservation_fails = 0
	L1D_cache_core[17]: Access = 0, Miss = 0, Miss_rate = -nan, Pending_hits = 0, Reservation_fails = 0
	L1D_cache_core[18]: Access = 0, Miss = 0, Miss_rate = -nan, Pending_hits = 0, Reservation_fails = 0
	L1D_cache_core[19]: Access = 0, Miss = 0, Miss_rate = -nan, Pending_hits = 0, Reservation_fails = 0
	L1D_cache_core[20]: Access = 0, Miss = 0, Miss_rate = -nan, Pending_hits = 0, Reservation_fails = 0
	L1D_cache_core[21]: Access = 0, Miss = 0, Miss_rate = -nan, Pending_hits = 0, Reservation_fails = 0
	L1D_cache_core[22]: Access = 0, Miss = 0, Miss_rate = -nan, Pending_hits = 0, Reservation_fails = 0
	L1D_cache_core[23]: Access = 0, Miss = 0, Miss_rate = -nan, Pending_hits = 0, Reservation_fails = 0
	L1D_cache_core[24]: Access = 0, Miss = 0, Miss_rate = -nan, Pending_hits = 0, Reservation_fails = 0
	L1D_cache_core[25]: Access = 0, Miss = 0, Miss_rate = -nan, Pending_hits = 0, Reservation_fails = 0
	L1D_cache_core[26]: Access = 0, Miss = 0, Miss_rate = -nan, Pending_hits = 0, Reservation_fails = 0
	L1D_cache_core[27]: Access = 0, Miss = 0, Miss_rate = -nan, Pending_hits = 0, Reservation_fails = 0
	L1D_cache_core[28]: Access = 0, Miss = 0, Miss_rate = -nan, Pending_hits = 0, Reservation_fails = 0
	L1D_cache_core[29]: Access = 0, Miss = 0, Miss_rate = -nan, Pending_hits = 0, Reservation_fails = 0
	L1D_cache_core[30]: Access = 0, Miss = 0, Miss_rate = -nan, Pending_hits = 0, Reservation_fails = 0
	L1D_cache_core[31]: Access = 0, Miss = 0, Miss_rate = -nan, Pending_hits = 0, Reservation_fails = 0
	L1D_cache_core[32]: Access = 0, Miss = 0, Miss_rate = -nan, Pending_hits = 0, Reservation_fails = 0
	L1D_cache_core[33]: Access = 0, Miss = 0, Miss_rate = -nan, Pending_hits = 0, Reservation_fails = 0
	L1D_cache_core[34]: Access = 0, Miss = 0, Miss_rate = -nan, Pending_hits = 0, Reservation_fails = 0
	L1D_cache_core[35]: Access = 0, Miss = 0, Miss_rate = -nan, Pending_hits = 0, Reservation_fails = 0
	L1D_cache_core[36]: Access = 0, Miss = 0, Miss_rate = -nan, Pending_hits = 0, Reservation_fails = 0
	L1D_cache_core[37]: Access = 0, Miss = 0, Miss_rate = -nan, Pending_hits = 0, Reservation_fails = 0
	L1D_cache_core[38]: Access = 0, Miss = 0, Miss_rate = -nan, Pending_hits = 0, Reservation_fails = 0
	L1D_cache_core[39]: Access = 0, Miss = 0, Miss_rate = -nan, Pending_hits = 0, Reservation_fails = 0
	L1D_cache_core[40]: Access = 0, Miss = 0, Miss_rate = -nan, Pending_hits = 0, Reservation_fails = 0
	L1D_cache_core[41]: Access = 0, Miss = 0, Miss_rate = -nan, Pending_hits = 0, Reservation_fails = 0
	L1D_cache_core[42]: Access = 0, Miss = 0, Miss_rate = -nan, Pending_hits = 0, Reservation_fails = 0
	L1D_cache_core[43]: Access = 0, Miss = 0, Miss_rate = -nan, Pending_hits = 0, Reservation_fails = 0
	L1D_cache_core[44]: Access = 0, Miss = 0, Miss_rate = -nan, Pending_hits = 0, Reservation_fails = 0
	L1D_cache_core[45]: Access = 0, Miss = 0, Miss_rate = -nan, Pending_hits = 0, Reservation_fails = 0
	L1D_cache_core[46]: Access = 0, Miss = 0, Miss_rate = -nan, Pending_hits = 0, Reservation_fails = 0
	L1D_cache_core[47]: Access = 0, Miss = 0, Miss_rate = -nan, Pending_hits = 0, Reservation_fails = 0
	L1D_cache_core[48]: Access = 0, Miss = 0, Miss_rate = -nan, Pending_hits = 0, Reservation_fails = 0
	L1D_cache_core[49]: Access = 0, Miss = 0, Miss_rate = -nan, Pending_hits = 0, Reservation_fails = 0
	L1D_cache_core[50]: Access = 0, Miss = 0, Miss_rate = -nan, Pending_hits = 0, Reservation_fails = 0
	L1D_cache_core[51]: Access = 0, Miss = 0, Miss_rate = -nan, Pending_hits = 0, Reservation_fails = 0
	L1D_cache_core[52]: Access = 0, Miss = 0, Miss_rate = -nan, Pending_hits = 0, Reservation_fails = 0
	L1D_cache_core[53]: Access = 0, Miss = 0, Miss_rate = -nan, Pending_hits = 0, Reservation_fails = 0
	L1D_cache_core[54]: Access = 0, Miss = 0, Miss_rate = -nan, Pending_hits = 0, Reservation_fails = 0
	L1D_cache_core[55]: Access = 0, Miss = 0, Miss_rate = -nan, Pending_hits = 0, Reservation_fails = 0
	L1D_cache_core[56]: Access = 0, Miss = 0, Miss_rate = -nan, Pending_hits = 0, Reservation_fails = 0
	L1D_cache_core[57]: Access = 0, Miss = 0, Miss_rate = -nan, Pending_hits = 0, Reservation_fails = 0
	L1D_cache_core[58]: Access = 0, Miss = 0, Miss_rate = -nan, Pending_hits = 0, Reservation_fails = 0
	L1D_cache_core[59]: Access = 0, Miss = 0, Miss_rate = -nan, Pending_hits = 0, Reservation_fails = 0
	L1D_cache_core[60]: Access = 0, Miss = 0, Miss_rate = -nan, Pending_hits = 0, Reservation_fails = 0
	L1D_cache_core[61]: Access = 0, Miss = 0, Miss_rate = -nan, Pending_hits = 0, Reservation_fails = 0
	L1D_cache_core[62]: Access = 0, Miss = 0, Miss_rate = -nan, Pending_hits = 0, Reservation_fails = 0
	L1D_cache_core[63]: Access = 0, Miss = 0, Miss_rate = -nan, Pending_hits = 0, Reservation_fails = 0
	L1D_cache_core[64]: Access = 0, Miss = 0, Miss_rate = -nan, Pending_hits = 0, Reservation_fails = 0
	L1D_cache_core[65]: Access = 0, Miss = 0, Miss_rate = -nan, Pending_hits = 0, Reservation_fails = 0
	L1D_cache_core[66]: Access = 0, Miss = 0, Miss_rate = -nan, Pending_hits = 0, Reservation_fails = 0
	L1D_cache_core[67]: Access = 0, Miss = 0, Miss_rate = -nan, Pending_hits = 0, Reservation_fails = 0
	L1D_cache_core[68]: Access = 0, Miss = 0, Miss_rate = -nan, Pending_hits = 0, Reservation_fails = 0
	L1D_cache_core[69]: Access = 0, Miss = 0, Miss_rate = -nan, Pending_hits = 0, Reservation_fails = 0
	L1D_cache_core[70]: Access = 0, Miss = 0, Miss_rate = -nan, Pending_hits = 0, Reservation_fails = 0
	L1D_cache_core[71]: Access = 0, Miss = 0, Miss_rate = -nan, Pending_hits = 0, Reservation_fails = 0
	L1D_cache_core[72]: Access = 0, Miss = 0, Miss_rate = -nan, Pending_hits = 0, Reservation_fails = 0
	L1D_cache_core[73]: Access = 0, Miss = 0, Miss_rate = -nan, Pending_hits = 0, Reservation_fails = 0
	L1D_cache_core[74]: Access = 0, Miss = 0, Miss_rate = -nan, Pending_hits = 0, Reservation_fails = 0
	L1D_cache_core[75]: Access = 0, Miss = 0, Miss_rate = -nan, Pending_hits = 0, Reservation_fails = 0
	L1D_cache_core[76]: Access = 0, Miss = 0, Miss_rate = -nan, Pending_hits = 0, Reservation_fails = 0
	L1D_cache_core[77]: Access = 0, Miss = 0, Miss_rate = -nan, Pending_hits = 0, Reservation_fails = 0
	L1D_cache_core[78]: Access = 0, Miss = 0, Miss_rate = -nan, Pending_hits = 0, Reservation_fails = 0
	L1D_cache_core[79]: Access = 0, Miss = 0, Miss_rate = -nan, Pending_hits = 0, Reservation_fails = 0
	L1D_total_cache_accesses = 541184
	L1D_total_cache_misses = 33404
	L1D_total_cache_miss_rate = 0.0617
	L1D_total_cache_pending_hits = 14302
	L1D_total_cache_reservation_fails = 26561
	L1D_cache_data_port_util = 0.856
	L1D_cache_fill_port_util = 0.201
L1C_cache:
	L1C_total_cache_accesses = 0
	L1C_total_cache_misses = 0
	L1C_total_cache_pending_hits = 0
	L1C_total_cache_reservation_fails = 0
L1T_cache:
	L1T_total_cache_accesses = 0
	L1T_total_cache_misses = 0
	L1T_total_cache_pending_hits = 0
	L1T_total_cache_reservation_fails = 0

Total_core_cache_stats:
	Total_core_cache_stats_breakdown[GLOBAL_ACC_R][HIT] = 493478
	Total_core_cache_stats_breakdown[GLOBAL_ACC_R][HIT_RESERVED] = 14302
	Total_core_cache_stats_breakdown[GLOBAL_ACC_R][MISS] = 8255
	Total_core_cache_stats_breakdown[GLOBAL_ACC_R][RESERVATION_FAIL] = 26015
	Total_core_cache_stats_breakdown[GLOBAL_ACC_R][SECTOR_MISS] = 24765
	Total_core_cache_stats_breakdown[GLOBAL_ACC_R][MSHR_HIT] = 14302
	Total_core_cache_stats_breakdown[LOCAL_ACC_R][HIT] = 0
	Total_core_cache_stats_breakdown[LOCAL_ACC_R][HIT_RESERVED] = 0
	Total_core_cache_stats_breakdown[LOCAL_ACC_R][MISS] = 0
	Total_core_cache_stats_breakdown[LOCAL_ACC_R][RESERVATION_FAIL] = 0
	Total_core_cache_stats_breakdown[LOCAL_ACC_R][SECTOR_MISS] = 0
	Total_core_cache_stats_breakdown[LOCAL_ACC_R][MSHR_HIT] = 0
	Total_core_cache_stats_breakdown[CONST_ACC_R][HIT] = 0
	Total_core_cache_stats_breakdown[CONST_ACC_R][HIT_RESERVED] = 0
	Total_core_cache_stats_breakdown[CONST_ACC_R][MISS] = 0
	Total_core_cache_stats_breakdown[CONST_ACC_R][RESERVATION_FAIL] = 0
	Total_core_cache_stats_breakdown[CONST_ACC_R][SECTOR_MISS] = 0
	Total_core_cache_stats_breakdown[CONST_ACC_R][MSHR_HIT] = 0
	Total_core_cache_stats_breakdown[TEXTURE_ACC_R][HIT] = 0
	Total_core_cache_stats_breakdown[TEXTURE_ACC_R][HIT_RESERVED] = 0
	Total_core_cache_stats_breakdown[TEXTURE_ACC_R][MISS] = 0
	Total_core_cache_stats_breakdown[TEXTURE_ACC_R][RESERVATION_FAIL] = 0
	Total_core_cache_stats_breakdown[TEXTURE_ACC_R][SECTOR_MISS] = 0
	Total_core_cache_stats_breakdown[TEXTURE_ACC_R][MSHR_HIT] = 0
	Total_core_cache_stats_breakdown[GLOBAL_ACC_W][HIT] = 0
	Total_core_cache_stats_breakdown[GLOBAL_ACC_W][HIT_RESERVED] = 0
	Total_core_cache_stats_breakdown[GLOBAL_ACC_W][MISS] = 96
	Total_core_cache_stats_breakdown[GLOBAL_ACC_W][RESERVATION_FAIL] = 546
	Total_core_cache_stats_breakdown[GLOBAL_ACC_W][SECTOR_MISS] = 288
	Total_core_cache_stats_breakdown[GLOBAL_ACC_W][MSHR_HIT] = 0
	Total_core_cache_stats_breakdown[LOCAL_ACC_W][HIT] = 0
	Total_core_cache_stats_breakdown[LOCAL_ACC_W][HIT_RESERVED] = 0
	Total_core_cache_stats_breakdown[LOCAL_ACC_W][MISS] = 0
	Total_core_cache_stats_breakdown[LOCAL_ACC_W][RESERVATION_FAIL] = 0
	Total_core_cache_stats_breakdown[LOCAL_ACC_W][SECTOR_MISS] = 0
	Total_core_cache_stats_breakdown[LOCAL_ACC_W][MSHR_HIT] = 0
	Total_core_cache_stats_breakdown[L1_WRBK_ACC][HIT] = 0
	Total_core_cache_stats_breakdown[L1_WRBK_ACC][HIT_RESERVED] = 0
	Total_core_cache_stats_breakdown[L1_WRBK_ACC][MISS] = 0
	Total_core_cache_stats_breakdown[L1_WRBK_ACC][RESERVATION_FAIL] = 0
	Total_core_cache_stats_breakdown[L1_WRBK_ACC][SECTOR_MISS] = 0
	Total_core_cache_stats_breakdown[L1_WRBK_ACC][MSHR_HIT] = 0
	Total_core_cache_stats_breakdown[L2_WRBK_ACC][HIT] = 0
	Total_core_cache_stats_breakdown[L2_WRBK_ACC][HIT_RESERVED] = 0
	Total_core_cache_stats_breakdown[L2_WRBK_ACC][MISS] = 0
	Total_core_cache_stats_breakdown[L2_WRBK_ACC][RESERVATION_FAIL] = 0
	Total_core_cache_stats_breakdown[L2_WRBK_ACC][SECTOR_MISS] = 0
	Total_core_cache_stats_breakdown[L2_WRBK_ACC][MSHR_HIT] = 0
	Total_core_cache_stats_breakdown[INST_ACC_R][HIT] = 145070
	Total_core_cache_stats_breakdown[INST_ACC_R][HIT_RESERVED] = 0
	Total_core_cache_stats_breakdown[INST_ACC_R][MISS] = 1370
	Total_core_cache_stats_breakdown[INST_ACC_R][RESERVATION_FAIL] = 0
	Total_core_cache_stats_breakdown[INST_ACC_R][SECTOR_MISS] = 0
	Total_core_cache_stats_breakdown[INST_ACC_R][MSHR_HIT] = 1325
	Total_core_cache_stats_breakdown[L1_WR_ALLOC_R][HIT] = 0
	Total_core_cache_stats_breakdown[L1_WR_ALLOC_R][HIT_RESERVED] = 0
	Total_core_cache_stats_breakdown[L1_WR_ALLOC_R][MISS] = 0
	Total_core_cache_stats_breakdown[L1_WR_ALLOC_R][RESERVATION_FAIL] = 0
	Total_core_cache_stats_breakdown[L1_WR_ALLOC_R][SECTOR_MISS] = 0
	Total_core_cache_stats_breakdown[L1_WR_ALLOC_R][MSHR_HIT] = 0
	Total_core_cache_stats_breakdown[L2_WR_ALLOC_R][HIT] = 0
	Total_core_cache_stats_breakdown[L2_WR_ALLOC_R][HIT_RESERVED] = 0
	Total_core_cache_stats_breakdown[L2_WR_ALLOC_R][MISS] = 0
	Total_core_cache_stats_breakdown[L2_WR_ALLOC_R][RESERVATION_FAIL] = 0
	Total_core_cache_stats_breakdown[L2_WR_ALLOC_R][SECTOR_MISS] = 0
	Total_core_cache_stats_breakdown[L2_WR_ALLOC_R][MSHR_HIT] = 0
	Total_core_cache_stats_breakdown[GLOBAL_ACC_R][TOTAL_ACCESS] = 540800
	Total_core_cache_stats_breakdown[GLOBAL_ACC_W][TOTAL_ACCESS] = 384
	Total_core_cache_stats_breakdown[INST_ACC_R][TOTAL_ACCESS] = 146440

Total_core_cache_fail_stats:
	Total_core_cache_fail_stats_breakdown[GLOBAL_ACC_R][MISS_QUEUE_FULL] = 9181
	Total_core_cache_fail_stats_breakdown[GLOBAL_ACC_R][MSHR_ENRTY_FAIL] = 16834
	Total_core_cache_fail_stats_breakdown[GLOBAL_ACC_W][MISS_QUEUE_FULL] = 546
ctas_completed 1, Shader 0 warp_id issue ditsribution:
warp_id:
0, 1, 2, 3, 4, 5, 6, 7, 8, 9, 10, 11, 12, 13, 14, 15, 16, 17, 18, 19, 20, 21, 22, 23, 24, 25, 26, 27, 28, 29, 30, 31, 
distro:
9052, 9052, 9052, 9052, 9052, 9052, 9052, 9052, 9052, 9052, 9052, 9052, 9052, 9052, 9052, 9052, 9052, 9052, 9052, 9052, 9052, 9052, 9052, 9052, 9052, 9052, 9052, 9052, 9052, 9052, 9052, 9052, 
gpgpu_n_tot_thrd_icount = 9262080
gpgpu_n_tot_w_icount = 289664
gpgpu_n_stall_shd_mem = 12022
gpgpu_n_mem_read_local = 0
gpgpu_n_mem_write_local = 0
gpgpu_n_mem_read_global = 33020
gpgpu_n_mem_write_global = 384
gpgpu_n_mem_texture = 0
gpgpu_n_mem_const = 0
gpgpu_n_load_insn  = 4326400
gpgpu_n_store_insn = 3072
gpgpu_n_shmem_insn = 0
gpgpu_n_sstarr_insn = 0
gpgpu_n_tex_insn = 0
gpgpu_n_const_mem_insn = 0
gpgpu_n_param_mem_insn = 0
gpgpu_n_shmem_bkconflict = 0
gpgpu_n_l1cache_bkconflict = 12022
gpgpu_n_intrawarp_mshr_merge = 0
gpgpu_n_cmem_portconflict = 0
gpgpu_stall_shd_mem[c_mem][resource_stall] = 0
gpgpu_stall_shd_mem[s_mem][bk_conf] = 0
gpgpu_stall_shd_mem[gl_mem][resource_stall] = 12022
gpgpu_stall_shd_mem[gl_mem][coal_stall] = 0
gpgpu_stall_shd_mem[gl_mem][data_port_stall] = 0
gpu_reg_bank_conflict_stalls = 0
Warp Occupancy Distribution:
Stall:312447	W0_Idle:50527	W0_Scoreboard:3898	W1:0	W2:0	W3:0	W4:0	W5:0	W6:0	W7:0	W8:0	W9:0	W10:0	W11:0	W12:0	W13:0	W14:0	W15:0	W16:0	W17:0	W18:0	W19:0	W20:0	W21:0	W22:0	W23:0	W24:0	W25:0	W26:0	W27:0	W28:0	W29:0	W30:0	W31:0	W32:289440
single_issue_nums: WS0:72416	WS1:72416	WS2:72416	WS3:72416	
dual_issue_nums: WS0:0	WS1:0	WS2:0	WS3:0	
traffic_breakdown_coretomem[GLOBAL_ACC_R] = 264160 {8:33020,}
traffic_breakdown_coretomem[GLOBAL_ACC_W] = 15360 {40:384,}
traffic_breakdown_coretomem[INST_ACC_R] = 360 {8:45,}
traffic_breakdown_memtocore[GLOBAL_ACC_R] = 1320800 {40:33020,}
traffic_breakdown_memtocore[GLOBAL_ACC_W] = 3072 {8:384,}
traffic_breakdown_memtocore[INST_ACC_R] = 7200 {40:180,}
maxmflatency = 596 
max_icnt2mem_latency = 154 
maxmrqlatency = 36 
max_icnt2sh_latency = 195 
averagemflatency = 278 
avg_icnt2mem_latency = 41 
avg_mrq_latency = 1 
avg_icnt2sh_latency = 4 
mrq_lat_table:13972 	2421 	86 	53 	88 	72 	0 	0 	0 	0 	0 	0 	0 	0 	0 	0 	0 	0 	0 	0 	0 	0 	0 	0 	0 	0 	0 	0 	0 	0 	0 	0 	
dq_lat_table:0 	0 	0 	0 	0 	0 	0 	0 	0 	0 	0 	0 	0 	0 	0 	0 	0 	0 	0 	0 	0 	0 	0 	0 	0 	0 	0 	0 	0 	0 	0 	0 	
mf_lat_table:0 	0 	0 	0 	0 	0 	0 	16792 	16608 	4 	0 	0 	0 	0 	0 	0 	0 	0 	0 	0 	0 	0 	0 	0 	0 	0 	0 	0 	0 	0 	0 	0 	
icnt2mem_lat_table:0 	45 	0 	0 	19102 	8067 	6016 	219 	0 	0 	0 	0 	0 	0 	0 	0 	0 	0 	0 	0 	0 	0 	0 	0 	
icnt2sh_lat_table:0 	24590 	4991 	2502 	921 	344 	52 	4 	0 	0 	0 	0 	0 	0 	0 	0 	0 	0 	0 	0 	0 	0 	0 	0 	
mf_lat_pw_table:0 	0 	0 	0 	0 	0 	0 	275 	39 	0 	0 	0 	0 	0 	0 	0 	0 	0 	0 	0 	0 	0 	0 	0 	0 	0 	0 	0 	0 	0 	0 	0 	
maximum concurrent accesses to same row:
dram[0]:        56         0         0         0         0         0         0         0         0         0         0         0         0         0         0         0 
dram[1]:        56         0         0         0         0         0         0         0         0         0         0         0         0         0         0         0 
dram[2]:        56         0         0         0         0         0         0         0         0         0         0         0         0         0         0         0 
dram[3]:        56         0         0         0         0         0         0         0         0         0         0         0         0         0         0         0 
dram[4]:         0         0         0         0         0         0         0         0         0         0         0         0         0         0         0         0 
dram[5]:         0         0         0         0         0         0         0         0         0         0         0         0         0         0         0         0 
dram[6]:        56         0         0         0         0         0         0         0         0         0         0         0         0         0         0         0 
dram[7]:        56         0         0         0         0         0         0         0         0         0         0         0         0         0         0         0 
dram[8]:        16         0         0         0         0         0         0         0         0         0         0         0         0         0         0         0 
dram[9]:         8         0         0         0         0         0         0         0         0         0         0         0         0         0         0         0 
dram[10]:        32         0         0         0         0         0         0         0         0         0         0         0         0         0         0         0 
dram[11]:        24         0         0         0         0         0         0         0         0         0         0         0         0         0         0         0 
dram[12]:         8         0         0         0         0         0         0         0         0         0         0         0         0         0         0         0 
dram[13]:         8         0         0         0         0         0         0         0         0         0         0         0         0         0         0         0 
dram[14]:         8         0         0         0         0         0         0         0         0         0         0         0         0         0         0         0 
dram[15]:         8         0         0         0         0         0         0         0         0         0         0         0         0         0         0         0 
dram[16]:         0         0         0         0         0         0         0         0         0         0         0         0         0         0         0         0 
dram[17]:         0         0         0         0         0         0         0         0         0         0         0         0         0         0         0         0 
dram[18]:         0         0         0         0         0         0         0         0         0         0         0         0         0         0         0         0 
dram[19]:         0         0         0         0         0         0         0         0         0         0         0         0         0         0         0         0 
dram[20]:         0         0         0         0         0         0         0         0         0         0         0         0         0         0         0         0 
dram[21]:        56         0         0         0         0         0         0         0         0         0         0         0         0         0         0         0 
dram[22]:         0         0         0         0         0         0         0         0         0         0         0         0         0         0         0         0 
dram[23]:         0         0         0         0         0         0         0         0         0         0         0         0         0         0         0         0 
dram[24]:        56         0         0         0         0         0         0         0         0         0         0         0         0         0         0         0 
dram[25]:        56         0         0         0         0         0         0         0         0         0         0         0         0         0         0         0 
dram[26]:        56         0         0         0         0         0         0         0         0         0         0         0         0         0         0         0 
dram[27]:        56         0         0         0         0         0         0         0         0         0         0         0         0         0         0         0 
dram[28]:        56         0         0         0         0         0         0         0         0         0         0         0         0         0         0         0 
dram[29]:        56         0         0         0         0         0         0         0         0         0         0         0         0         0         0         0 
dram[30]:        56         0         0         0         0         0         0         0         0         0         0         0         0         0         0         0 
dram[31]:        56         0         0         0         0         0         0         0         0         0         0         0         0         0         0         0 
maximum service time to same row:
dram[0]:     21019      7148     14024     14036     16766     17934     21656     22659     25753         0         0         0         0         0         0         0 
dram[1]:     20007      7140     13796     13872     18094     18340     22121     23113     26678         0         0         0         0         0         0         0 
dram[2]:     22865      7172     13708     13787     18191     18877     22896     23195     25905         0         0         0         0         0         0         0 
dram[3]:     21798      7164     13718     13791     17694     18640     21880     22815     26455         0         0         0         0         0         0         0 
dram[4]:      8329      7156     13716     13718     17479     18488     22587     22980     26215         0         0         0         0         0         0         0 
dram[5]:      8332      7157     14269     14290     17007     18176     21487     22583     25758         0         0         0         0         0         0         0 
dram[6]:     18417      7144     13944     14036     16913     18022     22216     23115     26006         0         0         0         0         0         0         0 
dram[7]:     18041      7152     13948     14024     16853     17943     21486     22667     26915         0         0         0         0         0         0         0 
dram[8]:      8400      7161     13884     13948     18110     18733     21900     22884     26774         0         0         0         0         0         0         0 
dram[9]:      8296      7168     14194     14262     16922     18252     21414     22502     25456         0         0         0         0         0         0         0 
dram[10]:     13505      7169     14201     14265     18003     18958     21331     22498     26456         0         0         0         0         0         0         0 
dram[11]:      8332      7160     14037     14107     17471     18553     20944     22049     26838         0         0         0         0         0         0         0 
dram[12]:      6045      7168     14189     14265     17313     18339     20953     21893     25533         0         0         0         0         0         0         0 
dram[13]:      5288      7172     13710     13786     17618     18721     22201     22371     26212         0         0         0         0         0         0         0 
dram[14]:      7481      7164     14040     14124     18717     18950     22651     22980     25292         0         0         0         0         0         0         0 
dram[15]:      6781      7168     14029     14039     17167     18492     22206     22747     25741         0         0         0         0         0         0         0 
dram[16]:      8689      8252     14032     14494     16703     16770     21648     21655     25748     25759         0         0         0         0         0         0 
dram[17]:      8718      8236     13864     14455     18014     18247     22060     22125     26613     26681         0         0         0         0         0         0 
dram[18]:      8685      8321     13711     14397     18188     18254     22895     22964     25903     25915         0         0         0         0         0         0 
dram[19]:      8716      8216     13783     14385     17637     17702     21817     21884     26443     26453         0         0         0         0         0         0 
dram[20]:      8693      8220     13707     14384     17476     17543     22579     22647     26210     26218         0         0         0         0         0         0 
dram[21]:     30047      8224     14270     14451     17012     17011     21425     21494     25755     25822         0         0         0         0         0         0 
dram[22]:      8705      8212     13949     14650     16854     16915     22210     22282     25994     26063         0         0         0         0         0         0 
dram[23]:      8697      8241     13952     14555     16846     16911     21483     21493     26918     26922         0         0         0         0         0         0 
dram[24]:     27493      8240     13944     14554     18106     18172     21896     21967     26768     26825         0         0         0         0         0         0 
dram[25]:     26704      8252     14201     14647     16922     16930     21351     21422     25451     25455         0         0         0         0         0         0 
dram[26]:     29236      8228     14201     14867     17942     18013     21270     21338     26452     26520         0         0         0         0         0         0 
dram[27]:     28410      8249     14103     14787     17468     17475     20884     20949     26833     26838         0         0         0         0         0         0 
dram[28]:     24133      8248     14197     14450     17316     17317     20944     20957     25530     25538         0         0         0         0         0         0 
dram[29]:     23303      8317     13711     14390     17553     17625     22118     22292     26147     26208         0         0         0         0         0         0 
dram[30]:     25853      8232     14104     14491     18633     18729     22651     22663     25236     25296         0         0         0         0         0         0 
dram[31]:     24996      8240     14033     14554     17164     17231     22204     22213     25685     25752         0         0         0         0         0         0 
average row accesses per activate:
dram[0]: 32.000000 64.000000 64.000000 64.000000 64.000000 64.000000 64.000000 64.000000  8.000000      -nan      -nan      -nan      -nan      -nan      -nan      -nan 
dram[1]: 32.000000 64.000000 64.000000 64.000000 64.000000 64.000000 64.000000 64.000000  8.000000      -nan      -nan      -nan      -nan      -nan      -nan      -nan 
dram[2]: 32.000000 64.000000 64.000000 64.000000 64.000000 64.000000 64.000000 64.000000  8.000000      -nan      -nan      -nan      -nan      -nan      -nan      -nan 
dram[3]: 32.000000 64.000000 64.000000 64.000000 64.000000 64.000000 64.000000 64.000000  8.000000      -nan      -nan      -nan      -nan      -nan      -nan      -nan 
dram[4]: 56.000000 64.000000 64.000000 64.000000 64.000000 64.000000 64.000000 64.000000  8.000000      -nan      -nan      -nan      -nan      -nan      -nan      -nan 
dram[5]: 56.000000 64.000000 64.000000 64.000000 64.000000 64.000000 64.000000 64.000000  8.000000      -nan      -nan      -nan      -nan      -nan      -nan      -nan 
dram[6]: 32.000000 64.000000 64.000000 64.000000 64.000000 64.000000 64.000000 64.000000  8.000000      -nan      -nan      -nan      -nan      -nan      -nan      -nan 
dram[7]: 30.000000 64.000000 64.000000 64.000000 64.000000 64.000000 64.000000 64.000000  8.000000      -nan      -nan      -nan      -nan      -nan      -nan      -nan 
dram[8]: 21.333334 64.000000 64.000000 64.000000 64.000000 64.000000 64.000000 64.000000  8.000000      -nan      -nan      -nan      -nan      -nan      -nan      -nan 
dram[9]: 16.000000 64.000000 64.000000 64.000000 64.000000 64.000000 64.000000 64.000000  8.000000      -nan      -nan      -nan      -nan      -nan      -nan      -nan 
dram[10]: 16.000000 64.000000 64.000000 64.000000 64.000000 64.000000 64.000000 64.000000  8.000000      -nan      -nan      -nan      -nan      -nan      -nan      -nan 
dram[11]: 12.800000 64.000000 64.000000 64.000000 64.000000 64.000000 64.000000 64.000000  8.000000      -nan      -nan      -nan      -nan      -nan      -nan      -nan 
dram[12]: 32.000000 64.000000 64.000000 64.000000 64.000000 64.000000 64.000000 64.000000  8.000000      -nan      -nan      -nan      -nan      -nan      -nan      -nan 
dram[13]: 32.000000 64.000000 64.000000 64.000000 64.000000 64.000000 64.000000 64.000000  8.000000      -nan      -nan      -nan      -nan      -nan      -nan      -nan 
dram[14]: 32.000000 64.000000 64.000000 64.000000 64.000000 64.000000 64.000000 64.000000  8.000000      -nan      -nan      -nan      -nan      -nan      -nan      -nan 
dram[15]: 32.000000 64.000000 64.000000 64.000000 64.000000 64.000000 64.000000 64.000000  8.000000      -nan      -nan      -nan      -nan      -nan      -nan      -nan 
dram[16]: 56.000000 64.000000 64.000000 64.000000 64.000000 64.000000 64.000000 64.000000  8.000000  8.000000      -nan      -nan      -nan      -nan      -nan      -nan 
dram[17]: 56.000000 64.000000 64.000000 64.000000 64.000000 64.000000 64.000000 64.000000  8.000000  8.000000      -nan      -nan      -nan      -nan      -nan      -nan 
dram[18]: 56.000000 64.000000 64.000000 64.000000 64.000000 64.000000 64.000000 64.000000  8.000000  8.000000      -nan      -nan      -nan      -nan      -nan      -nan 
dram[19]: 56.000000 64.000000 64.000000 64.000000 64.000000 64.000000 64.000000 64.000000  8.000000  8.000000      -nan      -nan      -nan      -nan      -nan      -nan 
dram[20]: 56.000000 64.000000 64.000000 64.000000 64.000000 64.000000 64.000000 64.000000  8.000000  8.000000      -nan      -nan      -nan      -nan      -nan      -nan 
dram[21]: 32.000000 64.000000 64.000000 64.000000 64.000000 64.000000 64.000000 64.000000  8.000000  8.000000      -nan      -nan      -nan      -nan      -nan      -nan 
dram[22]: 56.000000 64.000000 64.000000 64.000000 64.000000 64.000000 64.000000 64.000000  8.000000  8.000000      -nan      -nan      -nan      -nan      -nan      -nan 
dram[23]: 56.000000 64.000000 64.000000 64.000000 64.000000 64.000000 64.000000 64.000000  8.000000  8.000000      -nan      -nan      -nan      -nan      -nan      -nan 
dram[24]: 32.000000 64.000000 64.000000 64.000000 64.000000 64.000000 64.000000 64.000000  8.000000  8.000000      -nan      -nan      -nan      -nan      -nan      -nan 
dram[25]: 32.000000 64.000000 64.000000 64.000000 64.000000 64.000000 64.000000 64.000000  8.000000  8.000000      -nan      -nan      -nan      -nan      -nan      -nan 
dram[26]: 32.000000 64.000000 64.000000 64.000000 64.000000 64.000000 64.000000 64.000000  8.000000  8.000000      -nan      -nan      -nan      -nan      -nan      -nan 
dram[27]: 32.000000 64.000000 64.000000 64.000000 64.000000 64.000000 64.000000 64.000000  8.000000  8.000000      -nan      -nan      -nan      -nan      -nan      -nan 
dram[28]: 32.000000 64.000000 64.000000 64.000000 64.000000 64.000000 64.000000 64.000000  8.000000  8.000000      -nan      -nan      -nan      -nan      -nan      -nan 
dram[29]: 32.000000 64.000000 64.000000 64.000000 64.000000 64.000000 64.000000 64.000000  8.000000  8.000000      -nan      -nan      -nan      -nan      -nan      -nan 
dram[30]: 32.000000 64.000000 64.000000 64.000000 64.000000 64.000000 64.000000 64.000000  8.000000  8.000000      -nan      -nan      -nan      -nan      -nan      -nan 
dram[31]: 32.000000 64.000000 64.000000 64.000000 64.000000 64.000000 64.000000 64.000000  8.000000  8.000000      -nan      -nan      -nan      -nan      -nan      -nan 
average row locality = 16692/335 = 49.826866
number of total memory accesses made:
dram[0]:         0         0         0         0         0         0         0         0         0         0         0         0         0         0         0         0 
dram[1]:         0         0         0         0         0         0         0         0         0         0         0         0         0         0         0         0 
dram[2]:         0         0         0         0         0         0         0         0         0         0         0         0         0         0         0         0 
dram[3]:         0         0         0         0         0         0         0         0         0         0         0         0         0         0         0         0 
dram[4]:         0         0         0         0         0         0         0         0         0         0         0         0         0         0         0         0 
dram[5]:         0         0         0         0         0         0         0         0         0         0         0         0         0         0         0         0 
dram[6]:         0         0         0         0         0         0         0         0         0         0         0         0         0         0         0         0 
dram[7]:         0         0         0         0         0         0         0         0         0         0         0         0         0         0         0         0 
dram[8]:         0         0         0         0         0         0         0         0         0         0         0         0         0         0         0         0 
dram[9]:         0         0         0         0         0         0         0         0         0         0         0         0         0         0         0         0 
dram[10]:         0         0         0         0         0         0         0         0         0         0         0         0         0         0         0         0 
dram[11]:         0         0         0         0         0         0         0         0         0         0         0         0         0         0         0         0 
dram[12]:         0         0         0         0         0         0         0         0         0         0         0         0         0         0         0         0 
dram[13]:         0         0         0         0         0         0         0         0         0         0         0         0         0         0         0         0 
dram[14]:         0         0         0         0         0         0         0         0         0         0         0         0         0         0         0         0 
dram[15]:         0         0         0         0         0         0         0         0         0         0         0         0         0         0         0         0 
dram[16]:         0         0         0         0         0         0         0         0         0         0         0         0         0         0         0         0 
dram[17]:         0         0         0         0         0         0         0         0         0         0         0         0         0         0         0         0 
dram[18]:         0         0         0         0         0         0         0         0         0         0         0         0         0         0         0         0 
dram[19]:         0         0         0         0         0         0         0         0         0         0         0         0         0         0         0         0 
dram[20]:         0         0         0         0         0         0         0         0         0         0         0         0         0         0         0         0 
dram[21]:         0         0         0         0         0         0         0         0         0         0         0         0         0         0         0         0 
dram[22]:         0         0         0         0         0         0         0         0         0         0         0         0         0         0         0         0 
dram[23]:         0         0         0         0         0         0         0         0         0         0         0         0         0         0         0         0 
dram[24]:         0         0         0         0         0         0         0         0         0         0         0         0         0         0         0         0 
dram[25]:         0         0         0         0         0         0         0         0         0         0         0         0         0         0         0         0 
dram[26]:         0         0         0         0         0         0         0         0         0         0         0         0         0         0         0         0 
dram[27]:         0         0         0         0         0         0         0         0         0         0         0         0         0         0         0         0 
dram[28]:         0         0         0         0         0         0         0         0         0         0         0         0         0         0         0         0 
dram[29]:         0         0         0         0         0         0         0         0         0         0         0         0         0         0         0         0 
dram[30]:         0         0         0         0         0         0         0         0         0         0         0         0         0         0         0         0 
dram[31]:         0         0         0         0         0         0         0         0         0         0         0         0         0         0         0         0 
total accesses: 0
min_bank_accesses = 0!
min_chip_accesses = 0!
number of total read accesses:
dram[0]:        64        64        64        64        64        64        64        64         8         0         0         0         0         0         0         0 
dram[1]:        64        64        64        64        64        64        64        64         8         0         0         0         0         0         0         0 
dram[2]:        64        64        64        64        64        64        64        64         8         0         0         0         0         0         0         0 
dram[3]:        64        64        64        64        64        64        64        64         8         0         0         0         0         0         0         0 
dram[4]:        56        64        64        64        64        64        64        64         8         0         0         0         0         0         0         0 
dram[5]:        56        64        64        64        64        64        64        64         8         0         0         0         0         0         0         0 
dram[6]:        64        64        64        64        64        64        64        64         8         0         0         0         0         0         0         0 
dram[7]:        60        64        64        64        64        64        64        64         8         0         0         0         0         0         0         0 
dram[8]:        64        64        64        64        64        64        64        64         8         0         0         0         0         0         0         0 
dram[9]:        64        64        64        64        64        64        64        64         8         0         0         0         0         0         0         0 
dram[10]:        64        64        64        64        64        64        64        64         8         0         0         0         0         0         0         0 
dram[11]:        64        64        64        64        64        64        64        64         8         0         0         0         0         0         0         0 
dram[12]:        64        64        64        64        64        64        64        64         8         0         0         0         0         0         0         0 
dram[13]:        64        64        64        64        64        64        64        64         8         0         0         0         0         0         0         0 
dram[14]:        64        64        64        64        64        64        64        64         8         0         0         0         0         0         0         0 
dram[15]:        64        64        64        64        64        64        64        64         8         0         0         0         0         0         0         0 
dram[16]:        56        64        64        64        64        64        64        64         8         8         0         0         0         0         0         0 
dram[17]:        56        64        64        64        64        64        64        64         8         8         0         0         0         0         0         0 
dram[18]:        56        64        64        64        64        64        64        64         8         8         0         0         0         0         0         0 
dram[19]:        56        64        64        64        64        64        64        64         8         8         0         0         0         0         0         0 
dram[20]:        56        64        64        64        64        64        64        64         8         8         0         0         0         0         0         0 
dram[21]:        64        64        64        64        64        64        64        64         8         8         0         0         0         0         0         0 
dram[22]:        56        64        64        64        64        64        64        64         8         8         0         0         0         0         0         0 
dram[23]:        56        64        64        64        64        64        64        64         8         8         0         0         0         0         0         0 
dram[24]:        64        64        64        64        64        64        64        64         8         8         0         0         0         0         0         0 
dram[25]:        64        64        64        64        64        64        64        64         8         8         0         0         0         0         0         0 
dram[26]:        64        64        64        64        64        64        64        64         8         8         0         0         0         0         0         0 
dram[27]:        64        64        64        64        64        64        64        64         8         8         0         0         0         0         0         0 
dram[28]:        64        64        64        64        64        64        64        64         8         8         0         0         0         0         0         0 
dram[29]:        64        64        64        64        64        64        64        64         8         8         0         0         0         0         0         0 
dram[30]:        64        64        64        64        64        64        64        64         8         8         0         0         0         0         0         0 
dram[31]:        64        64        64        64        64        64        64        64         8         8         0         0         0         0         0         0 
total dram reads = 16692
min_bank_accesses = 0!
chip skew: 528/512 = 1.03
number of total write accesses:
dram[0]:         0         0         0         0         0         0         0         0         0         0         0         0         0         0         0         0 
dram[1]:         0         0         0         0         0         0         0         0         0         0         0         0         0         0         0         0 
dram[2]:         0         0         0         0         0         0         0         0         0         0         0         0         0         0         0         0 
dram[3]:         0         0         0         0         0         0         0         0         0         0         0         0         0         0         0         0 
dram[4]:         0         0         0         0         0         0         0         0         0         0         0         0         0         0         0         0 
dram[5]:         0         0         0         0         0         0         0         0         0         0         0         0         0         0         0         0 
dram[6]:         0         0         0         0         0         0         0         0         0         0         0         0         0         0         0         0 
dram[7]:         0         0         0         0         0         0         0         0         0         0         0         0         0         0         0         0 
dram[8]:         0         0         0         0         0         0         0         0         0         0         0         0         0         0         0         0 
dram[9]:         0         0         0         0         0         0         0         0         0         0         0         0         0         0         0         0 
dram[10]:         0         0         0         0         0         0         0         0         0         0         0         0         0         0         0         0 
dram[11]:         0         0         0         0         0         0         0         0         0         0         0         0         0         0         0         0 
dram[12]:         0         0         0         0         0         0         0         0         0         0         0         0         0         0         0         0 
dram[13]:         0         0         0         0         0         0         0         0         0         0         0         0         0         0         0         0 
dram[14]:         0         0         0         0         0         0         0         0         0         0         0         0         0         0         0         0 
dram[15]:         0         0         0         0         0         0         0         0         0         0         0         0         0         0         0         0 
dram[16]:         0         0         0         0         0         0         0         0         0         0         0         0         0         0         0         0 
dram[17]:         0         0         0         0         0         0         0         0         0         0         0         0         0         0         0         0 
dram[18]:         0         0         0         0         0         0         0         0         0         0         0         0         0         0         0         0 
dram[19]:         0         0         0         0         0         0         0         0         0         0         0         0         0         0         0         0 
dram[20]:         0         0         0         0         0         0         0         0         0         0         0         0         0         0         0         0 
dram[21]:         0         0         0         0         0         0         0         0         0         0         0         0         0         0         0         0 
dram[22]:         0         0         0         0         0         0         0         0         0         0         0         0         0         0         0         0 
dram[23]:         0         0         0         0         0         0         0         0         0         0         0         0         0         0         0         0 
dram[24]:         0         0         0         0         0         0         0         0         0         0         0         0         0         0         0         0 
dram[25]:         0         0         0         0         0         0         0         0         0         0         0         0         0         0         0         0 
dram[26]:         0         0         0         0         0         0         0         0         0         0         0         0         0         0         0         0 
dram[27]:         0         0         0         0         0         0         0         0         0         0         0         0         0         0         0         0 
dram[28]:         0         0         0         0         0         0         0         0         0         0         0         0         0         0         0         0 
dram[29]:         0         0         0         0         0         0         0         0         0         0         0         0         0         0         0         0 
dram[30]:         0         0         0         0         0         0         0         0         0         0         0         0         0         0         0         0 
dram[31]:         0         0         0         0         0         0         0         0         0         0         0         0         0         0         0         0 
total dram writes = 0
min_bank_accesses = 0!
min_chip_accesses = 0!
average mf latency per bank:
dram[0]:        527       574       559       562       549       549       548       548       553    none      none      none      none      none      none      none  
dram[1]:        529       570       566       572       550       549       549       547       556    none      none      none      none      none      none      none  
dram[2]:        518       566       563       563       549       548       548       548       548    none      none      none      none      none      none      none  
dram[3]:        523       570       560       559       547       550       548       551       552    none      none      none      none      none      none      none  
dram[4]:        594       569       561       563       550       550       548       549       552    none      none      none      none      none      none      none  
dram[5]:        599       573       562       565       551       547       549       548       553    none      none      none      none      none      none      none  
dram[6]:        520       566       561       568       551       551       550       548       556    none      none      none      none      none      none      none  
dram[7]:        555       570       565       566       548       551       548       549       548    none      none      none      none      none      none      none  
dram[8]:        526       573       574       568       549       550       552       547       550    none      none      none      none      none      none      none  
dram[9]:        518       569       558       560       549       548       548       551       551    none      none      none      none      none      none      none  
dram[10]:        526       578       560       563       549       547       550       548       553    none      none      none      none      none      none      none  
dram[11]:        523       571       559       568       549       548       548       549       555    none      none      none      none      none      none      none  
dram[12]:        526       567       560       562       548       548       549       546       548    none      none      none      none      none      none      none  
dram[13]:        520       574       566       570       551       550       549       549       561    none      none      none      none      none      none      none  
dram[14]:        525       572       564       561       548       547       550       551       545    none      none      none      none      none      none      none  
dram[15]:        526       571       563       565       550       548       548       549       552    none      none      none      none      none      none      none  
dram[16]:        601       571       561       564       549       549       549       548       555       560    none      none      none      none      none      none  
dram[17]:        605       566       566       562       547       549       550       550       554       548    none      none      none      none      none      none  
dram[18]:        597       565       563       560       548       547       547       549       554       549    none      none      none      none      none      none  
dram[19]:        604       564       559       557       548       549       551       548       550       552    none      none      none      none      none      none  
dram[20]:        595       568       561       559       549       548       549       548       550       553    none      none      none      none      none      none  
dram[21]:        525       566       565       560       551       551       549       549       553       562    none      none      none      none      none      none  
dram[22]:        602       564       567       560       549       551       549       548       549       556    none      none      none      none      none      none  
dram[23]:        597       565       562       566       549       550       553       548       554       547    none      none      none      none      none      none  
dram[24]:        526       564       562       557       550       548       547       548       548       551    none      none      none      none      none      none  
dram[25]:        525       568       557       558       550       550       549       552       551       551    none      none      none      none      none      none  
dram[26]:        525       566       563       563       547       549       549       550       558       551    none      none      none      none      none      none  
dram[27]:        525       565       567       564       547       549       550       547       552       550    none      none      none      none      none      none  
dram[28]:        527       563       558       557       548       549       549       549       550       451    none      none      none      none      none      none  
dram[29]:        523       568       560       557       549       548       547       547       551       552    none      none      none      none      none      none  
dram[30]:        524       560       562       558       549       548       548       549       543       546    none      none      none      none      none      none  
dram[31]:        526       571       561       561       550       548       549       549       548       552    none      none      none      none      none      none  
maximum mf latency per bank:
dram[0]:        448       457       410       444       444       449       393       439       396       262         0         0         0         0         0         0
dram[1]:        448       464       460       455       447       443       442       398       437       262         0         0         0         0         0         0
dram[2]:        415       418       432       443       445       393       398       395       388       262         0         0         0         0         0         0
dram[3]:        416       422       445       426       442       444       443       446       392       262         0         0         0         0         0         0
dram[4]:        427       433       426       435       448       449       437       444       394       262         0         0         0         0         0         0
dram[5]:        439       456       440       441       447       395       395       451       394       262         0         0         0         0         0         0
dram[6]:        420       414       409       438       448       446       449       438       443       262         0         0         0         0         0         0
dram[7]:        414       460       425       431       433       448       396       452       391       262         0         0         0         0         0         0
dram[8]:        429       439       596       586       401       444       453       446       390       235         0         0         0         0         0         0
dram[9]:        419       456       449       448       450       446       445       443       394       262         0         0         0         0         0         0
dram[10]:        428       508       418       423       444       447       455       439       392       262         0         0         0         0         0         0
dram[11]:        426       438       431       454       445       448       396       455       401       262         0         0         0         0         0         0
dram[12]:        487       412       467       442       444       441       448       394       391       262         0         0         0         0         0         0
dram[13]:        420       451       474       493       448       445       442       443       447       262         0         0         0         0         0         0
dram[14]:        424       421       463       466       442       395       451       451       390       262         0         0         0         0         0         0
dram[15]:        480       447       444       451       450       436       445       442       391       262         0         0         0         0         0         0
dram[16]:        450       462       444       442       445       449       448       397       415       398         0         0         0         0         0         0
dram[17]:        455       420       485       463       394       446       449       445       436       391         0         0         0         0         0         0
dram[18]:        447       452       467       460       394       394       395       442       414       393         0         0         0         0         0         0
dram[19]:        458       451       424       413       450       444       452       435       390       393         0         0         0         0         0         0
dram[20]:        416       463       416       410       443       437       454       405       394       395         0         0         0         0         0         0
dram[21]:        420       427       501       422       452       448       444       453       396       412         0         0         0         0         0         0
dram[22]:        431       420       470       424       398       445       440       444       391       445         0         0         0         0         0         0
dram[23]:        416       431       453       440       445       445       449       392       393       387         0         0         0         0         0         0
dram[24]:        468       431       447       440       444       394       441       438       388       393         0         0         0         0         0         0
dram[25]:        420       444       415       412       446       442       446       450       396       396         0         0         0         0         0         0
dram[26]:        436       439       446       482       440       442       444       447       403       392         0         0         0         0         0         0
dram[27]:        425       430       506       446       436       440       452       396       393       393         0         0         0         0         0         0
dram[28]:        435       417       445       441       440       405       443       396       390       384         0         0         0         0         0         0
dram[29]:        418       465       445       443       448       446       436       399       393       398         0         0         0         0         0         0
dram[30]:        419       419       446       414       454       442       444       449       381       390         0         0         0         0         0         0
dram[31]:        431       473       445       448       445       441       451       439       397       394         0         0         0         0         0         0
Memory Partition 0: 
Cache L2_bank_000:
MSHR contents

Cache L2_bank_001:
MSHR contents

In Dram Latency Queue (total = 0): 
DRAM[0]: 16 bks, busW=16 BL=2 CL=12, tRRD=3 tCCD=1, tRCD=12 tRAS=28 tRP=12 tRC=40
n_cmd=126958 n_nop=126427 n_act=10 n_pre=1 n_ref_event=0 n_req=520 n_rd=520 n_rd_L2_A=0 n_write=0 n_wr_bk=0 bw_util=0.004096
n_activity=5229 dram_eff=0.09945
bk0: 64a 126912i bk1: 64a 126939i bk2: 64a 126944i bk3: 64a 126945i bk4: 64a 126946i bk5: 64a 126942i bk6: 64a 126946i bk7: 64a 126945i bk8: 8a 126946i bk9: 0a 126958i bk10: 0a 126958i bk11: 0a 126958i bk12: 0a 126958i bk13: 0a 126958i bk14: 0a 126958i bk15: 0a 126958i 

------------------------------------------------------------------------

Row_Buffer_Locality = 0.980769
Row_Buffer_Locality_read = 0.980769
Row_Buffer_Locality_write = -nan
Bank_Level_Parallism = 1.019578
Bank_Level_Parallism_Col = 1.018663
Bank_Level_Parallism_Ready = 1.001923
write_to_read_ratio_blp_rw_average = 0.000000
GrpLevelPara = 1.018663 

BW Util details:
bwutil = 0.004096 
total_CMD = 126958 
util_bw = 520 
Wasted_Col = 132 
Wasted_Row = 12 
Idle = 126294 

BW Util Bottlenecks: 
RCDc_limit = 113 
RCDWRc_limit = 0 
WTRc_limit = 0 
RTWc_limit = 0 
CCDLc_limit = 24 
rwq = 0 
CCDLc_limit_alone = 24 
WTRc_limit_alone = 0 
RTWc_limit_alone = 0 

Commands details: 
total_CMD = 126958 
n_nop = 126427 
Read = 520 
Write = 0 
L2_Alloc = 0 
L2_WB = 0 
n_act = 10 
n_pre = 1 
n_ref = 0 
n_req = 520 
total_req = 520 

Dual Bus Interface Util: 
issued_total_row = 11 
issued_total_col = 520 
Row_Bus_Util =  0.000087 
CoL_Bus_Util = 0.004096 
Either_Row_CoL_Bus_Util = 0.004182 
Issued_on_Two_Bus_Simul_Util = 0.000000 
issued_two_Eff = 0.000000 
queue_avg = 0.000945 


dram_util_bins: 0 0 0 0 0 0 0 0 0 0
dram_eff_bins: 0 0 0 0 0 0 0 0 0 0
mrqq: max=3 avg=0.000945194
Memory Partition 1: 
Cache L2_bank_002:
MSHR contents

Cache L2_bank_003:
MSHR contents

In Dram Latency Queue (total = 0): 
DRAM[1]: 16 bks, busW=16 BL=2 CL=12, tRRD=3 tCCD=1, tRCD=12 tRAS=28 tRP=12 tRC=40
n_cmd=126958 n_nop=126427 n_act=10 n_pre=1 n_ref_event=0 n_req=520 n_rd=520 n_rd_L2_A=0 n_write=0 n_wr_bk=0 bw_util=0.004096
n_activity=4944 dram_eff=0.1052
bk0: 64a 126914i bk1: 64a 126939i bk2: 64a 126944i bk3: 64a 126944i bk4: 64a 126944i bk5: 64a 126944i bk6: 64a 126946i bk7: 64a 126946i bk8: 8a 126946i bk9: 0a 126958i bk10: 0a 126958i bk11: 0a 126958i bk12: 0a 126958i bk13: 0a 126958i bk14: 0a 126958i bk15: 0a 126958i 

------------------------------------------------------------------------

Row_Buffer_Locality = 0.980769
Row_Buffer_Locality_read = 0.980769
Row_Buffer_Locality_write = -nan
Bank_Level_Parallism = 1.002972
Bank_Level_Parallism_Col = 1.003072
Bank_Level_Parallism_Ready = 1.000000
write_to_read_ratio_blp_rw_average = 0.000000
GrpLevelPara = 1.003072 

BW Util details:
bwutil = 0.004096 
total_CMD = 126958 
util_bw = 520 
Wasted_Col = 141 
Wasted_Row = 12 
Idle = 126285 

BW Util Bottlenecks: 
RCDc_limit = 118 
RCDWRc_limit = 0 
WTRc_limit = 0 
RTWc_limit = 0 
CCDLc_limit = 23 
rwq = 0 
CCDLc_limit_alone = 23 
WTRc_limit_alone = 0 
RTWc_limit_alone = 0 

Commands details: 
total_CMD = 126958 
n_nop = 126427 
Read = 520 
Write = 0 
L2_Alloc = 0 
L2_WB = 0 
n_act = 10 
n_pre = 1 
n_ref = 0 
n_req = 520 
total_req = 520 

Dual Bus Interface Util: 
issued_total_row = 11 
issued_total_col = 520 
Row_Bus_Util =  0.000087 
CoL_Bus_Util = 0.004096 
Either_Row_CoL_Bus_Util = 0.004182 
Issued_on_Two_Bus_Simul_Util = 0.000000 
issued_two_Eff = 0.000000 
queue_avg = 0.000945 


dram_util_bins: 0 0 0 0 0 0 0 0 0 0
dram_eff_bins: 0 0 0 0 0 0 0 0 0 0
mrqq: max=3 avg=0.000945194
Memory Partition 2: 
Cache L2_bank_004:
MSHR contents

Cache L2_bank_005:
MSHR contents

In Dram Latency Queue (total = 0): 
DRAM[2]: 16 bks, busW=16 BL=2 CL=12, tRRD=3 tCCD=1, tRCD=12 tRAS=28 tRP=12 tRC=40
n_cmd=126958 n_nop=126427 n_act=10 n_pre=1 n_ref_event=0 n_req=520 n_rd=520 n_rd_L2_A=0 n_write=0 n_wr_bk=0 bw_util=0.004096
n_activity=5405 dram_eff=0.09621
bk0: 64a 126909i bk1: 64a 126935i bk2: 64a 126945i bk3: 64a 126946i bk4: 64a 126945i bk5: 64a 126946i bk6: 64a 126946i bk7: 64a 126945i bk8: 8a 126946i bk9: 0a 126958i bk10: 0a 126958i bk11: 0a 126958i bk12: 0a 126958i bk13: 0a 126958i bk14: 0a 126958i bk15: 0a 126958i 

------------------------------------------------------------------------

Row_Buffer_Locality = 0.980769
Row_Buffer_Locality_read = 0.980769
Row_Buffer_Locality_write = -nan
Bank_Level_Parallism = 1.000000
Bank_Level_Parallism_Col = 1.000000
Bank_Level_Parallism_Ready = 1.000000
write_to_read_ratio_blp_rw_average = 0.000000
GrpLevelPara = 1.000000 

BW Util details:
bwutil = 0.004096 
total_CMD = 126958 
util_bw = 520 
Wasted_Col = 147 
Wasted_Row = 12 
Idle = 126279 

BW Util Bottlenecks: 
RCDc_limit = 120 
RCDWRc_limit = 0 
WTRc_limit = 0 
RTWc_limit = 0 
CCDLc_limit = 27 
rwq = 0 
CCDLc_limit_alone = 27 
WTRc_limit_alone = 0 
RTWc_limit_alone = 0 

Commands details: 
total_CMD = 126958 
n_nop = 126427 
Read = 520 
Write = 0 
L2_Alloc = 0 
L2_WB = 0 
n_act = 10 
n_pre = 1 
n_ref = 0 
n_req = 520 
total_req = 520 

Dual Bus Interface Util: 
issued_total_row = 11 
issued_total_col = 520 
Row_Bus_Util =  0.000087 
CoL_Bus_Util = 0.004096 
Either_Row_CoL_Bus_Util = 0.004182 
Issued_on_Two_Bus_Simul_Util = 0.000000 
issued_two_Eff = 0.000000 
queue_avg = 0.000717 


dram_util_bins: 0 0 0 0 0 0 0 0 0 0
dram_eff_bins: 0 0 0 0 0 0 0 0 0 0
mrqq: max=3 avg=0.000716772
Memory Partition 3: 
Cache L2_bank_006:
MSHR contents

Cache L2_bank_007:
MSHR contents

In Dram Latency Queue (total = 0): 
DRAM[3]: 16 bks, busW=16 BL=2 CL=12, tRRD=3 tCCD=1, tRCD=12 tRAS=28 tRP=12 tRC=40
n_cmd=126958 n_nop=126427 n_act=10 n_pre=1 n_ref_event=0 n_req=520 n_rd=520 n_rd_L2_A=0 n_write=0 n_wr_bk=0 bw_util=0.004096
n_activity=5369 dram_eff=0.09685
bk0: 64a 126911i bk1: 64a 126945i bk2: 64a 126946i bk3: 64a 126946i bk4: 64a 126945i bk5: 64a 126940i bk6: 64a 126945i bk7: 64a 126945i bk8: 8a 126946i bk9: 0a 126958i bk10: 0a 126958i bk11: 0a 126958i bk12: 0a 126958i bk13: 0a 126958i bk14: 0a 126958i bk15: 0a 126958i 

------------------------------------------------------------------------

Row_Buffer_Locality = 0.980769
Row_Buffer_Locality_read = 0.980769
Row_Buffer_Locality_write = -nan
Bank_Level_Parallism = 1.004478
Bank_Level_Parallism_Col = 1.004630
Bank_Level_Parallism_Ready = 1.003846
write_to_read_ratio_blp_rw_average = 0.000000
GrpLevelPara = 1.004630 

BW Util details:
bwutil = 0.004096 
total_CMD = 126958 
util_bw = 520 
Wasted_Col = 138 
Wasted_Row = 12 
Idle = 126288 

BW Util Bottlenecks: 
RCDc_limit = 119 
RCDWRc_limit = 0 
WTRc_limit = 0 
RTWc_limit = 0 
CCDLc_limit = 19 
rwq = 0 
CCDLc_limit_alone = 19 
WTRc_limit_alone = 0 
RTWc_limit_alone = 0 

Commands details: 
total_CMD = 126958 
n_nop = 126427 
Read = 520 
Write = 0 
L2_Alloc = 0 
L2_WB = 0 
n_act = 10 
n_pre = 1 
n_ref = 0 
n_req = 520 
total_req = 520 

Dual Bus Interface Util: 
issued_total_row = 11 
issued_total_col = 520 
Row_Bus_Util =  0.000087 
CoL_Bus_Util = 0.004096 
Either_Row_CoL_Bus_Util = 0.004182 
Issued_on_Two_Bus_Simul_Util = 0.000000 
issued_two_Eff = 0.000000 
queue_avg = 0.000654 


dram_util_bins: 0 0 0 0 0 0 0 0 0 0
dram_eff_bins: 0 0 0 0 0 0 0 0 0 0
mrqq: max=3 avg=0.00065376
Memory Partition 4: 
Cache L2_bank_008:
MSHR contents

Cache L2_bank_009:
MSHR contents

In Dram Latency Queue (total = 0): 
DRAM[4]: 16 bks, busW=16 BL=2 CL=12, tRRD=3 tCCD=1, tRCD=12 tRAS=28 tRP=12 tRC=40
n_cmd=126958 n_nop=126437 n_act=9 n_pre=0 n_ref_event=0 n_req=512 n_rd=512 n_rd_L2_A=0 n_write=0 n_wr_bk=0 bw_util=0.004033
n_activity=5375 dram_eff=0.09526
bk0: 56a 126944i bk1: 64a 126936i bk2: 64a 126946i bk3: 64a 126942i bk4: 64a 126944i bk5: 64a 126946i bk6: 64a 126941i bk7: 64a 126946i bk8: 8a 126946i bk9: 0a 126958i bk10: 0a 126958i bk11: 0a 126958i bk12: 0a 126958i bk13: 0a 126958i bk14: 0a 126958i bk15: 0a 126958i 

------------------------------------------------------------------------

Row_Buffer_Locality = 0.982422
Row_Buffer_Locality_read = 0.982422
Row_Buffer_Locality_write = -nan
Bank_Level_Parallism = 1.023885
Bank_Level_Parallism_Col = 1.019355
Bank_Level_Parallism_Ready = 1.001953
write_to_read_ratio_blp_rw_average = 0.000000
GrpLevelPara = 1.019355 

BW Util details:
bwutil = 0.004033 
total_CMD = 126958 
util_bw = 512 
Wasted_Col = 116 
Wasted_Row = 0 
Idle = 126330 

BW Util Bottlenecks: 
RCDc_limit = 105 
RCDWRc_limit = 0 
WTRc_limit = 0 
RTWc_limit = 0 
CCDLc_limit = 20 
rwq = 0 
CCDLc_limit_alone = 20 
WTRc_limit_alone = 0 
RTWc_limit_alone = 0 

Commands details: 
total_CMD = 126958 
n_nop = 126437 
Read = 512 
Write = 0 
L2_Alloc = 0 
L2_WB = 0 
n_act = 9 
n_pre = 0 
n_ref = 0 
n_req = 512 
total_req = 512 

Dual Bus Interface Util: 
issued_total_row = 9 
issued_total_col = 512 
Row_Bus_Util =  0.000071 
CoL_Bus_Util = 0.004033 
Either_Row_CoL_Bus_Util = 0.004104 
Issued_on_Two_Bus_Simul_Util = 0.000000 
issued_two_Eff = 0.000000 
queue_avg = 0.000307 


dram_util_bins: 0 0 0 0 0 0 0 0 0 0
dram_eff_bins: 0 0 0 0 0 0 0 0 0 0
mrqq: max=3 avg=0.000307188
Memory Partition 5: 
Cache L2_bank_010:
MSHR contents

Cache L2_bank_011:
MSHR contents

In Dram Latency Queue (total = 0): 
DRAM[5]: 16 bks, busW=16 BL=2 CL=12, tRRD=3 tCCD=1, tRCD=12 tRAS=28 tRP=12 tRC=40
n_cmd=126958 n_nop=126438 n_act=9 n_pre=0 n_ref_event=0 n_req=512 n_rd=512 n_rd_L2_A=0 n_write=0 n_wr_bk=0 bw_util=0.004033
n_activity=4828 dram_eff=0.106
bk0: 56a 126945i bk1: 64a 126941i bk2: 64a 126943i bk3: 64a 126942i bk4: 64a 126945i bk5: 64a 126946i bk6: 64a 126938i bk7: 64a 126943i bk8: 8a 126946i bk9: 0a 126958i bk10: 0a 126958i bk11: 0a 126958i bk12: 0a 126958i bk13: 0a 126958i bk14: 0a 126958i bk15: 0a 126958i 

------------------------------------------------------------------------

Row_Buffer_Locality = 0.982422
Row_Buffer_Locality_read = 0.982422
Row_Buffer_Locality_write = -nan
Bank_Level_Parallism = 1.009390
Bank_Level_Parallism_Col = 1.007924
Bank_Level_Parallism_Ready = 1.001953
write_to_read_ratio_blp_rw_average = 0.000000
GrpLevelPara = 1.007924 

BW Util details:
bwutil = 0.004033 
total_CMD = 126958 
util_bw = 512 
Wasted_Col = 127 
Wasted_Row = 0 
Idle = 126319 

BW Util Bottlenecks: 
RCDc_limit = 104 
RCDWRc_limit = 0 
WTRc_limit = 0 
RTWc_limit = 0 
CCDLc_limit = 24 
rwq = 0 
CCDLc_limit_alone = 24 
WTRc_limit_alone = 0 
RTWc_limit_alone = 0 

Commands details: 
total_CMD = 126958 
n_nop = 126438 
Read = 512 
Write = 0 
L2_Alloc = 0 
L2_WB = 0 
n_act = 9 
n_pre = 0 
n_ref = 0 
n_req = 512 
total_req = 512 

Dual Bus Interface Util: 
issued_total_row = 9 
issued_total_col = 512 
Row_Bus_Util =  0.000071 
CoL_Bus_Util = 0.004033 
Either_Row_CoL_Bus_Util = 0.004096 
Issued_on_Two_Bus_Simul_Util = 0.000008 
issued_two_Eff = 0.001923 
queue_avg = 0.000339 


dram_util_bins: 0 0 0 0 0 0 0 0 0 0
dram_eff_bins: 0 0 0 0 0 0 0 0 0 0
mrqq: max=2 avg=0.000338695
Memory Partition 6: 
Cache L2_bank_012:
MSHR contents

Cache L2_bank_013:
MSHR contents

In Dram Latency Queue (total = 0): 
DRAM[6]: 16 bks, busW=16 BL=2 CL=12, tRRD=3 tCCD=1, tRCD=12 tRAS=28 tRP=12 tRC=40
n_cmd=126958 n_nop=126427 n_act=10 n_pre=1 n_ref_event=0 n_req=520 n_rd=520 n_rd_L2_A=0 n_write=0 n_wr_bk=0 bw_util=0.004096
n_activity=4971 dram_eff=0.1046
bk0: 64a 126909i bk1: 64a 126938i bk2: 64a 126946i bk3: 64a 126943i bk4: 64a 126945i bk5: 64a 126946i bk6: 64a 126943i bk7: 64a 126944i bk8: 8a 126945i bk9: 0a 126958i bk10: 0a 126958i bk11: 0a 126958i bk12: 0a 126958i bk13: 0a 126958i bk14: 0a 126958i bk15: 0a 126958i 

------------------------------------------------------------------------

Row_Buffer_Locality = 0.980769
Row_Buffer_Locality_read = 0.980769
Row_Buffer_Locality_write = -nan
Bank_Level_Parallism = 1.007375
Bank_Level_Parallism_Col = 1.007622
Bank_Level_Parallism_Ready = 1.000000
write_to_read_ratio_blp_rw_average = 0.000000
GrpLevelPara = 1.007622 

BW Util details:
bwutil = 0.004096 
total_CMD = 126958 
util_bw = 520 
Wasted_Col = 146 
Wasted_Row = 12 
Idle = 126280 

BW Util Bottlenecks: 
RCDc_limit = 115 
RCDWRc_limit = 0 
WTRc_limit = 0 
RTWc_limit = 0 
CCDLc_limit = 31 
rwq = 0 
CCDLc_limit_alone = 31 
WTRc_limit_alone = 0 
RTWc_limit_alone = 0 

Commands details: 
total_CMD = 126958 
n_nop = 126427 
Read = 520 
Write = 0 
L2_Alloc = 0 
L2_WB = 0 
n_act = 10 
n_pre = 1 
n_ref = 0 
n_req = 520 
total_req = 520 

Dual Bus Interface Util: 
issued_total_row = 11 
issued_total_col = 520 
Row_Bus_Util =  0.000087 
CoL_Bus_Util = 0.004096 
Either_Row_CoL_Bus_Util = 0.004182 
Issued_on_Two_Bus_Simul_Util = 0.000000 
issued_two_Eff = 0.000000 
queue_avg = 0.001040 


dram_util_bins: 0 0 0 0 0 0 0 0 0 0
dram_eff_bins: 0 0 0 0 0 0 0 0 0 0
mrqq: max=4 avg=0.00103971
Memory Partition 7: 
Cache L2_bank_014:
MSHR contents

Cache L2_bank_015:
MSHR contents

In Dram Latency Queue (total = 0): 
DRAM[7]: 16 bks, busW=16 BL=2 CL=12, tRRD=3 tCCD=1, tRCD=12 tRAS=28 tRP=12 tRC=40
n_cmd=126958 n_nop=126431 n_act=10 n_pre=1 n_ref_event=0 n_req=516 n_rd=516 n_rd_L2_A=0 n_write=0 n_wr_bk=0 bw_util=0.004064
n_activity=5360 dram_eff=0.09627
bk0: 60a 126917i bk1: 64a 126942i bk2: 64a 126943i bk3: 64a 126946i bk4: 64a 126945i bk5: 64a 126944i bk6: 64a 126945i bk7: 64a 126946i bk8: 8a 126946i bk9: 0a 126958i bk10: 0a 126958i bk11: 0a 126958i bk12: 0a 126958i bk13: 0a 126958i bk14: 0a 126958i bk15: 0a 126958i 

------------------------------------------------------------------------

Row_Buffer_Locality = 0.980620
Row_Buffer_Locality_read = 0.980620
Row_Buffer_Locality_write = -nan
Bank_Level_Parallism = 1.006061
Bank_Level_Parallism_Col = 1.004695
Bank_Level_Parallism_Ready = 1.000000
write_to_read_ratio_blp_rw_average = 0.000000
GrpLevelPara = 1.004695 

BW Util details:
bwutil = 0.004064 
total_CMD = 126958 
util_bw = 516 
Wasted_Col = 133 
Wasted_Row = 11 
Idle = 126298 

BW Util Bottlenecks: 
RCDc_limit = 117 
RCDWRc_limit = 0 
WTRc_limit = 0 
RTWc_limit = 0 
CCDLc_limit = 16 
rwq = 0 
CCDLc_limit_alone = 16 
WTRc_limit_alone = 0 
RTWc_limit_alone = 0 

Commands details: 
total_CMD = 126958 
n_nop = 126431 
Read = 516 
Write = 0 
L2_Alloc = 0 
L2_WB = 0 
n_act = 10 
n_pre = 1 
n_ref = 0 
n_req = 516 
total_req = 516 

Dual Bus Interface Util: 
issued_total_row = 11 
issued_total_col = 516 
Row_Bus_Util =  0.000087 
CoL_Bus_Util = 0.004064 
Either_Row_CoL_Bus_Util = 0.004151 
Issued_on_Two_Bus_Simul_Util = 0.000000 
issued_two_Eff = 0.000000 
queue_avg = 0.000914 


dram_util_bins: 0 0 0 0 0 0 0 0 0 0
dram_eff_bins: 0 0 0 0 0 0 0 0 0 0
mrqq: max=3 avg=0.000913688
Memory Partition 8: 
Cache L2_bank_016:
MSHR contents

Cache L2_bank_017:
MSHR contents

In Dram Latency Queue (total = 0): 
DRAM[8]: 16 bks, busW=16 BL=2 CL=12, tRRD=3 tCCD=1, tRCD=12 tRAS=28 tRP=12 tRC=40
n_cmd=126958 n_nop=126425 n_act=11 n_pre=2 n_ref_event=0 n_req=520 n_rd=520 n_rd_L2_A=0 n_write=0 n_wr_bk=0 bw_util=0.004096
n_activity=5119 dram_eff=0.1016
bk0: 64a 126877i bk1: 64a 126939i bk2: 64a 126940i bk3: 64a 126944i bk4: 64a 126945i bk5: 64a 126944i bk6: 64a 126945i bk7: 64a 126942i bk8: 8a 126945i bk9: 0a 126958i bk10: 0a 126958i bk11: 0a 126958i bk12: 0a 126958i bk13: 0a 126958i bk14: 0a 126958i bk15: 0a 126958i 

------------------------------------------------------------------------

Row_Buffer_Locality = 0.978846
Row_Buffer_Locality_read = 0.978846
Row_Buffer_Locality_write = -nan
Bank_Level_Parallism = 1.006983
Bank_Level_Parallism_Col = 1.007342
Bank_Level_Parallism_Ready = 1.003846
write_to_read_ratio_blp_rw_average = 0.000000
GrpLevelPara = 1.007342 

BW Util details:
bwutil = 0.004096 
total_CMD = 126958 
util_bw = 520 
Wasted_Col = 172 
Wasted_Row = 24 
Idle = 126242 

BW Util Bottlenecks: 
RCDc_limit = 129 
RCDWRc_limit = 0 
WTRc_limit = 0 
RTWc_limit = 0 
CCDLc_limit = 43 
rwq = 0 
CCDLc_limit_alone = 43 
WTRc_limit_alone = 0 
RTWc_limit_alone = 0 

Commands details: 
total_CMD = 126958 
n_nop = 126425 
Read = 520 
Write = 0 
L2_Alloc = 0 
L2_WB = 0 
n_act = 11 
n_pre = 2 
n_ref = 0 
n_req = 520 
total_req = 520 

Dual Bus Interface Util: 
issued_total_row = 13 
issued_total_col = 520 
Row_Bus_Util =  0.000102 
CoL_Bus_Util = 0.004096 
Either_Row_CoL_Bus_Util = 0.004198 
Issued_on_Two_Bus_Simul_Util = 0.000000 
issued_two_Eff = 0.000000 
queue_avg = 0.001922 


dram_util_bins: 0 0 0 0 0 0 0 0 0 0
dram_eff_bins: 0 0 0 0 0 0 0 0 0 0
mrqq: max=5 avg=0.0019219
Memory Partition 9: 
Cache L2_bank_018:
MSHR contents

Cache L2_bank_019:
MSHR contents

In Dram Latency Queue (total = 0): 
DRAM[9]: 16 bks, busW=16 BL=2 CL=12, tRRD=3 tCCD=1, tRCD=12 tRAS=28 tRP=12 tRC=40
n_cmd=126958 n_nop=126423 n_act=12 n_pre=3 n_ref_event=0 n_req=520 n_rd=520 n_rd_L2_A=0 n_write=0 n_wr_bk=0 bw_util=0.004096
n_activity=5357 dram_eff=0.09707
bk0: 64a 126854i bk1: 64a 126942i bk2: 64a 126946i bk3: 64a 126945i bk4: 64a 126946i bk5: 64a 126946i bk6: 64a 126946i bk7: 64a 126946i bk8: 8a 126946i bk9: 0a 126958i bk10: 0a 126958i bk11: 0a 126958i bk12: 0a 126958i bk13: 0a 126958i bk14: 0a 126958i bk15: 0a 126958i 

------------------------------------------------------------------------

Row_Buffer_Locality = 0.976923
Row_Buffer_Locality_read = 0.976923
Row_Buffer_Locality_write = -nan
Bank_Level_Parallism = 1.006944
Bank_Level_Parallism_Col = 1.007440
Bank_Level_Parallism_Ready = 1.001923
write_to_read_ratio_blp_rw_average = 0.000000
GrpLevelPara = 1.007440 

BW Util details:
bwutil = 0.004096 
total_CMD = 126958 
util_bw = 520 
Wasted_Col = 164 
Wasted_Row = 36 
Idle = 126238 

BW Util Bottlenecks: 
RCDc_limit = 140 
RCDWRc_limit = 0 
WTRc_limit = 0 
RTWc_limit = 0 
CCDLc_limit = 24 
rwq = 0 
CCDLc_limit_alone = 24 
WTRc_limit_alone = 0 
RTWc_limit_alone = 0 

Commands details: 
total_CMD = 126958 
n_nop = 126423 
Read = 520 
Write = 0 
L2_Alloc = 0 
L2_WB = 0 
n_act = 12 
n_pre = 3 
n_ref = 0 
n_req = 520 
total_req = 520 

Dual Bus Interface Util: 
issued_total_row = 15 
issued_total_col = 520 
Row_Bus_Util =  0.000118 
CoL_Bus_Util = 0.004096 
Either_Row_CoL_Bus_Util = 0.004214 
Issued_on_Two_Bus_Simul_Util = 0.000000 
issued_two_Eff = 0.000000 
queue_avg = 0.001693 


dram_util_bins: 0 0 0 0 0 0 0 0 0 0
dram_eff_bins: 0 0 0 0 0 0 0 0 0 0
mrqq: max=3 avg=0.00169347
Memory Partition 10: 
Cache L2_bank_020:
MSHR contents

Cache L2_bank_021:
MSHR contents

In Dram Latency Queue (total = 0): 
DRAM[10]: 16 bks, busW=16 BL=2 CL=12, tRRD=3 tCCD=1, tRCD=12 tRAS=28 tRP=12 tRC=40
n_cmd=126958 n_nop=126423 n_act=12 n_pre=3 n_ref_event=0 n_req=520 n_rd=520 n_rd_L2_A=0 n_write=0 n_wr_bk=0 bw_util=0.004096
n_activity=5452 dram_eff=0.09538
bk0: 64a 126859i bk1: 64a 126940i bk2: 64a 126946i bk3: 64a 126945i bk4: 64a 126946i bk5: 64a 126944i bk6: 64a 126944i bk7: 64a 126945i bk8: 8a 126946i bk9: 0a 126958i bk10: 0a 126958i bk11: 0a 126958i bk12: 0a 126958i bk13: 0a 126958i bk14: 0a 126958i bk15: 0a 126958i 

------------------------------------------------------------------------

Row_Buffer_Locality = 0.976923
Row_Buffer_Locality_read = 0.976923
Row_Buffer_Locality_write = -nan
Bank_Level_Parallism = 1.002759
Bank_Level_Parallism_Col = 1.002954
Bank_Level_Parallism_Ready = 1.000000
write_to_read_ratio_blp_rw_average = 0.000000
GrpLevelPara = 1.002954 

BW Util details:
bwutil = 0.004096 
total_CMD = 126958 
util_bw = 520 
Wasted_Col = 169 
Wasted_Row = 36 
Idle = 126233 

BW Util Bottlenecks: 
RCDc_limit = 142 
RCDWRc_limit = 0 
WTRc_limit = 0 
RTWc_limit = 0 
CCDLc_limit = 27 
rwq = 0 
CCDLc_limit_alone = 27 
WTRc_limit_alone = 0 
RTWc_limit_alone = 0 

Commands details: 
total_CMD = 126958 
n_nop = 126423 
Read = 520 
Write = 0 
L2_Alloc = 0 
L2_WB = 0 
n_act = 12 
n_pre = 3 
n_ref = 0 
n_req = 520 
total_req = 520 

Dual Bus Interface Util: 
issued_total_row = 15 
issued_total_col = 520 
Row_Bus_Util =  0.000118 
CoL_Bus_Util = 0.004096 
Either_Row_CoL_Bus_Util = 0.004214 
Issued_on_Two_Bus_Simul_Util = 0.000000 
issued_two_Eff = 0.000000 
queue_avg = 0.001875 


dram_util_bins: 0 0 0 0 0 0 0 0 0 0
dram_eff_bins: 0 0 0 0 0 0 0 0 0 0
mrqq: max=3 avg=0.00187464
Memory Partition 11: 
Cache L2_bank_022:
MSHR contents

Cache L2_bank_023:
MSHR contents

In Dram Latency Queue (total = 0): 
DRAM[11]: 16 bks, busW=16 BL=2 CL=12, tRRD=3 tCCD=1, tRCD=12 tRAS=28 tRP=12 tRC=40
n_cmd=126958 n_nop=126422 n_act=13 n_pre=4 n_ref_event=0 n_req=520 n_rd=520 n_rd_L2_A=0 n_write=0 n_wr_bk=0 bw_util=0.004096
n_activity=5246 dram_eff=0.09912
bk0: 64a 126836i bk1: 64a 126940i bk2: 64a 126946i bk3: 64a 126944i bk4: 64a 126946i bk5: 64a 126946i bk6: 64a 126945i bk7: 64a 126946i bk8: 8a 126946i bk9: 0a 126958i bk10: 0a 126958i bk11: 0a 126958i bk12: 0a 126958i bk13: 0a 126958i bk14: 0a 126958i bk15: 0a 126958i 

------------------------------------------------------------------------

Row_Buffer_Locality = 0.975000
Row_Buffer_Locality_read = 0.975000
Row_Buffer_Locality_write = -nan
Bank_Level_Parallism = 1.013569
Bank_Level_Parallism_Col = 1.010309
Bank_Level_Parallism_Ready = 1.001923
write_to_read_ratio_blp_rw_average = 0.000000
GrpLevelPara = 1.010309 

BW Util details:
bwutil = 0.004096 
total_CMD = 126958 
util_bw = 520 
Wasted_Col = 171 
Wasted_Row = 46 
Idle = 126221 

BW Util Bottlenecks: 
RCDc_limit = 149 
RCDWRc_limit = 0 
WTRc_limit = 0 
RTWc_limit = 0 
CCDLc_limit = 22 
rwq = 0 
CCDLc_limit_alone = 22 
WTRc_limit_alone = 0 
RTWc_limit_alone = 0 

Commands details: 
total_CMD = 126958 
n_nop = 126422 
Read = 520 
Write = 0 
L2_Alloc = 0 
L2_WB = 0 
n_act = 13 
n_pre = 4 
n_ref = 0 
n_req = 520 
total_req = 520 

Dual Bus Interface Util: 
issued_total_row = 17 
issued_total_col = 520 
Row_Bus_Util =  0.000134 
CoL_Bus_Util = 0.004096 
Either_Row_CoL_Bus_Util = 0.004222 
Issued_on_Two_Bus_Simul_Util = 0.000008 
issued_two_Eff = 0.001866 
queue_avg = 0.002032 


dram_util_bins: 0 0 0 0 0 0 0 0 0 0
dram_eff_bins: 0 0 0 0 0 0 0 0 0 0
mrqq: max=3 avg=0.00203217
Memory Partition 12: 
Cache L2_bank_024:
MSHR contents

Cache L2_bank_025:
MSHR contents

In Dram Latency Queue (total = 0): 
DRAM[12]: 16 bks, busW=16 BL=2 CL=12, tRRD=3 tCCD=1, tRCD=12 tRAS=28 tRP=12 tRC=40
n_cmd=126958 n_nop=126427 n_act=10 n_pre=1 n_ref_event=0 n_req=520 n_rd=520 n_rd_L2_A=0 n_write=0 n_wr_bk=0 bw_util=0.004096
n_activity=5049 dram_eff=0.103
bk0: 64a 126907i bk1: 64a 126936i bk2: 64a 126942i bk3: 64a 126945i bk4: 64a 126946i bk5: 64a 126945i bk6: 64a 126942i bk7: 64a 126946i bk8: 8a 126945i bk9: 0a 126958i bk10: 0a 126958i bk11: 0a 126958i bk12: 0a 126958i bk13: 0a 126958i bk14: 0a 126958i bk15: 0a 126958i 

------------------------------------------------------------------------

Row_Buffer_Locality = 0.980769
Row_Buffer_Locality_read = 0.980769
Row_Buffer_Locality_write = -nan
Bank_Level_Parallism = 1.002916
Bank_Level_Parallism_Col = 1.003012
Bank_Level_Parallism_Ready = 1.000000
write_to_read_ratio_blp_rw_average = 0.000000
GrpLevelPara = 1.003012 

BW Util details:
bwutil = 0.004096 
total_CMD = 126958 
util_bw = 520 
Wasted_Col = 154 
Wasted_Row = 12 
Idle = 126272 

BW Util Bottlenecks: 
RCDc_limit = 118 
RCDWRc_limit = 0 
WTRc_limit = 0 
RTWc_limit = 0 
CCDLc_limit = 36 
rwq = 0 
CCDLc_limit_alone = 36 
WTRc_limit_alone = 0 
RTWc_limit_alone = 0 

Commands details: 
total_CMD = 126958 
n_nop = 126427 
Read = 520 
Write = 0 
L2_Alloc = 0 
L2_WB = 0 
n_act = 10 
n_pre = 1 
n_ref = 0 
n_req = 520 
total_req = 520 

Dual Bus Interface Util: 
issued_total_row = 11 
issued_total_col = 520 
Row_Bus_Util =  0.000087 
CoL_Bus_Util = 0.004096 
Either_Row_CoL_Bus_Util = 0.004182 
Issued_on_Two_Bus_Simul_Util = 0.000000 
issued_two_Eff = 0.000000 
queue_avg = 0.000536 


dram_util_bins: 0 0 0 0 0 0 0 0 0 0
dram_eff_bins: 0 0 0 0 0 0 0 0 0 0
mrqq: max=3 avg=0.00053561
Memory Partition 13: 
Cache L2_bank_026:
MSHR contents

Cache L2_bank_027:
MSHR contents

In Dram Latency Queue (total = 0): 
DRAM[13]: 16 bks, busW=16 BL=2 CL=12, tRRD=3 tCCD=1, tRCD=12 tRAS=28 tRP=12 tRC=40
n_cmd=126958 n_nop=126427 n_act=10 n_pre=1 n_ref_event=0 n_req=520 n_rd=520 n_rd_L2_A=0 n_write=0 n_wr_bk=0 bw_util=0.004096
n_activity=4974 dram_eff=0.1045
bk0: 64a 126911i bk1: 64a 126941i bk2: 64a 126946i bk3: 64a 126946i bk4: 64a 126946i bk5: 64a 126943i bk6: 64a 126945i bk7: 64a 126939i bk8: 8a 126945i bk9: 0a 126958i bk10: 0a 126958i bk11: 0a 126958i bk12: 0a 126958i bk13: 0a 126958i bk14: 0a 126958i bk15: 0a 126958i 

------------------------------------------------------------------------

Row_Buffer_Locality = 0.980769
Row_Buffer_Locality_read = 0.980769
Row_Buffer_Locality_write = -nan
Bank_Level_Parallism = 1.004431
Bank_Level_Parallism_Col = 1.004580
Bank_Level_Parallism_Ready = 1.001923
write_to_read_ratio_blp_rw_average = 0.000000
GrpLevelPara = 1.004580 

BW Util details:
bwutil = 0.004096 
total_CMD = 126958 
util_bw = 520 
Wasted_Col = 145 
Wasted_Row = 12 
Idle = 126281 

BW Util Bottlenecks: 
RCDc_limit = 118 
RCDWRc_limit = 0 
WTRc_limit = 0 
RTWc_limit = 0 
CCDLc_limit = 27 
rwq = 0 
CCDLc_limit_alone = 27 
WTRc_limit_alone = 0 
RTWc_limit_alone = 0 

Commands details: 
total_CMD = 126958 
n_nop = 126427 
Read = 520 
Write = 0 
L2_Alloc = 0 
L2_WB = 0 
n_act = 10 
n_pre = 1 
n_ref = 0 
n_req = 520 
total_req = 520 

Dual Bus Interface Util: 
issued_total_row = 11 
issued_total_col = 520 
Row_Bus_Util =  0.000087 
CoL_Bus_Util = 0.004096 
Either_Row_CoL_Bus_Util = 0.004182 
Issued_on_Two_Bus_Simul_Util = 0.000000 
issued_two_Eff = 0.000000 
queue_avg = 0.000591 


dram_util_bins: 0 0 0 0 0 0 0 0 0 0
dram_eff_bins: 0 0 0 0 0 0 0 0 0 0
mrqq: max=3 avg=0.000590747
Memory Partition 14: 
Cache L2_bank_028:
MSHR contents

Cache L2_bank_029:
MSHR contents

In Dram Latency Queue (total = 0): 
DRAM[14]: 16 bks, busW=16 BL=2 CL=12, tRRD=3 tCCD=1, tRCD=12 tRAS=28 tRP=12 tRC=40
n_cmd=126958 n_nop=126427 n_act=10 n_pre=1 n_ref_event=0 n_req=520 n_rd=520 n_rd_L2_A=0 n_write=0 n_wr_bk=0 bw_util=0.004096
n_activity=5490 dram_eff=0.09472
bk0: 64a 126907i bk1: 64a 126945i bk2: 64a 126944i bk3: 64a 126943i bk4: 64a 126941i bk5: 64a 126946i bk6: 64a 126946i bk7: 64a 126944i bk8: 8a 126946i bk9: 0a 126958i bk10: 0a 126958i bk11: 0a 126958i bk12: 0a 126958i bk13: 0a 126958i bk14: 0a 126958i bk15: 0a 126958i 

------------------------------------------------------------------------

Row_Buffer_Locality = 0.980769
Row_Buffer_Locality_read = 0.980769
Row_Buffer_Locality_write = -nan
Bank_Level_Parallism = 1.001473
Bank_Level_Parallism_Col = 1.001522
Bank_Level_Parallism_Ready = 1.000000
write_to_read_ratio_blp_rw_average = 0.000000
GrpLevelPara = 1.001522 

BW Util details:
bwutil = 0.004096 
total_CMD = 126958 
util_bw = 520 
Wasted_Col = 147 
Wasted_Row = 12 
Idle = 126279 

BW Util Bottlenecks: 
RCDc_limit = 119 
RCDWRc_limit = 0 
WTRc_limit = 0 
RTWc_limit = 0 
CCDLc_limit = 28 
rwq = 0 
CCDLc_limit_alone = 28 
WTRc_limit_alone = 0 
RTWc_limit_alone = 0 

Commands details: 
total_CMD = 126958 
n_nop = 126427 
Read = 520 
Write = 0 
L2_Alloc = 0 
L2_WB = 0 
n_act = 10 
n_pre = 1 
n_ref = 0 
n_req = 520 
total_req = 520 

Dual Bus Interface Util: 
issued_total_row = 11 
issued_total_col = 520 
Row_Bus_Util =  0.000087 
CoL_Bus_Util = 0.004096 
Either_Row_CoL_Bus_Util = 0.004182 
Issued_on_Two_Bus_Simul_Util = 0.000000 
issued_two_Eff = 0.000000 
queue_avg = 0.000496 


dram_util_bins: 0 0 0 0 0 0 0 0 0 0
dram_eff_bins: 0 0 0 0 0 0 0 0 0 0
mrqq: max=3 avg=0.000496227
Memory Partition 15: 
Cache L2_bank_030:
MSHR contents

Cache L2_bank_031:
MSHR contents

In Dram Latency Queue (total = 0): 
DRAM[15]: 16 bks, busW=16 BL=2 CL=12, tRRD=3 tCCD=1, tRCD=12 tRAS=28 tRP=12 tRC=40
n_cmd=126958 n_nop=126427 n_act=10 n_pre=1 n_ref_event=0 n_req=520 n_rd=520 n_rd_L2_A=0 n_write=0 n_wr_bk=0 bw_util=0.004096
n_activity=4953 dram_eff=0.105
bk0: 64a 126908i bk1: 64a 126944i bk2: 64a 126939i bk3: 64a 126945i bk4: 64a 126945i bk5: 64a 126940i bk6: 64a 126945i bk7: 64a 126945i bk8: 8a 126946i bk9: 0a 126958i bk10: 0a 126958i bk11: 0a 126958i bk12: 0a 126958i bk13: 0a 126958i bk14: 0a 126958i bk15: 0a 126958i 

------------------------------------------------------------------------

Row_Buffer_Locality = 0.980769
Row_Buffer_Locality_read = 0.980769
Row_Buffer_Locality_write = -nan
Bank_Level_Parallism = 1.014815
Bank_Level_Parallism_Col = 1.013762
Bank_Level_Parallism_Ready = 1.001923
write_to_read_ratio_blp_rw_average = 0.000000
GrpLevelPara = 1.013762 

BW Util details:
bwutil = 0.004096 
total_CMD = 126958 
util_bw = 520 
Wasted_Col = 143 
Wasted_Row = 12 
Idle = 126283 

BW Util Bottlenecks: 
RCDc_limit = 116 
RCDWRc_limit = 0 
WTRc_limit = 0 
RTWc_limit = 0 
CCDLc_limit = 32 
rwq = 0 
CCDLc_limit_alone = 32 
WTRc_limit_alone = 0 
RTWc_limit_alone = 0 

Commands details: 
total_CMD = 126958 
n_nop = 126427 
Read = 520 
Write = 0 
L2_Alloc = 0 
L2_WB = 0 
n_act = 10 
n_pre = 1 
n_ref = 0 
n_req = 520 
total_req = 520 

Dual Bus Interface Util: 
issued_total_row = 11 
issued_total_col = 520 
Row_Bus_Util =  0.000087 
CoL_Bus_Util = 0.004096 
Either_Row_CoL_Bus_Util = 0.004182 
Issued_on_Two_Bus_Simul_Util = 0.000000 
issued_two_Eff = 0.000000 
queue_avg = 0.000859 


dram_util_bins: 0 0 0 0 0 0 0 0 0 0
dram_eff_bins: 0 0 0 0 0 0 0 0 0 0
mrqq: max=3 avg=0.000858552
Memory Partition 16: 
Cache L2_bank_032:
MSHR contents

Cache L2_bank_033:
MSHR contents

In Dram Latency Queue (total = 0): 
DRAM[16]: 16 bks, busW=16 BL=2 CL=12, tRRD=3 tCCD=1, tRCD=12 tRAS=28 tRP=12 tRC=40
n_cmd=126958 n_nop=126428 n_act=10 n_pre=0 n_ref_event=0 n_req=520 n_rd=520 n_rd_L2_A=0 n_write=0 n_wr_bk=0 bw_util=0.004096
n_activity=5116 dram_eff=0.1016
bk0: 56a 126934i bk1: 64a 126941i bk2: 64a 126946i bk3: 64a 126945i bk4: 64a 126946i bk5: 64a 126943i bk6: 64a 126945i bk7: 64a 126946i bk8: 8a 126946i bk9: 8a 126946i bk10: 0a 126958i bk11: 0a 126958i bk12: 0a 126958i bk13: 0a 126958i bk14: 0a 126958i bk15: 0a 126958i 

------------------------------------------------------------------------

Row_Buffer_Locality = 0.980769
Row_Buffer_Locality_read = 0.980769
Row_Buffer_Locality_write = -nan
Bank_Level_Parallism = 1.027950
Bank_Level_Parallism_Col = 1.025157
Bank_Level_Parallism_Ready = 1.000000
write_to_read_ratio_blp_rw_average = 0.000000
GrpLevelPara = 1.025157 

BW Util details:
bwutil = 0.004096 
total_CMD = 126958 
util_bw = 520 
Wasted_Col = 124 
Wasted_Row = 0 
Idle = 126314 

BW Util Bottlenecks: 
RCDc_limit = 112 
RCDWRc_limit = 0 
WTRc_limit = 0 
RTWc_limit = 0 
CCDLc_limit = 22 
rwq = 0 
CCDLc_limit_alone = 22 
WTRc_limit_alone = 0 
RTWc_limit_alone = 0 

Commands details: 
total_CMD = 126958 
n_nop = 126428 
Read = 520 
Write = 0 
L2_Alloc = 0 
L2_WB = 0 
n_act = 10 
n_pre = 0 
n_ref = 0 
n_req = 520 
total_req = 520 

Dual Bus Interface Util: 
issued_total_row = 10 
issued_total_col = 520 
Row_Bus_Util =  0.000079 
CoL_Bus_Util = 0.004096 
Either_Row_CoL_Bus_Util = 0.004175 
Issued_on_Two_Bus_Simul_Util = 0.000000 
issued_two_Eff = 0.000000 
queue_avg = 0.000386 


dram_util_bins: 0 0 0 0 0 0 0 0 0 0
dram_eff_bins: 0 0 0 0 0 0 0 0 0 0
mrqq: max=3 avg=0.000385954
Memory Partition 17: 
Cache L2_bank_034:
MSHR contents

Cache L2_bank_035:
MSHR contents

In Dram Latency Queue (total = 0): 
DRAM[17]: 16 bks, busW=16 BL=2 CL=12, tRRD=3 tCCD=1, tRCD=12 tRAS=28 tRP=12 tRC=40
n_cmd=126958 n_nop=126428 n_act=10 n_pre=0 n_ref_event=0 n_req=520 n_rd=520 n_rd_L2_A=0 n_write=0 n_wr_bk=0 bw_util=0.004096
n_activity=5195 dram_eff=0.1001
bk0: 56a 126942i bk1: 64a 126944i bk2: 64a 126941i bk3: 64a 126943i bk4: 64a 126944i bk5: 64a 126943i bk6: 64a 126942i bk7: 64a 126944i bk8: 8a 126945i bk9: 8a 126946i bk10: 0a 126958i bk11: 0a 126958i bk12: 0a 126958i bk13: 0a 126958i bk14: 0a 126958i bk15: 0a 126958i 

------------------------------------------------------------------------

Row_Buffer_Locality = 0.980769
Row_Buffer_Locality_read = 0.980769
Row_Buffer_Locality_write = -nan
Bank_Level_Parallism = 1.001504
Bank_Level_Parallism_Col = 1.001527
Bank_Level_Parallism_Ready = 1.000000
write_to_read_ratio_blp_rw_average = 0.000000
GrpLevelPara = 1.001527 

BW Util details:
bwutil = 0.004096 
total_CMD = 126958 
util_bw = 520 
Wasted_Col = 145 
Wasted_Row = 0 
Idle = 126293 

BW Util Bottlenecks: 
RCDc_limit = 119 
RCDWRc_limit = 0 
WTRc_limit = 0 
RTWc_limit = 0 
CCDLc_limit = 26 
rwq = 0 
CCDLc_limit_alone = 26 
WTRc_limit_alone = 0 
RTWc_limit_alone = 0 

Commands details: 
total_CMD = 126958 
n_nop = 126428 
Read = 520 
Write = 0 
L2_Alloc = 0 
L2_WB = 0 
n_act = 10 
n_pre = 0 
n_ref = 0 
n_req = 520 
total_req = 520 

Dual Bus Interface Util: 
issued_total_row = 10 
issued_total_col = 520 
Row_Bus_Util =  0.000079 
CoL_Bus_Util = 0.004096 
Either_Row_CoL_Bus_Util = 0.004175 
Issued_on_Two_Bus_Simul_Util = 0.000000 
issued_two_Eff = 0.000000 
queue_avg = 0.000315 


dram_util_bins: 0 0 0 0 0 0 0 0 0 0
dram_eff_bins: 0 0 0 0 0 0 0 0 0 0
mrqq: max=2 avg=0.000315065
Memory Partition 18: 
Cache L2_bank_036:
MSHR contents

Cache L2_bank_037:
MSHR contents

In Dram Latency Queue (total = 0): 
DRAM[18]: 16 bks, busW=16 BL=2 CL=12, tRRD=3 tCCD=1, tRCD=12 tRAS=28 tRP=12 tRC=40
n_cmd=126958 n_nop=126428 n_act=10 n_pre=0 n_ref_event=0 n_req=520 n_rd=520 n_rd_L2_A=0 n_write=0 n_wr_bk=0 bw_util=0.004096
n_activity=4954 dram_eff=0.105
bk0: 56a 126939i bk1: 64a 126934i bk2: 64a 126946i bk3: 64a 126942i bk4: 64a 126939i bk5: 64a 126946i bk6: 64a 126944i bk7: 64a 126941i bk8: 8a 126946i bk9: 8a 126946i bk10: 0a 126958i bk11: 0a 126958i bk12: 0a 126958i bk13: 0a 126958i bk14: 0a 126958i bk15: 0a 126958i 

------------------------------------------------------------------------

Row_Buffer_Locality = 0.980769
Row_Buffer_Locality_read = 0.980769
Row_Buffer_Locality_write = -nan
Bank_Level_Parallism = 1.011958
Bank_Level_Parallism_Col = 1.010606
Bank_Level_Parallism_Ready = 1.001923
write_to_read_ratio_blp_rw_average = 0.000000
GrpLevelPara = 1.010606 

BW Util details:
bwutil = 0.004096 
total_CMD = 126958 
util_bw = 520 
Wasted_Col = 149 
Wasted_Row = 0 
Idle = 126289 

BW Util Bottlenecks: 
RCDc_limit = 116 
RCDWRc_limit = 0 
WTRc_limit = 0 
RTWc_limit = 0 
CCDLc_limit = 36 
rwq = 0 
CCDLc_limit_alone = 36 
WTRc_limit_alone = 0 
RTWc_limit_alone = 0 

Commands details: 
total_CMD = 126958 
n_nop = 126428 
Read = 520 
Write = 0 
L2_Alloc = 0 
L2_WB = 0 
n_act = 10 
n_pre = 0 
n_ref = 0 
n_req = 520 
total_req = 520 

Dual Bus Interface Util: 
issued_total_row = 10 
issued_total_col = 520 
Row_Bus_Util =  0.000079 
CoL_Bus_Util = 0.004096 
Either_Row_CoL_Bus_Util = 0.004175 
Issued_on_Two_Bus_Simul_Util = 0.000000 
issued_two_Eff = 0.000000 
queue_avg = 0.000717 


dram_util_bins: 0 0 0 0 0 0 0 0 0 0
dram_eff_bins: 0 0 0 0 0 0 0 0 0 0
mrqq: max=3 avg=0.000716772
Memory Partition 19: 
Cache L2_bank_038:
MSHR contents

Cache L2_bank_039:
MSHR contents

In Dram Latency Queue (total = 0): 
DRAM[19]: 16 bks, busW=16 BL=2 CL=12, tRRD=3 tCCD=1, tRCD=12 tRAS=28 tRP=12 tRC=40
n_cmd=126958 n_nop=126428 n_act=10 n_pre=0 n_ref_event=0 n_req=520 n_rd=520 n_rd_L2_A=0 n_write=0 n_wr_bk=0 bw_util=0.004096
n_activity=5137 dram_eff=0.1012
bk0: 56a 126941i bk1: 64a 126943i bk2: 64a 126945i bk3: 64a 126936i bk4: 64a 126945i bk5: 64a 126946i bk6: 64a 126945i bk7: 64a 126946i bk8: 8a 126946i bk9: 8a 126946i bk10: 0a 126958i bk11: 0a 126958i bk12: 0a 126958i bk13: 0a 126958i bk14: 0a 126958i bk15: 0a 126958i 

------------------------------------------------------------------------

Row_Buffer_Locality = 0.980769
Row_Buffer_Locality_read = 0.980769
Row_Buffer_Locality_write = -nan
Bank_Level_Parallism = 1.016923
Bank_Level_Parallism_Col = 1.015601
Bank_Level_Parallism_Ready = 1.003846
write_to_read_ratio_blp_rw_average = 0.000000
GrpLevelPara = 1.015601 

BW Util details:
bwutil = 0.004096 
total_CMD = 126958 
util_bw = 520 
Wasted_Col = 130 
Wasted_Row = 0 
Idle = 126308 

BW Util Bottlenecks: 
RCDc_limit = 115 
RCDWRc_limit = 0 
WTRc_limit = 0 
RTWc_limit = 0 
CCDLc_limit = 19 
rwq = 0 
CCDLc_limit_alone = 19 
WTRc_limit_alone = 0 
RTWc_limit_alone = 0 

Commands details: 
total_CMD = 126958 
n_nop = 126428 
Read = 520 
Write = 0 
L2_Alloc = 0 
L2_WB = 0 
n_act = 10 
n_pre = 0 
n_ref = 0 
n_req = 520 
total_req = 520 

Dual Bus Interface Util: 
issued_total_row = 10 
issued_total_col = 520 
Row_Bus_Util =  0.000079 
CoL_Bus_Util = 0.004096 
Either_Row_CoL_Bus_Util = 0.004175 
Issued_on_Two_Bus_Simul_Util = 0.000000 
issued_two_Eff = 0.000000 
queue_avg = 0.000654 


dram_util_bins: 0 0 0 0 0 0 0 0 0 0
dram_eff_bins: 0 0 0 0 0 0 0 0 0 0
mrqq: max=3 avg=0.00065376
Memory Partition 20: 
Cache L2_bank_040:
MSHR contents

Cache L2_bank_041:
MSHR contents

In Dram Latency Queue (total = 0): 
DRAM[20]: 16 bks, busW=16 BL=2 CL=12, tRRD=3 tCCD=1, tRCD=12 tRAS=28 tRP=12 tRC=40
n_cmd=126958 n_nop=126428 n_act=10 n_pre=0 n_ref_event=0 n_req=520 n_rd=520 n_rd_L2_A=0 n_write=0 n_wr_bk=0 bw_util=0.004096
n_activity=5068 dram_eff=0.1026
bk0: 56a 126936i bk1: 64a 126939i bk2: 64a 126946i bk3: 64a 126944i bk4: 64a 126945i bk5: 64a 126942i bk6: 64a 126944i bk7: 64a 126944i bk8: 8a 126946i bk9: 8a 126946i bk10: 0a 126958i bk11: 0a 126958i bk12: 0a 126958i bk13: 0a 126958i bk14: 0a 126958i bk15: 0a 126958i 

------------------------------------------------------------------------

Row_Buffer_Locality = 0.980769
Row_Buffer_Locality_read = 0.980769
Row_Buffer_Locality_write = -nan
Bank_Level_Parallism = 1.016743
Bank_Level_Parallism_Col = 1.015432
Bank_Level_Parallism_Ready = 1.000000
write_to_read_ratio_blp_rw_average = 0.000000
GrpLevelPara = 1.015432 

BW Util details:
bwutil = 0.004096 
total_CMD = 126958 
util_bw = 520 
Wasted_Col = 137 
Wasted_Row = 0 
Idle = 126301 

BW Util Bottlenecks: 
RCDc_limit = 115 
RCDWRc_limit = 0 
WTRc_limit = 0 
RTWc_limit = 0 
CCDLc_limit = 28 
rwq = 0 
CCDLc_limit_alone = 28 
WTRc_limit_alone = 0 
RTWc_limit_alone = 0 

Commands details: 
total_CMD = 126958 
n_nop = 126428 
Read = 520 
Write = 0 
L2_Alloc = 0 
L2_WB = 0 
n_act = 10 
n_pre = 0 
n_ref = 0 
n_req = 520 
total_req = 520 

Dual Bus Interface Util: 
issued_total_row = 10 
issued_total_col = 520 
Row_Bus_Util =  0.000079 
CoL_Bus_Util = 0.004096 
Either_Row_CoL_Bus_Util = 0.004175 
Issued_on_Two_Bus_Simul_Util = 0.000000 
issued_two_Eff = 0.000000 
queue_avg = 0.000835 


dram_util_bins: 0 0 0 0 0 0 0 0 0 0
dram_eff_bins: 0 0 0 0 0 0 0 0 0 0
mrqq: max=4 avg=0.000834922
Memory Partition 21: 
Cache L2_bank_042:
MSHR contents

Cache L2_bank_043:
MSHR contents

In Dram Latency Queue (total = 0): 
DRAM[21]: 16 bks, busW=16 BL=2 CL=12, tRRD=3 tCCD=1, tRCD=12 tRAS=28 tRP=12 tRC=40
n_cmd=126958 n_nop=126418 n_act=11 n_pre=1 n_ref_event=0 n_req=528 n_rd=528 n_rd_L2_A=0 n_write=0 n_wr_bk=0 bw_util=0.004159
n_activity=5041 dram_eff=0.1047
bk0: 64a 126914i bk1: 64a 126939i bk2: 64a 126944i bk3: 64a 126945i bk4: 64a 126943i bk5: 64a 126945i bk6: 64a 126940i bk7: 64a 126942i bk8: 8a 126946i bk9: 8a 126945i bk10: 0a 126958i bk11: 0a 126958i bk12: 0a 126958i bk13: 0a 126958i bk14: 0a 126958i bk15: 0a 126958i 

------------------------------------------------------------------------

Row_Buffer_Locality = 0.979167
Row_Buffer_Locality_read = 0.979167
Row_Buffer_Locality_write = -nan
Bank_Level_Parallism = 1.029197
Bank_Level_Parallism_Col = 1.025641
Bank_Level_Parallism_Ready = 1.007576
write_to_read_ratio_blp_rw_average = 0.000000
GrpLevelPara = 1.025641 

BW Util details:
bwutil = 0.004159 
total_CMD = 126958 
util_bw = 528 
Wasted_Col = 145 
Wasted_Row = 12 
Idle = 126273 

BW Util Bottlenecks: 
RCDc_limit = 126 
RCDWRc_limit = 0 
WTRc_limit = 0 
RTWc_limit = 0 
CCDLc_limit = 27 
rwq = 0 
CCDLc_limit_alone = 27 
WTRc_limit_alone = 0 
RTWc_limit_alone = 0 

Commands details: 
total_CMD = 126958 
n_nop = 126418 
Read = 528 
Write = 0 
L2_Alloc = 0 
L2_WB = 0 
n_act = 11 
n_pre = 1 
n_ref = 0 
n_req = 528 
total_req = 528 

Dual Bus Interface Util: 
issued_total_row = 12 
issued_total_col = 528 
Row_Bus_Util =  0.000095 
CoL_Bus_Util = 0.004159 
Either_Row_CoL_Bus_Util = 0.004253 
Issued_on_Two_Bus_Simul_Util = 0.000000 
issued_two_Eff = 0.000000 
queue_avg = 0.001260 


dram_util_bins: 0 0 0 0 0 0 0 0 0 0
dram_eff_bins: 0 0 0 0 0 0 0 0 0 0
mrqq: max=3 avg=0.00126026
Memory Partition 22: 
Cache L2_bank_044:
MSHR contents

Cache L2_bank_045:
MSHR contents

In Dram Latency Queue (total = 0): 
DRAM[22]: 16 bks, busW=16 BL=2 CL=12, tRRD=3 tCCD=1, tRCD=12 tRAS=28 tRP=12 tRC=40
n_cmd=126958 n_nop=126428 n_act=10 n_pre=0 n_ref_event=0 n_req=520 n_rd=520 n_rd_L2_A=0 n_write=0 n_wr_bk=0 bw_util=0.004096
n_activity=5045 dram_eff=0.1031
bk0: 56a 126939i bk1: 64a 126939i bk2: 64a 126946i bk3: 64a 126940i bk4: 64a 126941i bk5: 64a 126944i bk6: 64a 126943i bk7: 64a 126946i bk8: 8a 126945i bk9: 8a 126945i bk10: 0a 126958i bk11: 0a 126958i bk12: 0a 126958i bk13: 0a 126958i bk14: 0a 126958i bk15: 0a 126958i 

------------------------------------------------------------------------

Row_Buffer_Locality = 0.980769
Row_Buffer_Locality_read = 0.980769
Row_Buffer_Locality_write = -nan
Bank_Level_Parallism = 1.009009
Bank_Level_Parallism_Col = 1.009146
Bank_Level_Parallism_Ready = 1.000000
write_to_read_ratio_blp_rw_average = 0.000000
GrpLevelPara = 1.009146 

BW Util details:
bwutil = 0.004096 
total_CMD = 126958 
util_bw = 520 
Wasted_Col = 146 
Wasted_Row = 0 
Idle = 126292 

BW Util Bottlenecks: 
RCDc_limit = 115 
RCDWRc_limit = 0 
WTRc_limit = 0 
RTWc_limit = 0 
CCDLc_limit = 32 
rwq = 0 
CCDLc_limit_alone = 32 
WTRc_limit_alone = 0 
RTWc_limit_alone = 0 

Commands details: 
total_CMD = 126958 
n_nop = 126428 
Read = 520 
Write = 0 
L2_Alloc = 0 
L2_WB = 0 
n_act = 10 
n_pre = 0 
n_ref = 0 
n_req = 520 
total_req = 520 

Dual Bus Interface Util: 
issued_total_row = 10 
issued_total_col = 520 
Row_Bus_Util =  0.000079 
CoL_Bus_Util = 0.004096 
Either_Row_CoL_Bus_Util = 0.004175 
Issued_on_Two_Bus_Simul_Util = 0.000000 
issued_two_Eff = 0.000000 
queue_avg = 0.000449 


dram_util_bins: 0 0 0 0 0 0 0 0 0 0
dram_eff_bins: 0 0 0 0 0 0 0 0 0 0
mrqq: max=3 avg=0.000448967
Memory Partition 23: 
Cache L2_bank_046:
MSHR contents

Cache L2_bank_047:
MSHR contents

In Dram Latency Queue (total = 0): 
DRAM[23]: 16 bks, busW=16 BL=2 CL=12, tRRD=3 tCCD=1, tRCD=12 tRAS=28 tRP=12 tRC=40
n_cmd=126958 n_nop=126428 n_act=10 n_pre=0 n_ref_event=0 n_req=520 n_rd=520 n_rd_L2_A=0 n_write=0 n_wr_bk=0 bw_util=0.004096
n_activity=5029 dram_eff=0.1034
bk0: 56a 126941i bk1: 64a 126936i bk2: 64a 126946i bk3: 64a 126946i bk4: 64a 126945i bk5: 64a 126944i bk6: 64a 126944i bk7: 64a 126946i bk8: 8a 126945i bk9: 8a 126945i bk10: 0a 126958i bk11: 0a 126958i bk12: 0a 126958i bk13: 0a 126958i bk14: 0a 126958i bk15: 0a 126958i 

------------------------------------------------------------------------

Row_Buffer_Locality = 0.980769
Row_Buffer_Locality_read = 0.980769
Row_Buffer_Locality_write = -nan
Bank_Level_Parallism = 1.034375
Bank_Level_Parallism_Col = 1.031646
Bank_Level_Parallism_Ready = 1.001923
write_to_read_ratio_blp_rw_average = 0.000000
GrpLevelPara = 1.031646 

BW Util details:
bwutil = 0.004096 
total_CMD = 126958 
util_bw = 520 
Wasted_Col = 120 
Wasted_Row = 0 
Idle = 126318 

BW Util Bottlenecks: 
RCDc_limit = 114 
RCDWRc_limit = 0 
WTRc_limit = 0 
RTWc_limit = 0 
CCDLc_limit = 21 
rwq = 0 
CCDLc_limit_alone = 21 
WTRc_limit_alone = 0 
RTWc_limit_alone = 0 

Commands details: 
total_CMD = 126958 
n_nop = 126428 
Read = 520 
Write = 0 
L2_Alloc = 0 
L2_WB = 0 
n_act = 10 
n_pre = 0 
n_ref = 0 
n_req = 520 
total_req = 520 

Dual Bus Interface Util: 
issued_total_row = 10 
issued_total_col = 520 
Row_Bus_Util =  0.000079 
CoL_Bus_Util = 0.004096 
Either_Row_CoL_Bus_Util = 0.004175 
Issued_on_Two_Bus_Simul_Util = 0.000000 
issued_two_Eff = 0.000000 
queue_avg = 0.000536 


dram_util_bins: 0 0 0 0 0 0 0 0 0 0
dram_eff_bins: 0 0 0 0 0 0 0 0 0 0
mrqq: max=3 avg=0.00053561
Memory Partition 24: 
Cache L2_bank_048:
MSHR contents

Cache L2_bank_049:
MSHR contents

In Dram Latency Queue (total = 0): 
DRAM[24]: 16 bks, busW=16 BL=2 CL=12, tRRD=3 tCCD=1, tRCD=12 tRAS=28 tRP=12 tRC=40
n_cmd=126958 n_nop=126418 n_act=11 n_pre=1 n_ref_event=0 n_req=528 n_rd=528 n_rd_L2_A=0 n_write=0 n_wr_bk=0 bw_util=0.004159
n_activity=5118 dram_eff=0.1032
bk0: 64a 126904i bk1: 64a 126934i bk2: 64a 126942i bk3: 64a 126946i bk4: 64a 126945i bk5: 64a 126946i bk6: 64a 126946i bk7: 64a 126942i bk8: 8a 126945i bk9: 8a 126946i bk10: 0a 126958i bk11: 0a 126958i bk12: 0a 126958i bk13: 0a 126958i bk14: 0a 126958i bk15: 0a 126958i 

------------------------------------------------------------------------

Row_Buffer_Locality = 0.979167
Row_Buffer_Locality_read = 0.979167
Row_Buffer_Locality_write = -nan
Bank_Level_Parallism = 1.005650
Bank_Level_Parallism_Col = 1.005839
Bank_Level_Parallism_Ready = 1.001894
write_to_read_ratio_blp_rw_average = 0.000000
GrpLevelPara = 1.005839 

BW Util details:
bwutil = 0.004159 
total_CMD = 126958 
util_bw = 528 
Wasted_Col = 168 
Wasted_Row = 12 
Idle = 126250 

BW Util Bottlenecks: 
RCDc_limit = 129 
RCDWRc_limit = 0 
WTRc_limit = 0 
RTWc_limit = 0 
CCDLc_limit = 39 
rwq = 0 
CCDLc_limit_alone = 39 
WTRc_limit_alone = 0 
RTWc_limit_alone = 0 

Commands details: 
total_CMD = 126958 
n_nop = 126418 
Read = 528 
Write = 0 
L2_Alloc = 0 
L2_WB = 0 
n_act = 11 
n_pre = 1 
n_ref = 0 
n_req = 528 
total_req = 528 

Dual Bus Interface Util: 
issued_total_row = 12 
issued_total_col = 528 
Row_Bus_Util =  0.000095 
CoL_Bus_Util = 0.004159 
Either_Row_CoL_Bus_Util = 0.004253 
Issued_on_Two_Bus_Simul_Util = 0.000000 
issued_two_Eff = 0.000000 
queue_avg = 0.001150 


dram_util_bins: 0 0 0 0 0 0 0 0 0 0
dram_eff_bins: 0 0 0 0 0 0 0 0 0 0
mrqq: max=3 avg=0.00114999
Memory Partition 25: 
Cache L2_bank_050:
MSHR contents

Cache L2_bank_051:
MSHR contents

In Dram Latency Queue (total = 0): 
DRAM[25]: 16 bks, busW=16 BL=2 CL=12, tRRD=3 tCCD=1, tRCD=12 tRAS=28 tRP=12 tRC=40
n_cmd=126958 n_nop=126418 n_act=11 n_pre=1 n_ref_event=0 n_req=528 n_rd=528 n_rd_L2_A=0 n_write=0 n_wr_bk=0 bw_util=0.004159
n_activity=5299 dram_eff=0.09964
bk0: 64a 126916i bk1: 64a 126941i bk2: 64a 126946i bk3: 64a 126945i bk4: 64a 126946i bk5: 64a 126945i bk6: 64a 126941i bk7: 64a 126945i bk8: 8a 126946i bk9: 8a 126945i bk10: 0a 126958i bk11: 0a 126958i bk12: 0a 126958i bk13: 0a 126958i bk14: 0a 126958i bk15: 0a 126958i 

------------------------------------------------------------------------

Row_Buffer_Locality = 0.979167
Row_Buffer_Locality_read = 0.979167
Row_Buffer_Locality_write = -nan
Bank_Level_Parallism = 1.029762
Bank_Level_Parallism_Col = 1.027650
Bank_Level_Parallism_Ready = 1.001894
write_to_read_ratio_blp_rw_average = 0.000000
GrpLevelPara = 1.027650 

BW Util details:
bwutil = 0.004159 
total_CMD = 126958 
util_bw = 528 
Wasted_Col = 132 
Wasted_Row = 12 
Idle = 126286 

BW Util Bottlenecks: 
RCDc_limit = 128 
RCDWRc_limit = 0 
WTRc_limit = 0 
RTWc_limit = 0 
CCDLc_limit = 19 
rwq = 0 
CCDLc_limit_alone = 19 
WTRc_limit_alone = 0 
RTWc_limit_alone = 0 

Commands details: 
total_CMD = 126958 
n_nop = 126418 
Read = 528 
Write = 0 
L2_Alloc = 0 
L2_WB = 0 
n_act = 11 
n_pre = 1 
n_ref = 0 
n_req = 528 
total_req = 528 

Dual Bus Interface Util: 
issued_total_row = 12 
issued_total_col = 528 
Row_Bus_Util =  0.000095 
CoL_Bus_Util = 0.004159 
Either_Row_CoL_Bus_Util = 0.004253 
Issued_on_Two_Bus_Simul_Util = 0.000000 
issued_two_Eff = 0.000000 
queue_avg = 0.000764 


dram_util_bins: 0 0 0 0 0 0 0 0 0 0
dram_eff_bins: 0 0 0 0 0 0 0 0 0 0
mrqq: max=3 avg=0.000764032
Memory Partition 26: 
Cache L2_bank_052:
MSHR contents

Cache L2_bank_053:
MSHR contents

In Dram Latency Queue (total = 0): 
DRAM[26]: 16 bks, busW=16 BL=2 CL=12, tRRD=3 tCCD=1, tRCD=12 tRAS=28 tRP=12 tRC=40
n_cmd=126958 n_nop=126418 n_act=11 n_pre=1 n_ref_event=0 n_req=528 n_rd=528 n_rd_L2_A=0 n_write=0 n_wr_bk=0 bw_util=0.004159
n_activity=5370 dram_eff=0.09832
bk0: 64a 126909i bk1: 64a 126942i bk2: 64a 126946i bk3: 64a 126945i bk4: 64a 126945i bk5: 64a 126942i bk6: 64a 126945i bk7: 64a 126945i bk8: 8a 126945i bk9: 8a 126945i bk10: 0a 126958i bk11: 0a 126958i bk12: 0a 126958i bk13: 0a 126958i bk14: 0a 126958i bk15: 0a 126958i 

------------------------------------------------------------------------

Row_Buffer_Locality = 0.979167
Row_Buffer_Locality_read = 0.979167
Row_Buffer_Locality_write = -nan
Bank_Level_Parallism = 1.007205
Bank_Level_Parallism_Col = 1.007452
Bank_Level_Parallism_Ready = 1.001894
write_to_read_ratio_blp_rw_average = 0.000000
GrpLevelPara = 1.007452 

BW Util details:
bwutil = 0.004159 
total_CMD = 126958 
util_bw = 528 
Wasted_Col = 154 
Wasted_Row = 12 
Idle = 126264 

BW Util Bottlenecks: 
RCDc_limit = 128 
RCDWRc_limit = 0 
WTRc_limit = 0 
RTWc_limit = 0 
CCDLc_limit = 26 
rwq = 0 
CCDLc_limit_alone = 26 
WTRc_limit_alone = 0 
RTWc_limit_alone = 0 

Commands details: 
total_CMD = 126958 
n_nop = 126418 
Read = 528 
Write = 0 
L2_Alloc = 0 
L2_WB = 0 
n_act = 11 
n_pre = 1 
n_ref = 0 
n_req = 528 
total_req = 528 

Dual Bus Interface Util: 
issued_total_row = 12 
issued_total_col = 528 
Row_Bus_Util =  0.000095 
CoL_Bus_Util = 0.004159 
Either_Row_CoL_Bus_Util = 0.004253 
Issued_on_Two_Bus_Simul_Util = 0.000000 
issued_two_Eff = 0.000000 
queue_avg = 0.001024 


dram_util_bins: 0 0 0 0 0 0 0 0 0 0
dram_eff_bins: 0 0 0 0 0 0 0 0 0 0
mrqq: max=3 avg=0.00102396
Memory Partition 27: 
Cache L2_bank_054:
MSHR contents

Cache L2_bank_055:
MSHR contents

In Dram Latency Queue (total = 0): 
DRAM[27]: 16 bks, busW=16 BL=2 CL=12, tRRD=3 tCCD=1, tRCD=12 tRAS=28 tRP=12 tRC=40
n_cmd=126958 n_nop=126418 n_act=11 n_pre=1 n_ref_event=0 n_req=528 n_rd=528 n_rd_L2_A=0 n_write=0 n_wr_bk=0 bw_util=0.004159
n_activity=5140 dram_eff=0.1027
bk0: 64a 126914i bk1: 64a 126939i bk2: 64a 126944i bk3: 64a 126945i bk4: 64a 126946i bk5: 64a 126945i bk6: 64a 126939i bk7: 64a 126946i bk8: 8a 126946i bk9: 8a 126946i bk10: 0a 126958i bk11: 0a 126958i bk12: 0a 126958i bk13: 0a 126958i bk14: 0a 126958i bk15: 0a 126958i 

------------------------------------------------------------------------

Row_Buffer_Locality = 0.979167
Row_Buffer_Locality_read = 0.979167
Row_Buffer_Locality_write = -nan
Bank_Level_Parallism = 1.034074
Bank_Level_Parallism_Col = 1.032110
Bank_Level_Parallism_Ready = 1.000000
write_to_read_ratio_blp_rw_average = 0.000000
GrpLevelPara = 1.032110 

BW Util details:
bwutil = 0.004159 
total_CMD = 126958 
util_bw = 528 
Wasted_Col = 135 
Wasted_Row = 12 
Idle = 126283 

BW Util Bottlenecks: 
RCDc_limit = 123 
RCDWRc_limit = 0 
WTRc_limit = 0 
RTWc_limit = 0 
CCDLc_limit = 26 
rwq = 0 
CCDLc_limit_alone = 26 
WTRc_limit_alone = 0 
RTWc_limit_alone = 0 

Commands details: 
total_CMD = 126958 
n_nop = 126418 
Read = 528 
Write = 0 
L2_Alloc = 0 
L2_WB = 0 
n_act = 11 
n_pre = 1 
n_ref = 0 
n_req = 528 
total_req = 528 

Dual Bus Interface Util: 
issued_total_row = 12 
issued_total_col = 528 
Row_Bus_Util =  0.000095 
CoL_Bus_Util = 0.004159 
Either_Row_CoL_Bus_Util = 0.004253 
Issued_on_Two_Bus_Simul_Util = 0.000000 
issued_two_Eff = 0.000000 
queue_avg = 0.000859 


dram_util_bins: 0 0 0 0 0 0 0 0 0 0
dram_eff_bins: 0 0 0 0 0 0 0 0 0 0
mrqq: max=3 avg=0.000858552
Memory Partition 28: 
Cache L2_bank_056:
MSHR contents

Cache L2_bank_057:
MSHR contents

In Dram Latency Queue (total = 0): 
DRAM[28]: 16 bks, busW=16 BL=2 CL=12, tRRD=3 tCCD=1, tRCD=12 tRAS=28 tRP=12 tRC=40
n_cmd=126958 n_nop=126418 n_act=11 n_pre=1 n_ref_event=0 n_req=528 n_rd=528 n_rd_L2_A=0 n_write=0 n_wr_bk=0 bw_util=0.004159
n_activity=5324 dram_eff=0.09917
bk0: 64a 126907i bk1: 64a 126938i bk2: 64a 126946i bk3: 64a 126944i bk4: 64a 126945i bk5: 64a 126939i bk6: 64a 126942i bk7: 64a 126946i bk8: 8a 126946i bk9: 8a 126945i bk10: 0a 126958i bk11: 0a 126958i bk12: 0a 126958i bk13: 0a 126958i bk14: 0a 126958i bk15: 0a 126958i 

------------------------------------------------------------------------

Row_Buffer_Locality = 0.979167
Row_Buffer_Locality_read = 0.979167
Row_Buffer_Locality_write = -nan
Bank_Level_Parallism = 1.042584
Bank_Level_Parallism_Col = 1.036309
Bank_Level_Parallism_Ready = 1.000000
write_to_read_ratio_blp_rw_average = 0.000000
GrpLevelPara = 1.036309 

BW Util details:
bwutil = 0.004159 
total_CMD = 126958 
util_bw = 528 
Wasted_Col = 141 
Wasted_Row = 12 
Idle = 126277 

BW Util Bottlenecks: 
RCDc_limit = 122 
RCDWRc_limit = 0 
WTRc_limit = 0 
RTWc_limit = 0 
CCDLc_limit = 36 
rwq = 0 
CCDLc_limit_alone = 36 
WTRc_limit_alone = 0 
RTWc_limit_alone = 0 

Commands details: 
total_CMD = 126958 
n_nop = 126418 
Read = 528 
Write = 0 
L2_Alloc = 0 
L2_WB = 0 
n_act = 11 
n_pre = 1 
n_ref = 0 
n_req = 528 
total_req = 528 

Dual Bus Interface Util: 
issued_total_row = 12 
issued_total_col = 528 
Row_Bus_Util =  0.000095 
CoL_Bus_Util = 0.004159 
Either_Row_CoL_Bus_Util = 0.004253 
Issued_on_Two_Bus_Simul_Util = 0.000000 
issued_two_Eff = 0.000000 
queue_avg = 0.000835 


dram_util_bins: 0 0 0 0 0 0 0 0 0 0
dram_eff_bins: 0 0 0 0 0 0 0 0 0 0
mrqq: max=3 avg=0.000834922
Memory Partition 29: 
Cache L2_bank_058:
MSHR contents

Cache L2_bank_059:
MSHR contents

In Dram Latency Queue (total = 0): 
DRAM[29]: 16 bks, busW=16 BL=2 CL=12, tRRD=3 tCCD=1, tRCD=12 tRAS=28 tRP=12 tRC=40
n_cmd=126958 n_nop=126418 n_act=11 n_pre=1 n_ref_event=0 n_req=528 n_rd=528 n_rd_L2_A=0 n_write=0 n_wr_bk=0 bw_util=0.004159
n_activity=5280 dram_eff=0.1
bk0: 64a 126913i bk1: 64a 126938i bk2: 64a 126946i bk3: 64a 126943i bk4: 64a 126942i bk5: 64a 126945i bk6: 64a 126942i bk7: 64a 126945i bk8: 8a 126945i bk9: 8a 126946i bk10: 0a 126958i bk11: 0a 126958i bk12: 0a 126958i bk13: 0a 126958i bk14: 0a 126958i bk15: 0a 126958i 

------------------------------------------------------------------------

Row_Buffer_Locality = 0.979167
Row_Buffer_Locality_read = 0.979167
Row_Buffer_Locality_write = -nan
Bank_Level_Parallism = 1.004286
Bank_Level_Parallism_Col = 1.004431
Bank_Level_Parallism_Ready = 1.000000
write_to_read_ratio_blp_rw_average = 0.000000
GrpLevelPara = 1.004431 

BW Util details:
bwutil = 0.004159 
total_CMD = 126958 
util_bw = 528 
Wasted_Col = 160 
Wasted_Row = 12 
Idle = 126258 

BW Util Bottlenecks: 
RCDc_limit = 129 
RCDWRc_limit = 0 
WTRc_limit = 0 
RTWc_limit = 0 
CCDLc_limit = 31 
rwq = 0 
CCDLc_limit_alone = 31 
WTRc_limit_alone = 0 
RTWc_limit_alone = 0 

Commands details: 
total_CMD = 126958 
n_nop = 126418 
Read = 528 
Write = 0 
L2_Alloc = 0 
L2_WB = 0 
n_act = 11 
n_pre = 1 
n_ref = 0 
n_req = 528 
total_req = 528 

Dual Bus Interface Util: 
issued_total_row = 12 
issued_total_col = 528 
Row_Bus_Util =  0.000095 
CoL_Bus_Util = 0.004159 
Either_Row_CoL_Bus_Util = 0.004253 
Issued_on_Two_Bus_Simul_Util = 0.000000 
issued_two_Eff = 0.000000 
queue_avg = 0.001126 


dram_util_bins: 0 0 0 0 0 0 0 0 0 0
dram_eff_bins: 0 0 0 0 0 0 0 0 0 0
mrqq: max=3 avg=0.00112636
Memory Partition 30: 
Cache L2_bank_060:
MSHR contents

Cache L2_bank_061:
MSHR contents

In Dram Latency Queue (total = 0): 
DRAM[30]: 16 bks, busW=16 BL=2 CL=12, tRRD=3 tCCD=1, tRCD=12 tRAS=28 tRP=12 tRC=40
n_cmd=126958 n_nop=126418 n_act=11 n_pre=1 n_ref_event=0 n_req=528 n_rd=528 n_rd_L2_A=0 n_write=0 n_wr_bk=0 bw_util=0.004159
n_activity=5078 dram_eff=0.104
bk0: 64a 126912i bk1: 64a 126935i bk2: 64a 126945i bk3: 64a 126945i bk4: 64a 126941i bk5: 64a 126944i bk6: 64a 126944i bk7: 64a 126942i bk8: 8a 126945i bk9: 8a 126946i bk10: 0a 126958i bk11: 0a 126958i bk12: 0a 126958i bk13: 0a 126958i bk14: 0a 126958i bk15: 0a 126958i 

------------------------------------------------------------------------

Row_Buffer_Locality = 0.979167
Row_Buffer_Locality_read = 0.979167
Row_Buffer_Locality_write = -nan
Bank_Level_Parallism = 1.012857
Bank_Level_Parallism_Col = 1.011799
Bank_Level_Parallism_Ready = 1.001894
write_to_read_ratio_blp_rw_average = 0.000000
GrpLevelPara = 1.011799 

BW Util details:
bwutil = 0.004159 
total_CMD = 126958 
util_bw = 528 
Wasted_Col = 160 
Wasted_Row = 12 
Idle = 126258 

BW Util Bottlenecks: 
RCDc_limit = 127 
RCDWRc_limit = 0 
WTRc_limit = 0 
RTWc_limit = 0 
CCDLc_limit = 36 
rwq = 0 
CCDLc_limit_alone = 36 
WTRc_limit_alone = 0 
RTWc_limit_alone = 0 

Commands details: 
total_CMD = 126958 
n_nop = 126418 
Read = 528 
Write = 0 
L2_Alloc = 0 
L2_WB = 0 
n_act = 11 
n_pre = 1 
n_ref = 0 
n_req = 528 
total_req = 528 

Dual Bus Interface Util: 
issued_total_row = 12 
issued_total_col = 528 
Row_Bus_Util =  0.000095 
CoL_Bus_Util = 0.004159 
Either_Row_CoL_Bus_Util = 0.004253 
Issued_on_Two_Bus_Simul_Util = 0.000000 
issued_two_Eff = 0.000000 
queue_avg = 0.001229 


dram_util_bins: 0 0 0 0 0 0 0 0 0 0
dram_eff_bins: 0 0 0 0 0 0 0 0 0 0
mrqq: max=4 avg=0.00122875
Memory Partition 31: 
Cache L2_bank_062:
MSHR contents

Cache L2_bank_063:
MSHR contents

In Dram Latency Queue (total = 0): 
DRAM[31]: 16 bks, busW=16 BL=2 CL=12, tRRD=3 tCCD=1, tRCD=12 tRAS=28 tRP=12 tRC=40
n_cmd=126958 n_nop=126418 n_act=11 n_pre=1 n_ref_event=0 n_req=528 n_rd=528 n_rd_L2_A=0 n_write=0 n_wr_bk=0 bw_util=0.004159
n_activity=5287 dram_eff=0.09987
bk0: 64a 126913i bk1: 64a 126940i bk2: 64a 126944i bk3: 64a 126946i bk4: 64a 126937i bk5: 64a 126945i bk6: 64a 126945i bk7: 64a 126945i bk8: 8a 126945i bk9: 8a 126946i bk10: 0a 126958i bk11: 0a 126958i bk12: 0a 126958i bk13: 0a 126958i bk14: 0a 126958i bk15: 0a 126958i 

------------------------------------------------------------------------

Row_Buffer_Locality = 0.979167
Row_Buffer_Locality_read = 0.979167
Row_Buffer_Locality_write = -nan
Bank_Level_Parallism = 1.012987
Bank_Level_Parallism_Col = 1.011922
Bank_Level_Parallism_Ready = 1.001894
write_to_read_ratio_blp_rw_average = 0.000000
GrpLevelPara = 1.011922 

BW Util details:
bwutil = 0.004159 
total_CMD = 126958 
util_bw = 528 
Wasted_Col = 153 
Wasted_Row = 12 
Idle = 126265 

BW Util Bottlenecks: 
RCDc_limit = 129 
RCDWRc_limit = 0 
WTRc_limit = 0 
RTWc_limit = 0 
CCDLc_limit = 29 
rwq = 0 
CCDLc_limit_alone = 29 
WTRc_limit_alone = 0 
RTWc_limit_alone = 0 

Commands details: 
total_CMD = 126958 
n_nop = 126418 
Read = 528 
Write = 0 
L2_Alloc = 0 
L2_WB = 0 
n_act = 11 
n_pre = 1 
n_ref = 0 
n_req = 528 
total_req = 528 

Dual Bus Interface Util: 
issued_total_row = 12 
issued_total_col = 528 
Row_Bus_Util =  0.000095 
CoL_Bus_Util = 0.004159 
Either_Row_CoL_Bus_Util = 0.004253 
Issued_on_Two_Bus_Simul_Util = 0.000000 
issued_two_Eff = 0.000000 
queue_avg = 0.000819 


dram_util_bins: 0 0 0 0 0 0 0 0 0 0
dram_eff_bins: 0 0 0 0 0 0 0 0 0 0
mrqq: max=3 avg=0.000819169

========= L2 cache stats =========
L2_cache_bank[0]: Access = 512, Miss = 264, Miss_rate = 0.516, Pending_hits = 0, Reservation_fails = 0
L2_cache_bank[1]: Access = 536, Miss = 272, Miss_rate = 0.507, Pending_hits = 0, Reservation_fails = 0
L2_cache_bank[2]: Access = 512, Miss = 264, Miss_rate = 0.516, Pending_hits = 0, Reservation_fails = 0
L2_cache_bank[3]: Access = 536, Miss = 272, Miss_rate = 0.507, Pending_hits = 0, Reservation_fails = 0
L2_cache_bank[4]: Access = 512, Miss = 264, Miss_rate = 0.516, Pending_hits = 0, Reservation_fails = 0
L2_cache_bank[5]: Access = 536, Miss = 272, Miss_rate = 0.507, Pending_hits = 0, Reservation_fails = 0
L2_cache_bank[6]: Access = 512, Miss = 264, Miss_rate = 0.516, Pending_hits = 0, Reservation_fails = 0
L2_cache_bank[7]: Access = 536, Miss = 272, Miss_rate = 0.507, Pending_hits = 0, Reservation_fails = 0
L2_cache_bank[8]: Access = 512, Miss = 264, Miss_rate = 0.516, Pending_hits = 0, Reservation_fails = 0
L2_cache_bank[9]: Access = 528, Miss = 264, Miss_rate = 0.500, Pending_hits = 0, Reservation_fails = 0
L2_cache_bank[10]: Access = 512, Miss = 264, Miss_rate = 0.516, Pending_hits = 0, Reservation_fails = 0
L2_cache_bank[11]: Access = 528, Miss = 264, Miss_rate = 0.500, Pending_hits = 0, Reservation_fails = 0
L2_cache_bank[12]: Access = 512, Miss = 264, Miss_rate = 0.516, Pending_hits = 0, Reservation_fails = 0
L2_cache_bank[13]: Access = 536, Miss = 272, Miss_rate = 0.507, Pending_hits = 0, Reservation_fails = 0
L2_cache_bank[14]: Access = 512, Miss = 264, Miss_rate = 0.516, Pending_hits = 0, Reservation_fails = 0
L2_cache_bank[15]: Access = 532, Miss = 268, Miss_rate = 0.504, Pending_hits = 0, Reservation_fails = 0
L2_cache_bank[16]: Access = 512, Miss = 264, Miss_rate = 0.516, Pending_hits = 0, Reservation_fails = 0
L2_cache_bank[17]: Access = 536, Miss = 272, Miss_rate = 0.507, Pending_hits = 0, Reservation_fails = 0
L2_cache_bank[18]: Access = 512, Miss = 264, Miss_rate = 0.516, Pending_hits = 0, Reservation_fails = 0
L2_cache_bank[19]: Access = 536, Miss = 272, Miss_rate = 0.507, Pending_hits = 0, Reservation_fails = 0
L2_cache_bank[20]: Access = 512, Miss = 264, Miss_rate = 0.516, Pending_hits = 0, Reservation_fails = 0
L2_cache_bank[21]: Access = 536, Miss = 272, Miss_rate = 0.507, Pending_hits = 0, Reservation_fails = 0
L2_cache_bank[22]: Access = 512, Miss = 264, Miss_rate = 0.516, Pending_hits = 0, Reservation_fails = 0
L2_cache_bank[23]: Access = 536, Miss = 272, Miss_rate = 0.507, Pending_hits = 0, Reservation_fails = 0
L2_cache_bank[24]: Access = 512, Miss = 264, Miss_rate = 0.516, Pending_hits = 0, Reservation_fails = 0
L2_cache_bank[25]: Access = 536, Miss = 272, Miss_rate = 0.507, Pending_hits = 0, Reservation_fails = 0
L2_cache_bank[26]: Access = 512, Miss = 264, Miss_rate = 0.516, Pending_hits = 0, Reservation_fails = 0
L2_cache_bank[27]: Access = 536, Miss = 272, Miss_rate = 0.507, Pending_hits = 0, Reservation_fails = 0
L2_cache_bank[28]: Access = 512, Miss = 264, Miss_rate = 0.516, Pending_hits = 0, Reservation_fails = 0
L2_cache_bank[29]: Access = 536, Miss = 272, Miss_rate = 0.507, Pending_hits = 0, Reservation_fails = 0
L2_cache_bank[30]: Access = 512, Miss = 264, Miss_rate = 0.516, Pending_hits = 0, Reservation_fails = 0
L2_cache_bank[31]: Access = 536, Miss = 272, Miss_rate = 0.507, Pending_hits = 0, Reservation_fails = 0
L2_cache_bank[32]: Access = 520, Miss = 264, Miss_rate = 0.508, Pending_hits = 0, Reservation_fails = 0
L2_cache_bank[33]: Access = 528, Miss = 264, Miss_rate = 0.500, Pending_hits = 0, Reservation_fails = 0
L2_cache_bank[34]: Access = 520, Miss = 264, Miss_rate = 0.508, Pending_hits = 0, Reservation_fails = 0
L2_cache_bank[35]: Access = 528, Miss = 264, Miss_rate = 0.500, Pending_hits = 0, Reservation_fails = 0
L2_cache_bank[36]: Access = 520, Miss = 264, Miss_rate = 0.508, Pending_hits = 0, Reservation_fails = 0
L2_cache_bank[37]: Access = 528, Miss = 264, Miss_rate = 0.500, Pending_hits = 0, Reservation_fails = 0
L2_cache_bank[38]: Access = 520, Miss = 264, Miss_rate = 0.508, Pending_hits = 0, Reservation_fails = 0
L2_cache_bank[39]: Access = 528, Miss = 264, Miss_rate = 0.500, Pending_hits = 0, Reservation_fails = 0
L2_cache_bank[40]: Access = 520, Miss = 264, Miss_rate = 0.508, Pending_hits = 0, Reservation_fails = 0
L2_cache_bank[41]: Access = 528, Miss = 264, Miss_rate = 0.500, Pending_hits = 0, Reservation_fails = 0
L2_cache_bank[42]: Access = 520, Miss = 264, Miss_rate = 0.508, Pending_hits = 0, Reservation_fails = 0
L2_cache_bank[43]: Access = 536, Miss = 272, Miss_rate = 0.507, Pending_hits = 0, Reservation_fails = 0
L2_cache_bank[44]: Access = 520, Miss = 264, Miss_rate = 0.508, Pending_hits = 0, Reservation_fails = 0
L2_cache_bank[45]: Access = 528, Miss = 264, Miss_rate = 0.500, Pending_hits = 0, Reservation_fails = 0
L2_cache_bank[46]: Access = 520, Miss = 264, Miss_rate = 0.508, Pending_hits = 0, Reservation_fails = 0
L2_cache_bank[47]: Access = 528, Miss = 264, Miss_rate = 0.500, Pending_hits = 0, Reservation_fails = 0
L2_cache_bank[48]: Access = 520, Miss = 264, Miss_rate = 0.508, Pending_hits = 0, Reservation_fails = 0
L2_cache_bank[49]: Access = 536, Miss = 272, Miss_rate = 0.507, Pending_hits = 0, Reservation_fails = 0
L2_cache_bank[50]: Access = 520, Miss = 264, Miss_rate = 0.508, Pending_hits = 0, Reservation_fails = 0
L2_cache_bank[51]: Access = 536, Miss = 272, Miss_rate = 0.507, Pending_hits = 0, Reservation_fails = 0
L2_cache_bank[52]: Access = 520, Miss = 264, Miss_rate = 0.508, Pending_hits = 0, Reservation_fails = 0
L2_cache_bank[53]: Access = 536, Miss = 272, Miss_rate = 0.507, Pending_hits = 0, Reservation_fails = 0
L2_cache_bank[54]: Access = 520, Miss = 264, Miss_rate = 0.508, Pending_hits = 0, Reservation_fails = 0
L2_cache_bank[55]: Access = 536, Miss = 272, Miss_rate = 0.507, Pending_hits = 0, Reservation_fails = 0
L2_cache_bank[56]: Access = 516, Miss = 264, Miss_rate = 0.512, Pending_hits = 0, Reservation_fails = 0
L2_cache_bank[57]: Access = 536, Miss = 272, Miss_rate = 0.507, Pending_hits = 0, Reservation_fails = 0
L2_cache_bank[58]: Access = 520, Miss = 264, Miss_rate = 0.508, Pending_hits = 0, Reservation_fails = 0
L2_cache_bank[59]: Access = 536, Miss = 272, Miss_rate = 0.507, Pending_hits = 0, Reservation_fails = 0
L2_cache_bank[60]: Access = 520, Miss = 264, Miss_rate = 0.508, Pending_hits = 0, Reservation_fails = 0
L2_cache_bank[61]: Access = 536, Miss = 272, Miss_rate = 0.507, Pending_hits = 0, Reservation_fails = 0
L2_cache_bank[62]: Access = 520, Miss = 264, Miss_rate = 0.508, Pending_hits = 0, Reservation_fails = 0
L2_cache_bank[63]: Access = 536, Miss = 272, Miss_rate = 0.507, Pending_hits = 0, Reservation_fails = 0
L2_total_cache_accesses = 33584
L2_total_cache_misses = 17076
L2_total_cache_miss_rate = 0.5085
L2_total_cache_pending_hits = 0
L2_total_cache_reservation_fails = 0
L2_total_cache_breakdown:
	L2_cache_stats_breakdown[GLOBAL_ACC_R][HIT] = 16508
	L2_cache_stats_breakdown[GLOBAL_ACC_R][HIT_RESERVED] = 0
	L2_cache_stats_breakdown[GLOBAL_ACC_R][MISS] = 4128
	L2_cache_stats_breakdown[GLOBAL_ACC_R][RESERVATION_FAIL] = 0
	L2_cache_stats_breakdown[GLOBAL_ACC_R][SECTOR_MISS] = 12384
	L2_cache_stats_breakdown[GLOBAL_ACC_R][MSHR_HIT] = 0
	L2_cache_stats_breakdown[LOCAL_ACC_R][HIT] = 0
	L2_cache_stats_breakdown[LOCAL_ACC_R][HIT_RESERVED] = 0
	L2_cache_stats_breakdown[LOCAL_ACC_R][MISS] = 0
	L2_cache_stats_breakdown[LOCAL_ACC_R][RESERVATION_FAIL] = 0
	L2_cache_stats_breakdown[LOCAL_ACC_R][SECTOR_MISS] = 0
	L2_cache_stats_breakdown[LOCAL_ACC_R][MSHR_HIT] = 0
	L2_cache_stats_breakdown[CONST_ACC_R][HIT] = 0
	L2_cache_stats_breakdown[CONST_ACC_R][HIT_RESERVED] = 0
	L2_cache_stats_breakdown[CONST_ACC_R][MISS] = 0
	L2_cache_stats_breakdown[CONST_ACC_R][RESERVATION_FAIL] = 0
	L2_cache_stats_breakdown[CONST_ACC_R][SECTOR_MISS] = 0
	L2_cache_stats_breakdown[CONST_ACC_R][MSHR_HIT] = 0
	L2_cache_stats_breakdown[TEXTURE_ACC_R][HIT] = 0
	L2_cache_stats_breakdown[TEXTURE_ACC_R][HIT_RESERVED] = 0
	L2_cache_stats_breakdown[TEXTURE_ACC_R][MISS] = 0
	L2_cache_stats_breakdown[TEXTURE_ACC_R][RESERVATION_FAIL] = 0
	L2_cache_stats_breakdown[TEXTURE_ACC_R][SECTOR_MISS] = 0
	L2_cache_stats_breakdown[TEXTURE_ACC_R][MSHR_HIT] = 0
	L2_cache_stats_breakdown[GLOBAL_ACC_W][HIT] = 0
	L2_cache_stats_breakdown[GLOBAL_ACC_W][HIT_RESERVED] = 0
	L2_cache_stats_breakdown[GLOBAL_ACC_W][MISS] = 96
	L2_cache_stats_breakdown[GLOBAL_ACC_W][RESERVATION_FAIL] = 0
	L2_cache_stats_breakdown[GLOBAL_ACC_W][SECTOR_MISS] = 288
	L2_cache_stats_breakdown[GLOBAL_ACC_W][MSHR_HIT] = 0
	L2_cache_stats_breakdown[LOCAL_ACC_W][HIT] = 0
	L2_cache_stats_breakdown[LOCAL_ACC_W][HIT_RESERVED] = 0
	L2_cache_stats_breakdown[LOCAL_ACC_W][MISS] = 0
	L2_cache_stats_breakdown[LOCAL_ACC_W][RESERVATION_FAIL] = 0
	L2_cache_stats_breakdown[LOCAL_ACC_W][SECTOR_MISS] = 0
	L2_cache_stats_breakdown[LOCAL_ACC_W][MSHR_HIT] = 0
	L2_cache_stats_breakdown[L1_WRBK_ACC][HIT] = 0
	L2_cache_stats_breakdown[L1_WRBK_ACC][HIT_RESERVED] = 0
	L2_cache_stats_breakdown[L1_WRBK_ACC][MISS] = 0
	L2_cache_stats_breakdown[L1_WRBK_ACC][RESERVATION_FAIL] = 0
	L2_cache_stats_breakdown[L1_WRBK_ACC][SECTOR_MISS] = 0
	L2_cache_stats_breakdown[L1_WRBK_ACC][MSHR_HIT] = 0
	L2_cache_stats_breakdown[L2_WRBK_ACC][HIT] = 0
	L2_cache_stats_breakdown[L2_WRBK_ACC][HIT_RESERVED] = 0
	L2_cache_stats_breakdown[L2_WRBK_ACC][MISS] = 0
	L2_cache_stats_breakdown[L2_WRBK_ACC][RESERVATION_FAIL] = 0
	L2_cache_stats_breakdown[L2_WRBK_ACC][SECTOR_MISS] = 0
	L2_cache_stats_breakdown[L2_WRBK_ACC][MSHR_HIT] = 0
	L2_cache_stats_breakdown[INST_ACC_R][HIT] = 0
	L2_cache_stats_breakdown[INST_ACC_R][HIT_RESERVED] = 0
	L2_cache_stats_breakdown[INST_ACC_R][MISS] = 45
	L2_cache_stats_breakdown[INST_ACC_R][RESERVATION_FAIL] = 0
	L2_cache_stats_breakdown[INST_ACC_R][SECTOR_MISS] = 135
	L2_cache_stats_breakdown[INST_ACC_R][MSHR_HIT] = 0
	L2_cache_stats_breakdown[L1_WR_ALLOC_R][HIT] = 0
	L2_cache_stats_breakdown[L1_WR_ALLOC_R][HIT_RESERVED] = 0
	L2_cache_stats_breakdown[L1_WR_ALLOC_R][MISS] = 0
	L2_cache_stats_breakdown[L1_WR_ALLOC_R][RESERVATION_FAIL] = 0
	L2_cache_stats_breakdown[L1_WR_ALLOC_R][SECTOR_MISS] = 0
	L2_cache_stats_breakdown[L1_WR_ALLOC_R][MSHR_HIT] = 0
	L2_cache_stats_breakdown[L2_WR_ALLOC_R][HIT] = 0
	L2_cache_stats_breakdown[L2_WR_ALLOC_R][HIT_RESERVED] = 0
	L2_cache_stats_breakdown[L2_WR_ALLOC_R][MISS] = 0
	L2_cache_stats_breakdown[L2_WR_ALLOC_R][RESERVATION_FAIL] = 0
	L2_cache_stats_breakdown[L2_WR_ALLOC_R][SECTOR_MISS] = 0
	L2_cache_stats_breakdown[L2_WR_ALLOC_R][MSHR_HIT] = 0
	L2_cache_stats_breakdown[GLOBAL_ACC_R][TOTAL_ACCESS] = 33020
	L2_cache_stats_breakdown[GLOBAL_ACC_W][TOTAL_ACCESS] = 384
	L2_cache_stats_breakdown[INST_ACC_R][TOTAL_ACCESS] = 180
L2_total_cache_reservation_fail_breakdown:
L2_cache_data_port_util = 0.002
L2_cache_fill_port_util = 0.002

icnt_total_pkts_mem_to_simt=33584
icnt_total_pkts_simt_to_mem=33449
LD_mem_lat_dist  0 0 0 0 0 0 0 0 0 0 0 0 0 0 0 0 0 0 0 0 0 0 0 0 0 0 0
ST_mem_lat_dist  0 0 0 0 0 0 0 0 0 0 0 0 0 0 0 0 0 0 0 0 0 0 0 0 0 0 0
----------------------------Interconnect-DETAILS--------------------------------
Req_Network_injected_packets_num = 33449
Req_Network_cycles = 169079
Req_Network_injected_packets_per_cycle =       0.1978 
Req_Network_conflicts_per_cycle =       0.0000
Req_Network_conflicts_per_cycle_util =       0.0000
Req_Bank_Level_Parallism =       1.0000
Req_Network_in_buffer_full_per_cycle =       0.0000
Req_Network_in_buffer_avg_util =       0.0001
Req_Network_out_buffer_full_per_cycle =       0.0000
Req_Network_out_buffer_avg_util =       0.0031

Reply_Network_injected_packets_num = 33584
Reply_Network_cycles = 169079
Reply_Network_injected_packets_per_cycle =        0.1986
Reply_Network_conflicts_per_cycle =        0.3357
Reply_Network_conflicts_per_cycle_util =       1.6903
Reply_Bank_Level_Parallism =       1.0000
Reply_Network_in_buffer_full_per_cycle =       0.0000
Reply_Network_in_buffer_avg_util =       0.0071
Reply_Network_out_buffer_full_per_cycle =       0.0000
Reply_Network_out_buffer_avg_util =       0.0025
----------------------------END-of-Interconnect-DETAILS-------------------------


gpgpu_simulation_time = 0 days, 0 hrs, 0 min, 20 sec (20 sec)
gpgpu_simulation_rate = 463104 (inst/sec)
gpgpu_simulation_rate = 8453 (cycle/sec)
gpgpu_silicon_slowdown = 133916x
GPGPU-Sim: *** simulation thread exiting ***
GPGPU-Sim: *** exit detected ***
